全国地方公共団体コード,ID,地方公共団体名,名称,名称_カナ,名称_英語,所在地_全国地方公共団体コード,町字ID,所在地_連結表記,所在地_都道府県,所在地_市区町村,所在地_町字,所在地_番地以下,建物名等(方書),設置位置,緯度,経度,高度の種別,高度の値,男性トイレ総数,男性トイレ数（小便器）,男性トイレ数（和式）,男性トイレ数（洋式）,女性トイレ総数,女性トイレ数（和式）,女性トイレ数（洋式）,男女共用トイレ総数,男女共用トイレ数（和式）,男女共用トイレ数（洋式）,バリアフリートイレ数,車椅子使用者用トイレ有無,乳幼児用設備設置トイレ有無,オストメイト設置トイレ有無,利用開始時間,利用終了時間,利用可能時間特記事項,画像,画像_ライセンス,備考
132098,,町田市,相原中央公園（管理棟内）,,,132098,,東京都町田市相原町2018,東京都,町田市,相原町,2018,,,35.60931825,139.3196688,,,,,,,,,,,,,,有,有,無,8:30,21:00,,,,
132098,,町田市,相原中央公園（作業棟側）,,,132098,,東京都町田市相原町2018,東京都,町田市,相原町,2018,,,35.60951415,139.3198017,,,,,,,,,,,,,,有,有,無,8:00,21:00,,,,
132098,,町田市,相原中央公園（芝生広場）,,,132098,,東京都町田市相原町2018,東京都,町田市,相原町,2018,,,35.60933497,139.3196646,,,,,,,,,,,,,,有,有,有,6:00,21:00,ベビーチェア、多目的シート,,,
132098,,町田市,Nature Factory 東京町田,,,132098,,東京都町田市相原町5307-2,東京都,町田市,相原町,7-Feb,,,35.6122812,139.2765802,,,,,,,,,,,,,,有,無,無,8:30,17:15,定休日：第１・第３火曜日及び祝日の翌日、3月26日～4月7日、7月21日～8月31日は無休,,,
132098,,町田市,堺市民センター,,,132098,,東京都町田市相原町795-1,東京都,町田市,相原町,795-1,,,35.60430536,139.3333318,,,,,,,,,,,,,,有,有,有,8:00,22:00,定休日：年末年始(12/29～1/3)。ベビーチェア,,,
132098,,町田市,尾根緑道内第２便所,,,132098,,東京都町田市小山が丘1-11,東京都,町田市,小山が丘,1月11日,,,35.59763649,139.387157,,,,,,,,,,,,,,有,有,無,8:00,17:30,,,,
132098,,町田市,小山上沼公園,,,132098,,東京都町田市小山が丘3-1-1,東京都,町田市,小山が丘,2003/1/1,,,35.5989315,139.3805601,,,,,,,,,,,,,,有,有,無,8:00,21:00,,,,
132098,,町田市,三ツ目山公園,,,132098,,東京都町田市小山が丘5-38,東京都,町田市,小山が丘,5-38,,,35.60590505,139.3540712,,,,,,,,,,,,,,有,有,無,8:00,17:30,,,,
132098,,町田市,小山白山公園,,,132098,,東京都町田市小山が丘5-4,東京都,町田市,小山が丘,5月4日,,,35.60279467,139.3644451,,,,,,,,,,,,,,有,有,無,8:00,17:30,,,,
132098,,町田市,小山市民センター,,,132098,,東京都町田市小山町2507-1,東京都,町田市,小山町,7-Jan,,,35.59714835,139.36902,,,,,,,,,,,,,,有,有,有,8:30,22:00,定休日：12/29～1/3。ベビーチェア・多目的シート,,,
132098,,町田市,谷戸池公園,,,132098,,東京都町田市小山田桜台1-19-1,東京都,町田市,小山田桜台,1-19-1,,,35.5881534,139.40188,,,,,,,,,,,,,,有,有,無,8:00,17:30,一般トイレは24時間使用可,,,
132098,,町田市,上小山田町バイオトイレ,,,132098,,東京都町田市上小山田町1851-2内,東京都,町田市,上小山田町,1851-2内,,,35.60206977,139.395559,,,,,,,,,,,,,,無,無,無,,,3月～10月 8:00～17:00、11月～2月 8:00～16:00,,,
132098,,町田市,上小山田コミュニティセンター,,,132098,,東京都町田市上小山田町2616-2,東京都,町田市,上小山田町,16-Feb,,,35.59484071,139.3983522,,,,,,,,,,,,,,有,無,無,9:00,22:00,貸出施設利用者がいる場合のみ開放。定休日：第３月曜日・年末年始,,,
132098,,町田市,木曽森野コミュニティセンター,,,132098,,東京都町田市木曽東1-2,東京都,町田市,木曽東,1月2日,,,35.55513015,139.4285798,,,,,,,,,,,,,,有,有,無,8:30,22:00,定休日：第2水曜日、おむつ交換用のベビーベッド,,,
132098,,町田市,教育センター,,,132098,,東京都町田市木曽東3-1-3,東京都,町田市,木曽東,2003/1/3,,,35.55972889,139.4240379,,,,,,,,,,,,,,有,有,無,8:30,17:00,定休日：土・日・祝日・年末年始。ベビーベッド、ベビーチェア,,,
132098,,町田市,下小山田山王林公園,,,132098,,東京都町田市下小山田町2805,東京都,町田市,下小山田町,2805,,,35.59225855,139.4074595,,,,,,,,,,,,,,無,有,無,8:00,17:30,,,,
132098,,町田市,町田市バイオエネルギーセンター,,,132098,,東京都町田市下小山田町3160,東京都,町田市,下小山田町,3160,,,35.58777258,139.4109448,,,,,,,,,,,,,,有,有,有,8:15,17:00,定休日：年末年始。ベビーチェア、ベビーベッド、大型ベッド,,,
132098,,町田市,土木・公園サービスセンター,,,132098,,東京都町田市下小山田町3267-4,東京都,町田市,下小山田町,Apr-67,,,35.58528811,139.4090985,,,,,,,,,,,,,,有,無,無,8:30,17:00,定休日：土・日・祝日・年末年始,,,
132098,,町田市,忠生スポーツ公園,,,132098,,東京都町田市下小山田町3337-1,東京都,町田市,下小山田町,Jan-37,,,35.59707143,139.4147426,,,,,,,,,,,,,,有,有,有,6:00,21:00,ベビーチェア、大型ベッド,,,
132098,,町田市,下小山田町バイオトイレ,,,132098,,東京都町田市下小山田町1200-2内,東京都,町田市,下小山田町,1200-2内,,,35.59720408,139.4223803,,,,,,,,,,,,,,無,無,無,,,3月～10月 8:00～17:00、11月～2月 8:00～16:00,,,
132098,,町田市,町田市立室内プール,,,132098,,東京都町田市図師町199-1,東京都,町田市,図師町,199-1,,,35.58639266,139.4140035,,,,,,,,,,,,,,有,有,有,9:00,21:00,定休日：第1・第3月曜日（祝日の場合は翌日）※但し7月21日から8月31日までは無休。ベビーチェア、オムツ替え台,,,
132098,,町田市,室内プール（温浴施設棟）,,,132098,,東京都町田市図師町199-1,東京都,町田市,図師町,199-1,,,35.58630765,139.4138148,,,,,,,,,,,,,,有,有,有,10:00,21:00,定休日：第1・第3月曜日（祝日の場合は翌日）※但し7月21日から8月31日までは無休。ベビーチェア,,,
132098,,町田市,忠生公園（忠生口トイレ）,,,132098,,東京都町田市忠生1-3-1,東京都,町田市,忠生,2001/3/1,,,35.57372166,139.4226101,,,,,,,,,,,,,,有,有,無,6:00,18:00,5月～8月 6:00～19:00,,,
132098,,町田市,忠生公園（木曽口トイレ）,,,132098,,東京都町田市忠生1-3-1,東京都,町田市,忠生,2001/3/1,,,35.57210544,139.4225113,,,,,,,,,,,,,,有,有,無,6:00,18:00,5月～8月 6:00～19:00,,,
132098,,町田市,忠生市民センター,,,132098,,東京都町田市忠生3-14-2,東京都,町田市,忠生,3-14-2,,,35.57851191,139.4158638,,,,,,,,,,,,,,有,有,有,8:30,22:00,定休日：年末年始。大人用折りたたみベッド、ベビーチェアー,,,
132098,,町田市,尾根緑道内第一公共トイレ,,,132098,,東京都町田市常盤町3434-2,東京都,町田市,常盤町,Feb-34,,,35.58682185,139.402443,,,,,,,,,,,,,,有,無,無,8:00,17:30,利用時間以外は閉鎖　,,,
132098,,町田市,根岸公園,,,132098,,東京都町田市根岸1-16-1,東京都,町田市,根岸,1-16-1,,,35.57130622,139.4126627,,,,,,,,,,,,,,有,有,無,8:00,17:30,,,,
132098,,町田市,本町田後田公園,,,132098,,東京都町田市本町田2339-1,東京都,町田市,本町田,Jan-39,,,35.56556105,139.4425696,,,,,,,,,,,,,,有,無,無,9:00,21:00,,,,
132098,,町田市,忠生公園（がにやら自然館内）,,,132098,,東京都町田市山崎町1804-1,東京都,町田市,山崎町,1804-1,,,35.57298742,139.4241924,,,,,,,,,,,,,,有,有,無,9:00,16:30,定休日：月曜日（祝日の場合は翌日),,,
132098,,町田市,木曽山崎図書館,,,132098,,東京都町田市山崎町2160,東京都,町田市,山崎町,2160,,,35.56838416,139.4367322,,,,,,,,,,,,,,有,有,無,,,火・水・金 10:00～18:00木・土・日・祝 10:00～17:00。定休日：月曜日・第2木曜日、月曜日が祝日のときは開館第２木曜日が祝日のときは翌日休み。ベビーチェア,,,
132098,,町田市,木曽山崎コミュニティセンター,,,132098,,東京都町田市山崎町2160-4,東京都,町田市,山崎町,Apr-60,,,35.56859933,139.4366123,,,,,,,,,,,,,,有,有,有,8:30,22:00,定休日：第2月曜日、年末年始（12/29～1/3）赤ちゃんふらっと,,,
132098,,町田市,町田中央公園①（バックネット側）,,,132098,,東京都町田市旭町3-20-60,東京都,町田市,旭町,3-20-60,,,35.55611667,139.4459031,,,,,,,,,,,,,,無,有,無,6:00,19:30,定休日：年末年始,,,
132098,,町田市,町田中央公園③（サン町田旭体育館1F）,,,132098,,東京都町田市旭町3-20-60,東京都,町田市,旭町,3-20-60,,,35.55696686,139.4471737,,,,,,,,,,,,,,有,無,無,9:00,21:00,定休日：年末年始、第1・第3月曜日（休日の場合は翌日）,,,
132098,,町田市,町田中央公園④（サン町田旭体育館2F多目的室横）,,,132098,,東京都町田市旭町3-20-60,東京都,町田市,旭町,3-20-60,,,35.55696686,139.4471737,,,,,,,,,,,,,,有,無,無,9:00,21:00,定休日：年末年始、第1・第3月曜日（休日の場合は翌日）,,,
132098,,町田市,町田中央公園⑤（サン町田旭体育館2F会議室横）,,,132098,,東京都町田市旭町3-20-60,東京都,町田市,旭町,3-20-60,,,35.55696686,139.4471737,,,,,,,,,,,,,,無,無,無,9:00,21:00,定休日：年末年始、第1・第3月曜日（休日の場合は翌日）,,,
132098,,町田市,松葉公園,,,132098,,東京都町田市高ヶ坂7-1043,東京都,町田市,高ヶ坂,7-1043,,,35.53766286,139.4654651,,,,,,,,,,,,,,無,有,無,0:00,23:59,,,,
132098,,町田市,玉川学園コミュニティセンター,,,132098,,東京都町田市玉川学園2-19-12,東京都,町田市,玉川学園,2-19-12,,,35.56373092,139.4627289,,,,,,,,,,,,,,有,有,有,8:30,22:00,定休日：祝日の第３月曜日、年末年始（12/29～1/3）。ベビーチェア,,,
132098,,町田市,町田シバヒロ,,,132098,,東京都町田市中町1-20-23,東京都,町田市,中町,1-20-23,,,35.54822334,139.447122,,,,,,,,,,,,,,有,有,有,8:00,19:00,定休日：不定休。おむつ交換台。全面占用利用時はトイレの利用ができない場合がある。,,,
132098,,町田市,さるびあ図書館,,,132098,,東京都町田市中町2-13-23,東京都,町田市,中町,2-13-23,,,35.55136772,139.4441454,,,,,,,,,,,,,,有,無,無,,,火・水・金 10:00～18:00、木・土・日・祝 10:00～17:00。定休日：月曜日・第2木曜日、月曜日が祝日のときは開館、第２木曜日が祝日のときは翌日休み。,,,
132098,,町田市,町田市保健所,,,132098,,東京都町田市中町2-13-3,東京都,町田市,中町,2-13-3,,,35.55121958,139.4437069,,,,,,,,,,,,,,有,有,無,8:30,17:00,定休日：土曜日・日曜日・祝日・年末年始（12/29～1/3）。ベビーチェア。,,,
132098,,町田市,原町田青空ひろば,,,132098,,東京都町田市原町田1-27,東京都,町田市,原町田,1月27日,,,35.5369899,139.4491748,,,,,,,,,,,,,,有,有,無,8:30,17:30,6～8月 8:30～18:30。,,,
132098,,町田市,原町田一丁目駐車場,,,132098,,東京都町田市原町田1-6-21,東京都,町田市,原町田,2001/6/21,,,35.54050928,139.4475692,,,,,,,,,,,,,,無,無,無,9:00,17:00,,,,
132098,,町田市,町田ターミナルプラザ,,,132098,,東京都町田市原町田3-1-4,東京都,町田市,原町田,2003/1/4,,,35.54035593,139.4492485,,,,,,,,,,,,,,有,有,有,5:00,23:30,管理棟併設.多目的シート（おむつ替え等）,,,
132098,,町田市,中央図書館,,,132098,,東京都町田市原町田3-2-9,東京都,町田市,原町田,2003/2/9,,,35.5403913,139.4501544,,,,,,,,,,,,,,有,有,有,,,火・水・金 10:00～20:00、木・土・日・祝 10:00～17:00。定休日：月曜日・第2木曜日、月曜日が祝日のときは開館、第２木曜日が祝日のときは翌日休みベビーベッド・ベビーチェア、多目的シート,,,
132098,,町田市,町田市文化交流センター,,,132098,,東京都町田市原町田4-1-14,東京都,町田市,原町田,2004/1/14,,,35.54093763,139.4481321,,,,,,,,,,,,,,有,無,無,9:00,17:30,定休日：1月1日、臨時休館日あり（年末年始等）。,,,
132098,,町田市,町田市民文学館ことばらんど,,,132098,,東京都町田市原町田4-16-17,東京都,町田市,原町田,4-16-17,,,35.54259031,139.4515229,,,,,,,,,,,,,,有,有,有,9:00,22:00,定休日：月曜日・第2木曜日、月曜日が祝日のときは開館、第２木曜日が祝日のときは翌日休み。ベビーベッド・ベビーチェア,,,
132098,,町田市,町田市せりがや会館,,,132098,,東京都町田市原町田4-26-4,東京都,町田市,原町田,4-26-4,,,35.54450784,139.4531667,,,,,,,,,,,,,,有,無,無,8:30,21:00,定休日：第3日曜日。多目的ベッド,,,
132098,,町田市,国際版画美術館,,,132098,,東京都町田市原町田4-28-1,東京都,町田市,原町田,4-28-1,,,35.54401651,139.4553386,,,,,,,,,,,,,,有,無,無,,,火・水・木・金 10:00～17:00土・日・祝 10:00～17:30。定休日：月曜日（祝日のときは翌日）,,,
132098,,町田市,町田市民フォーラム,,,132098,,東京都町田市原町田4-9-8,東京都,町田市,原町田,2004/9/8,,,35.54174822,139.4499238,,,,,,,,,,,,,,有,有,無,8:30,22:00,定休日：第3水曜日。ベビーシート、ベビーチェア,,,
132098,,町田市,芹ヶ谷公園（虹と水の広場）,,,132098,,東京都町田市原町田5-16,東京都,町田市,原町田,5月16日,,,35.54544614,139.4550658,,,,,,,,,,,,,,有,有,有,8:30,17:30,,,,
132098,,町田市,芹ヶ谷公園（芹ヶ谷グラウンド）,,,132098,,東京都町田市原町田5-16,東京都,町田市,原町田,5月16日,,,35.5471564,139.4551366,,,,,,,,,,,,,,有,有,有,6:00,18:00,6月～8月 6:00～19:00,,,
132098,,町田市,芹ヶ谷公園（小田急線側）,,,132098,,東京都町田市原町田5-1679,東京都,町田市,原町田,5-1679,,,35.54834149,139.4511683,,,,,,,,,,,,,,有,有,無,6:00,18:00,6月～8月 6:00～19:00,,,
132098,,町田市,健康福祉会館,,,132098,,東京都町田市原町田5-8-21,東京都,町田市,原町田,2005/8/21,,,35.54609523,139.4499542,,,,,,,,,,,,,,有,有,有,9:00,22:00,定休日：年末年始。ベビーシート、大人用ベット、ベビーチェアあり,,,
132098,,町田市,町田駅前公共トイレ,,,132098,,東京都町田市原町田6-1-11ルミネ町田脇,東京都,町田市,原町田,2006/1/11,ルミネ町田脇,,35.54184621,139.4464663,,,,,,,,,,,,,,有,無,無,6:30,23:00,利用時間以外は閉鎖,,,
132098,,町田市,原町田わかば公園,,,132098,,東京都町田市原町田6-27-3,東京都,町田市,原町田,6-27-3,,,35.54541891,139.4482203,,,,,,,,,,,,,,有,有,無,6:30,19:00,,,,
132098,,町田市,生涯学習センター,,,132098,,東京都町田市原町田6-8-1,東京都,町田市,原町田,2006/8/1,,,35.54297405,139.4471666,,,,,,,,,,,,,,有,有,無,9:00,22:00,定休日：第4月曜日（祝日の場合は翌日）。おむつ交換台・ベビーチェア,,,
132098,,町田市,木曽山崎公園,,,132098,,東京都町田市本町田1966-1,東京都,町田市,本町田,Jan-66,,,35.56514032,139.4354321,,,,,,,,,,,,,,有,有,有,,,グラウンド貸出時,,,
132098,,町田市,木曽山崎グラウンド,,,132098,,東京都町田市本町田1966-1,東京都,町田市,本町田,Jan-66,,,35.56556105,139.4425696,,,,,,,,,,,,,,有,有,有,,,グラウンド利用時。簡易オストメイト（シャワー）,,,
132098,,町田市,緑ヶ丘グラウンド,,,132098,,東京都町田市本町田2380-6,東京都,町田市,本町田,Jun-80,,,35.56409302,139.4365583,,,,,,,,,,,,,,有,有,有,9:00,17:00,ベビーチェア,,,
132098,,町田市,子ども創造キャンパスひなた村,,,132098,,東京都町田市本町田2863,東京都,町田市,本町田,2863,,,35.56776306,139.4453979,,,,,,,,,,,,,,有,有,有,9:00,21:00,定休日：第１・第３火曜日（祝日の場合は翌日）及び祝日の翌日オムツ交換台。,,,
132098,,町田市,町田薬師池公園四季彩の杜西園（ウェルカムゲート・インフォメーション）,,,132098,,東京都町田市本町田3105,東京都,町田市,本町田,3105,,,35.57473776,139.4465087,,,,,,,,,,,,,,有,有,有,9:00,17:00,定休日：年末年始（12/29～1/3）、6月・2月第3月曜。ベビーシート、ベビーチェア、多目的シート,,,
132098,,町田市,町田薬師池公園四季彩の杜西園（ウェルカムゲート・ラウンジ）,,,132098,,東京都町田市本町田3105,東京都,町田市,本町田,3105,,,35.57476788,139.4466059,,,,,,,,,,,,,,有,有,有,0:00,23:59,多目的トイレのみ9：00～17：00定休日：年末年始（12/29～1/3）、6月・2月第3月曜ベビーシート、ベビーチェア,,,
132098,,町田市,本町田遺跡公園,,,132098,,東京都町田市本町田3455,東京都,町田市,本町田,3455,,,35.56749645,139.4501295,,,,,,,,,,,,,,有,無,有,9:00,16:30,定休日：月曜日（祝日のときは翌日）、年末年始,,,
132098,,町田市,日向山公園,,,132098,,東京都町田市本町田3486,東京都,町田市,本町田,3486,,,35.56786974,139.4464038,,,,,,,,,,,,,,有,有,無,8:30,17:30,5月中旬～8月中旬 8:30～19:00定休日：年末年始,,,
132098,,町田市,市立博物館,,,132098,,東京都町田市本町田3562,東京都,町田市,本町田,3562,,,35.56731949,139.4512617,,,,,,,,,,,,,,有,無,無,9:00,16:30,6月～8月 6:00～18:30定休日：土、日、祝日、振替休日、年末年始,,,
132098,,町田市,南大谷公園,,,132098,,東京都町田市南大谷7-1104－1,東京都,町田市,南大谷,7-1104-1,,,35.55026735,139.4626898,,,,,,,,,,,,,,有,有,有,6:00,17:30,,,,
132098,,町田市,わくわくプラザ町田,,,132098,,東京都町田市森野1-1-15,東京都,町田市,森野,2001/1/15,,,35.54256943,139.4426539,,,,,,,,,,,,,,有,無,無,8:30,17:00,定休日：毎週月曜日、毎月第三日曜日、年末年始（12月28日～1月3日）、貸出施設の利用状況により、22：00まで利用可能な場合もあります。,,,
132098,,町田市,町田市役所市庁舎,,,132098,,東京都町田市森野2-2-22,東京都,町田市,森野,2002/2/22,,,35.54669228,139.4386545,,,,,,,,,,,,,,有,有,有,8:30,17:00,1階のトイレは警備室を通して24時間利用可能。土曜日・日曜日（第1・第3・第5）祝日、12月29日～1月3日。ベッド、ベビーチェア,,,
132098,,町田市,町田市民ホール,,,132098,,東京都町田市森野2-2-36,東京都,町田市,森野,2-2-36,,,35.54646742,139.439526,,,,,,,,,,,,,,有,有,無,8:30,22:00,定休日：第1･第3月曜日（休日の場合は翌日）、年末年始。おむつ交換ベッド,,,
132098,,町田市,木曽森野防災市民いこいの広場,,,132098,,東京都町田市森野4-8,東京都,町田市,森野,4月8日,,,35.55527785,139.4326685,,,,,,,,,,,,,,有,無,無,8:00,17:30,,,,
132098,,町田市,町田中央公園②（テニスコート側）,,,132098,,東京都町田市旭町3-20-60,東京都,町田市,旭町,3-20-60,,,35.55753184,139.4464175,,,,,,,,,,,,,,有,有,無,6:00,17:00,5月中旬～8月中旬 6:00～19:00。定休日：年末年始,,,
132098,,町田市,鶴川市民センター,,,132098,,東京都町田市大蔵町1981-4,東京都,町田市,大蔵町,Apr-81,,,35.58887085,139.4673853,,,,,,,,,,,,,,有,有,有,8:30,22:00,定休日：年末年始（12/29～1/3）。ベビーチェア　多目的シート,,,
132098,,町田市,小野路公園①（管理棟内）,,,132098,,東京都町田市小野路町2023-1,東京都,町田市,小野路町,23-Jan,,,35.59807168,139.4538011,,,,,,,,,,,,,,有,有,有,8:30,21:00,定休日：年末年始（12/29～1/3）。有料試合時は開放制限あり。補助便座、ベビーチェア。,,,
132098,,町田市,小野路公園②（球場脇）,,,132098,,東京都町田市小野路町2023-1,東京都,町田市,小野路町,23-Jan,,,35.59778782,139.4543465,,,,,,,,,,,,,,有,有,有,8:30,21:00,定休日：年末年始（12/29～1/3）。補助便座、ベビーシート、ベビーチェア,,,
132098,,町田市,小野路公園③（野球場観覧席棟内）,,,132098,,東京都町田市小野路町2023-1,東京都,町田市,小野路町,23-Jan,,,35.59773085,139.4547295,,,,,,,,,,,,,,有,有,有,,,野球場利用時、利用者がいる場合のみ開放、有料試合時は開放制限有り。補助便座、ベビーシート、ベビーチェア,,,
132098,,町田市,小野路公園④（グラウンド内）,,,132098,,東京都町田市小野路町2023-1,東京都,町田市,小野路町,23-Jan,,,35.59818207,139.4547156,,,,,,,,,,,,,,有,有,有,8:30,21:00,利用者がいる場合のみ開放、有料試合時は開放制限あり。補助便座、ベビーシート、ベビーチェア,,,
132098,,町田市,研修農場バイオトイレ,,,132098,,東京都町田市小野路町282-2,東京都,町田市,小野路町,282-2,,,35.59717827,139.4352231,,,,,,,,,,,,,,無,無,無,,,"4月～9月 8:00～18:00、10,11,3月 8:00～17:00、12月～2月 8:00～16:00",,,
132098,,町田市,小野路町バイオトイレ（馬場）,,,132098,,東京都町田市小野路町770-1内,東京都,町田市,小野路町,770-1内,,,35.60030062,139.4337402,,,,,,,,,,,,,,無,無,無,,,3月～10月 8:00～17:00、11月～2月 8:00～16:00,,,
132098,,町田市,小野路宿里山交流館,,,132098,,東京都町田市小野路町888-1,東京都,町田市,小野路町,888-1,,,35.59827355,139.4385311,,,,,,,,,,,,,,有,有,有,9:00,17:00,定休日：12月29日～1月3日。おむつ替えベッド,,,
132098,,町田市,南市民センター,,,132098,,東京都町田市金森4-5-6,東京都,町田市,金森,2004/5/6,,,35.52385977,139.4666749,,,,,,,,,,,,,,有,有,有,8:30,22:00,定休日：年末年始（12/29～1/3）。ベビーチェア、着替え用ボード,,,
132098,,町田市,真光寺公園,,,132098,,東京都町田市真光寺町2-2-1,東京都,町田市,真光寺町,2002/2/1,,,35.60865785,139.465798,,,,,,,,,,,,,,有,有,無,8:00,17:30,6～8月 8:00～19:00,,,
132098,,町田市,鶴川中央公園①（ゲートボール場脇）,,,132098,,東京都町田市鶴川6-6,東京都,町田市,鶴川,6月6日,,,35.59057475,139.4718265,,,,,,,,,,,,,,無,有,無,0:00,23:59,補助便座,,,
132098,,町田市,鶴川中央公園②,,,132098,,東京都町田市鶴川6-6,東京都,町田市,鶴川,6月6日,,,35.59081122,139.4712707,,,,,,,,,,,,,,有,有,無,8:30,17:00,夏季は19：00まで。定休日：年末年始（12/29～1/3）。補助便座、ベビーチェア,,,
132098,,町田市,鶴川図書館,,,132098,,東京都町田市鶴川6-7-21-101号,東京都,町田市,鶴川,2006/7/2,1-101号,,35.59085456,139.4703125,,,,,,,,,,,,,,有,無,無,,,火・水・金 10:00～18:00、木・土・日・祝 10:00～17:00。定休日：月曜日・第2木曜日、月曜日が祝日のときは開館、第２木曜日が祝日のときは翌日休み,,,
132098,,町田市,和光大学ポプリホール鶴川,,,132098,,東京都町田市能ヶ谷1-2-1,東京都,町田市,能ヶ谷,2001/2/1,,,35.58284188,139.4789833,,,,,,,,,,,,,,有,有,有,8:30,22:00,定休日：第1・第3月曜日（休日の場合は開館）、年末年始。介助用ベッド、ベビーチェア、授乳室内におむつ交換ベッド、ベビーシート,,,
132098,,町田市,野津田公園管理棟（メインスタンド2階～6階）,,,132098,,東京都町田市野津田町2035,東京都,町田市,野津田町,2035,,,35.59192042,139.4386079,,,,,,,,,,,,,,有,無,有,,,試合やイベント開催時のみ開放、有料試合時は開放制限あり。定休日：年末年始,,,
132098,,町田市,野津田公園１期分①（多目的広場）,,,132098,,東京都町田市野津田町2035,東京都,町田市,野津田町,2035,,,35.59194539,139.4377204,,,,,,,,,,,,,,有,有,無,6:00,20:00,定休日：年末年始,,,
132098,,町田市,野津田公園１期分②（芝生広場前）,,,132098,,東京都町田市野津田町2035,東京都,町田市,野津田町,2035,,,35.59224041,139.4403504,,,,,,,,,,,,,,有,無,無,6:00,20:00,定休日：年末年始,,,
132098,,町田市,野津田公園２期分（テニスコート脇）,,,132098,,東京都町田市野津田町2035,東京都,町田市,野津田町,2035,,,35.59298819,139.4417228,,,,,,,,,,,,,,有,無,有,6:00,20:00,定休日：年末年始,,,
132098,,町田市,野津田公園２期分（上の原広場）,,,132098,,東京都町田市野津田町2035,東京都,町田市,野津田町,2035,,,35.59143867,139.4457486,,,,,,,,,,,,,,有,有,無,6:00,20:00,定休日：年末年始,,,
132098,,町田市,野津田公園管理棟（メインスタンド1階）,,,132098,,東京都町田市野津田町2035,東京都,町田市,野津田町,2035,,,35.59192318,139.4386089,,,,,,,,,,,,,,有,無,有,,,4月 9:00～18:00、5月～8月 9:00～19:00、9月 9:00～18:00、10月～3月 9:00～17:00。定休日：年末年始、有料試合時は開放制限あり,,,
132098,,町田市,野津田公園バイオトイレ（球場脇）,,,132098,,東京都町田市野津田町2035,東京都,町田市,野津田町,2035,,,35.5936512,139.445711,,,,,,,,,,,,,,無,無,無,0:00,23:59,定休日：年末年始,,,
132098,,町田市,ぼたん園トイレ,,,132098,,東京都町田市野津田町2274-1,東京都,町田市,野津田町,Jan-74,,,35.58330925,139.4437018,,,,,,,,,,,,,,有,有,無,8:30,16:00,,,,
132098,,町田市,ぼたん園トイレ（休憩室内）,,,132098,,東京都町田市野津田町2274-1,東京都,町田市,野津田町,Jan-74,,,35.58320956,139.4442126,,,,,,,,,,,,,,無,無,無,8:30,16:00,,,,
132098,,町田市,ふるさと農具館,,,132098,,東京都町田市野津田町2288,東京都,町田市,野津田町,2288,,,35.58244792,139.4440466,,,,,,,,,,,,,,有,無,無,,,2月～10月 9:30～16:30、11月～1月 9:30～16:00。定休日：原則月曜日（祝日の場合は翌日）、12/28～1/5休館,,,
132098,,町田市,薬師池公園トイレ,,,132098,,東京都町田市野津田町3270,東京都,町田市,野津田町,3270,,,35.57919715,139.4483277,,,,,,,,,,,,,,有,有,無,6:00,18:00,6月～8月 6:00～19:00,,,
132098,,町田市,薬師池公園トイレ（薬師堂）,,,132098,,東京都町田市野津田町3270,東京都,町田市,野津田町,3270,,,35.5787456,139.4465837,,,,,,,,,,,,,,無,有,無,6:00,18:00,6月～8月 6:00～19:00,,,
132098,,町田市,町田市フォトサロン,,,132098,,東京都町田市野津田町3272薬師池公園内,東京都,町田市,野津田町,3272,薬師池公園内,,35.57992534,139.4488101,,,,,,,,,,,,,,有,無,無,9:30,16:30,入館は16：00まで。定休日：火曜日、年末年始,,,
132098,,町田市,七国山ファーマーズセンター,,,132098,,東京都町田市野津田町3497-1,東京都,町田市,野津田町,Jan-97,,,35.58101677,139.4432298,,,,,,,,,,,,,,有,無,無,,,2月～10月 9:00～17:00、11月～1月 9:00～16:30。定休日：月曜日（祝日のときは翌日）、12/25～1/10休館,,,
132098,,町田市,自由民権資料館,,,132098,,東京都町田市野津田町897,東京都,町田市,野津田町,897,,,35.58890471,139.4532895,,,,,,,,,,,,,,有,無,無,9:00,16:30,定休日：月曜日（祝日のときは翌日）,,,
132098,,町田市,広袴公園,,,132098,,東京都町田市広袴3-4-1,東京都,町田市,広袴,2003/4/1,,,35.59591838,139.4752811,,,,,,,,,,,,,,有,有,無,8:00,17:30,,,,
132098,,町田市,成瀬駅北口駅前広場公共トイレ,,,132098,,東京都町田市南成瀬1-1成瀬駅隣接,東京都,町田市,南成瀬,1月1日,成瀬駅隣接,,35.53556167,139.4730628,,,,,,,,,,,,,,有,有,有,7:00,22:30,ベビーチェア、オムツ交換台,,,
132098,,町田市,恩廻公園,,,132098,,東京都町田市三輪町539-72,東京都,町田市,三輪町,539-72,,,35.57615703,139.5037193,,,,,,,,,,,,,,無,有,無,0:00,23:59,,,,
132098,,町田市,鶴見川クリーンセンター,,,132098,,東京都町田市三輪緑山1-1,東京都,町田市,三輪緑山,1月1日,,,35.57070192,139.49196,,,,,,,,,,,,,,有,無,無,8:30,17:00,定休日：土、日、祝日、年末年始,,,
132098,,町田市,三輪みどり山球場,,,132098,,東京都町田市三輪緑山1-24-1,東京都,町田市,三輪緑山,1-24-1,,,35.57180049,139.4916773,,,,,,,,,,,,,,有,有,無,,,3月～12月 9:00～21:00、1月～2月 11:00～15:00（土・日・祝のみ）。ベビーチェア,,,
132098,,町田市,三輪中央公園,,,132098,,東京都町田市三輪緑山3-21,東京都,町田市,三輪緑山,3月21日,,,35.57405549,139.4888677,,,,,,,,,,,,,,無,有,無,8:00,17:30,,,,
132098,,町田市,沢谷戸自然公園,,,132098,,東京都町田市三輪緑山4-1-18,東京都,町田市,三輪緑山,2004/1/18,,,35.57777488,139.4913035,,,,,,,,,,,,,,有,有,無,8:00,17:30,,,,
132098,,町田市,三輪コミュニティセンター,,,132098,,東京都町田市三輪緑山4-14-1,東京都,町田市,三輪緑山,4-14-1,,,35.57718338,139.4930652,,,,,,,,,,,,,,有,有,無,8:30,22:00,定休日：第3水曜日。ベビーシート,,,
132098,,町田市,山王塚公園,,,132098,,東京都町田市薬師台3-3-20,東京都,町田市,薬師台,2003/3/20,,,35.58210824,139.4533588,,,,,,,,,,,,,,無,有,無,0:00,23:59,,,,
132098,,町田市,松葉谷戸公園,,,132098,,東京都町田市金森東1-1076-2,東京都,町田市,金森東,1-1076-2,,,35.5359676,139.4642483,,,,,,,,,,,,,,有,有,無,8:00,17:30,,,,
132098,,町田市,金森図書館,,,132098,,東京都町田市金森東3-5-1,東京都,町田市,金森東,2003/5/1,,,35.53345412,139.4659348,,,,,,,,,,,,,,有,無,無,,,火・水・金 10:00～18:00、木・土・日・祝 10:00～17:00。定休日：月曜日・第2木曜日、月曜日が祝日のときは開館、第２木曜日が祝日のときは翌日休み,,,
132098,,町田市,つくし野コミュニティセンター,,,132098,,東京都町田市つくし野2-26-5,東京都,町田市,つくし野,2-26-5,,,35.52709328,139.4846571,,,,,,,,,,,,,,有,有,有,8:30,22:00,定休日：第3水曜日。ベビーシート,,,
132098,,町田市,つくし野セントラルパーク,,,132098,,東京都町田市つくし野3-19,東京都,町田市,つくし野,3月19日,,,35.5204266,139.4824472,,,,,,,,,,,,,,有,有,無,6:00,19:00,,,,
132098,,町田市,鶴間公園クラブハウス,,,132098,,東京都町田市鶴間2-5-13,東京都,町田市,鶴間,2002/5/13,,,35.50947826,139.4661278,,,,,,,,,,,,,,有,有,有,8:30,21:00,ベビーチェア、多目的シート,,,
132098,,町田市,鶴間公園,,,132098,,東京都町田市鶴間3-1-1,東京都,町田市,鶴間,2003/1/1,,,35.51087305,139.4661973,,,,,,,,,,,,,,有,有,有,,,多目的トイレのみ8:30～18：30、男子・女子トイレは24時間使用可能ベビーシート、ベビーチェア、多目的シート,,,
132098,,町田市,成瀬弁天橋公園,,,132098,,東京都町田市成瀬8-2045,東京都,町田市,成瀬,8-2045,,,35.54278613,139.4693299,,,,,,,,,,,,,,有,有,無,6:00,17:30,6月～8月 6:00～18:30,,,
132098,,町田市,成瀬うさぎ谷戸公園（鞍掛グラウンド）,,,132098,,東京都町田市西成瀬1-2738-3,東京都,町田市,西成瀬,1-2738-3,,,35.54544511,139.467174,,,,,,,,,,,,,,有,有,有,8:00,17:30,ベビーシート、ベビーチェア、多目的シート,,,
132098,,町田市,成瀬コミュニティセンター,,,132098,,東京都町田市西成瀬2-49-1,東京都,町田市,西成瀬,2-49-1,,,35.54353038,139.4727757,,,,,,,,,,,,,,有,有,有,8:30,22:00,定休日：第2火曜日.ベビーシート・ベビーチェア,,,
132098,,町田市,なるせ駅前市民センター,,,132098,,東京都町田市南成瀬1-2-5,東京都,町田市,南成瀬,2001/2/5,,,35.53682154,139.4730256,,,,,,,,,,,,,,有,有,有,8:00,22:00,定休日：年末年始（12/29～1/3）ベビーシート、介助ベッド,,,
132098,,町田市,町田市立総合体育館,,,132098,,東京都町田市南成瀬5-12,東京都,町田市,南成瀬,5月12日,,,35.5359569,139.479313,,,,,,,,,,,,,,有,有,有,9:00,21:00,定休日：第1・第3月曜日（祝日の場合は翌日）。ベビーチェア,,,
132098,,町田市,堂之坂公苑,,,132098,,東京都町田市南成瀬5-8,東京都,町田市,南成瀬,5月8日,,,35.53623535,139.4769298,,,,,,,,,,,,,,有,有,無,8:30,17:30,6～8月 8:30～19:00,,,
132098,,町田市,成瀬クリーンセンター,,,132098,,東京都町田市南成瀬8-1-1,東京都,町田市,南成瀬,2008/1/1,,,35.53515186,139.483665,,,,,,,,,,,,,,有,有,有,8:30,17:00,定休日：土、日、祝日、年末年始。ベビーチェア、多目的シート,,,
132098,,町田市,ローソン・スリーエフ町田相原駅前店,,,132098,,東京都町田市相原町1158-4,東京都,町田市,相原町,1158-4,,,35.60650678,139.3319197,,,,,,,,,,,,,,無,,無,0:00,23:59,定休日：なし,,,
132098,,町田市,セブン-イレブン町田相原店,,,132098,,東京都町田市相原町2177-1,東京都,町田市,相原町,Jan-77,,,35.60612701,139.3171478,,,,,,,,,,,,,,無,,無,0:00,23:59,,,,
132098,,町田市,ローソン 町田相原町境橋店,,,132098,,東京都町田市相原町3144,東京都,町田市,相原町,3144,,,35.60556508,139.3044954,,,,,,,,,,,,,,有,,有,0:00,23:59,,,,
132098,,町田市,ファミリーマート秀栄相原町店,,,132098,,東京都町田市相原町3621-1,東京都,町田市,相原町,21-Jan,,,35.61001704,139.2989492,,,,,,,,,,,,,,有,,無,0:00,23:59,定休日：なし,,,
132098,,町田市,トイザらスベビーザらス町田多摩境店,,,132098,,東京都町田市小山ヶ丘1-7-2,東京都,町田市,小山ヶ丘,2001/7/2,,,35.5987263,139.3816645,,,,,,,,,,,,,,有,,無,10:00,19:00,無休,,,
132098,,町田市,カインズホーム町田多摩境店,,,132098,,東京都町田市小山ヶ丘3-6-6,東京都,町田市,小山ヶ丘,2003/6/6,,,35.6014695,139.3749203,,,,,,,,,,,,,,有,,無,9:00,20:00,定休日：1月1日,,,
132098,,町田市,セブン-イレブン町田小山ヶ丘４丁目店,,,132098,,東京都町田市小山ヶ丘4-9-2,東京都,町田市,小山ヶ丘,2004/9/2,,,35.60691431,139.3524332,,,,,,,,,,,,,,有,,無,0:00,23:59,,,,
132098,,町田市,ファミリーマート町田多摩境店,,,132098,,東京都町田市小山ヶ丘5-1-4,東京都,町田市,小山ヶ丘,2005/1/4,,,35.6027111,139.3649671,,,,,,,,,,,,,,有,,無,0:00,23:59,,,,
132098,,町田市,セブン-イレブン町田堺店,,,132098,,東京都町田市小山町828-1,東京都,町田市,小山町,828-1,,,35.59228839,139.3811088,,,,,,,,,,,,,,有,,無,0:00,23:59,,,,
132098,,町田市,ローソン・スリーエフ　町田多摩境店,,,132098,,東京都町田市小山町3161,東京都,町田市,小山町,3161,,,35.59961565,139.3630257,,,,,,,,,,,,,,無,,無,0:00,23:59,無休,,,
132098,,町田市,ファミリーマート 町田小山町店,,,132098,,東京都町田市小山町704-1,東京都,町田市,小山町,704-1,,,35.59065787,139.3839015,,,,,,,,,,,,,,無,,無,0:00,23:59,無休,,,
132098,,町田市,セブン-イレブン町田忠生公園入口店,,,132098,,東京都町田市木曽西3-25-5,東京都,町田市,木曽西,3-25-5,,,35.57217534,139.4200512,,,,,,,,,,,,,,有,,無,0:00,23:59,,,,
132098,,町田市,salon de みずき,,,132098,,東京都町田市木曽東3-24-15エムアイビル１階,東京都,町田市,木曽東,3-24-15,エムアイビル１階,,35.56508393,139.4228128,,,,,,,,,,,,,,有,,無,9:00,16:00,定休日：土・日,,,
132098,,町田市,セブン-イレブン町田市木曽町店,,,132098,,東京都町田市木曽東4-2-2,東京都,町田市,木曽東,2004/2/2,,,35.56238054,139.4283137,,,,,,,,,,,,,,有,,無,0:00,23:59,,,,
132098,,町田市,とんかつ　とん久,,,132098,,東京都町田市木曽東4-27-19,東京都,町田市,木曽東,4-27-19,,,35.56726948,139.4257041,,,,,,,,,,,,,,無,,無,,,11:00～14:0016:30～21:00定休日：火,,,
132098,,町田市,ローソン小山田桜台店,,,132098,,東京都町田市下小山田町3352-5,東京都,町田市,下小山田町,May-52,,,35.58939658,139.4076165,,,,,,,,,,,,,,無,,無,0:00,23:59,,,,
132098,,町田市,ファミリーマート町田図師店,,,132098,,東京都町田市図師町1896-6,東京都,町田市,図師町,1896-6,,,35.58306806,139.4246931,,,,,,,,,,,,,,有,,無,0:00,23:59,,,,
132098,,町田市,ローソン町田図師町店,,,132098,,東京都町田市図師町612-1,東京都,町田市,図師町,612-1,,,35.58128938,139.4170985,,,,,,,,,,,,,,有,,無,0:00,23:59,,,,
132098,,町田市,ファミリーマート町田忠生店,,,132098,,東京都町田市忠生1-27-8,東京都,町田市,忠生,1-27-8,,,35.57529055,139.4182291,,,,,,,,,,,,,,無,,無,0:00,23:59,,,,
132098,,町田市,でんかのヤマグチ　修理処,,,132098,,東京都町田市忠生4-1-3,東京都,町田市,忠生,2004/1/3,,,35.57882786,139.4103314,,,,,,,,,,,,,,無,,無,10:00,18:00,定休日：水,,,
132098,,町田市,セブン-イレブン町田常盤店,,,132098,,東京都町田市常盤町3163-4,東京都,町田市,常盤町,Apr-63,,,35.58669695,139.3933688,,,,,,,,,,,,,,有,,無,0:00,23:59,定休日：なし,,,
132098,,町田市,ライフテクトヤマグチ　根岸店,,,132098,,東京都町田市根岸1-13-5,東京都,町田市,根岸,1-13-5,,,35.57270363,139.4138692,,,,,,,,,,,,,,有,,有,10:00,18:00,定休日：水,,,
132098,,町田市,ミニストップ町田根岸店,,,132098,,東京都町田市根岸町1001-26,東京都,町田市,根岸町,1001-26,,,35.5762016,139.4082566,,,,,,,,,,,,,,無,,無,0:00,23:59,,,,
132098,,町田市,セブン-イレブン町田山崎新道店,,,132098,,東京都町田市山崎町1936-1,東京都,町田市,山崎町,Jan-36,,,35.57107081,139.4286695,,,,,,,,,,,,,,有,,無,0:00,23:59,,,,
132098,,町田市,㈱三和玉川学園店,,,132098,,東京都町田市玉川学園2-11-26,東京都,町田市,玉川学園,2002/11/26,,,35.5627355,139.4622013,,,,,,,,,,,,,,有,,無,9:00,23:00,,,,
132098,,町田市,セブン-イレブン玉川学園2丁目店,,,132098,,東京都町田市玉川学園2-8-24,東京都,町田市,玉川学園,2002/8/24,,,35.56180236,139.4617751,,,,,,,,,,,,,,有,,無,0:00,23:59,,,,
132098,,町田市,ファミリーマート町田中町二丁目店,,,132098,,東京都町田市中町2-5-4,東京都,町田市,中町,2002/5/4,,,35.55197154,139.4403443,,,,,,,,,,,,,,無,,無,0:00,23:59,,,,
132098,,町田市,ファミリーマート町田駅南口店,,,132098,,東京都町田市原町田1-3-9,東京都,町田市,原町田,2001/3/9,,,35.54064775,139.4467161,,,,,,,,,,,,,,無,,無,0:00,23:59,,,,
132098,,町田市,ファミリーマート版画美術館入口店,,,132098,,東京都町田市原町田3-15-1,東京都,町田市,原町田,3-15-1,,,35.54279205,139.452826,,,,,,,,,,,,,,有,,無,0:00,23:59,,,,
132098,,町田市,セブン-イレブン原町田４丁目店,,,132098,,東京都町田市原町田4-11-18,東京都,町田市,原町田,2004/11/18,,,35.542633,139.4488713,,,,,,,,,,,,,,有,,無,7:00,17:00,,,,
132098,,町田市,はじめの一歩,,,132098,,東京都町田市本町田2507-4ハ16-106,東京都,町田市,本町田,7-Apr,ハ16-106,,35.56719011,139.4359601,,,,,,,,,,,,,,有,,無,10:30,16:30,定休日：土・日・祝,,,
132098,,町田市,デイサービス　みずきの家,,,132098,,東京都町田市本町田2797,東京都,町田市,本町田,2797,,,35.56642917,139.4456027,,,,,,,,,,,,,,有,,有,9:00,18:00,定休日：日、年末年始,,,
132098,,町田市,セブン-イレブン町田南大谷店,,,132098,,東京都町田市南大谷4-11-1,東京都,町田市,南大谷,2004/11/1,,,35.55561329,139.4565914,,,,,,,,,,,,,,有,,無,0:00,23:59,定休日：なし,,,
132098,,町田市,ローソン町田森野一丁目店,,,132098,,東京都町田市森野1-13-1,東京都,町田市,森野,1-13-1,,,35.54397812,139.4436756,,,,,,,,,,,,,,無,,無,7:00,21:00,定休日：なし,,,
132098,,町田市,セブン-イレブン町田大蔵店,,,132098,,東京都町田市大蔵町560-1,東京都,町田市,大蔵町,560-1,,,35.58851952,139.4594194,,,,,,,,,,,,,,有,,無,0:00,23:59,,,,
132098,,町田市,ローソン町田金井町店,,,132098,,東京都町田市金井2-19-14,東京都,町田市,金井,2-19-14,,,35.57317163,139.4585832,,,,,,,,,,,,,,無,,無,0:00,23:59,無休,,,
132098,,町田市,セブン-イレブン町田真光寺店,,,132098,,東京都町田市真光寺3-21-20,東京都,町田市,真光寺,3-21-20,,,35.59960989,139.4662552,,,,,,,,,,,,,,有,,無,0:00,23:59,,,,
132098,,町田市,ファミリーマートみなとや鶴川店,,,132098,,東京都町田市鶴川2-10-7,東京都,町田市,鶴川,2002/10/7,,,35.58851885,139.4721652,,,,,,,,,,,,,,無,,無,0:00,23:59,,,,
132098,,町田市,鶴川あんしん相談室,,,132098,,東京都町田市鶴川6-7-2第103号室,東京都,町田市,鶴川,2006/7/2,第103号室,,35.59062036,139.4691373,,,,,,,,,,,,,,有,,無,8:30,17:00,定休日：日・祝,,,
132098,,町田市,セブン-イレブン町田鶴川駅前店,,,132098,,東京都町田市能ヶ谷1-4-6,東京都,町田市,能ヶ谷,2001/4/6,,,35.58307154,139.4795733,,,,,,,,,,,,,,無,,無,0:00,23:59,,,,
132098,,町田市,セブン-イレブン町田鶴川駅北口店,,,132098,,東京都町田市能ヶ谷1-8-1神蔵ビル１階,東京都,町田市,能ヶ谷,2001/8/1,神蔵ビル１階,,35.58432672,139.4831767,,,,,,,,,,,,,,無,,無,0:00,23:59,,,,
132098,,町田市,リレイス鶴川,,,132098,,東京都町田市能ヶ谷3-2-1,東京都,町田市,能ヶ谷,2003/2/1,,,35.58466744,139.486095,,,,,,,,,,,,,,有,,無,9:00,17:00,,,,
132098,,町田市,ローソン町田芝溝街道店,,,132098,,東京都町田市野津田町1100-1,東京都,町田市,野津田町,1100-1,,,35.58906295,139.45635,,,,,,,,,,,,,,無,,無,0:00,23:59,,,,
132098,,町田市,べルク町田野津田店,,,132098,,東京都町田市野津田町230,東京都,町田市,野津田町,230,,,35.58529573,139.4366898,,,,,,,,,,,,,,有,,有,0:00,23:59,定休日：1月1日,,,
132098,,町田市,セブン-イレブン町田野津田町店,,,132098,,東京都町田市野津田町36-1,東京都,町田市,野津田町,Jan-36,,,35.58508924,139.4332309,,,,,,,,,,,,,,無,,無,0:00,23:59,定休日：なし,,,
132098,,町田市,ファミリーマート 町田金井町店,,,132098,,東京都町田市金井ヶ丘4-1-21,東京都,町田市,金井ヶ丘,2004/1/21,,,35.57786139,139.4702674,,,,,,,,,,,,,,無,,無,0:00,23:59,定休日：なし,,,
132098,,町田市,島忠　ホームズ町田三輪店,,,132098,,東京都町田市三輪町281-1,東京都,町田市,三輪町,281-1,,,35.57876121,139.5005438,,,,,,,,,,,,,,有,,有,10:00,20:00,定休日：なし,,,
132098,,町田市,セブン-イレブン町田小川２丁目店,,,132098,,東京都町田市小川2-25-3,東京都,町田市,小川,2-25-3,,,35.53041119,139.471763,,,,,,,,,,,,,,有,,無,0:00,23:59,,,,
132098,,町田市,ファミリーマート秀栄町田小川店,,,132098,,東京都町田市小川5-10-20,東京都,町田市,小川,2005/10/20,,,35.52313903,139.4695037,,,,,,,,,,,,,,無,,無,0:00,23:59,定休日：なし,,,
132098,,町田市,セブン-イレブン町田金森店,,,132098,,東京都町田市金森2-21-17,東京都,町田市,金森,2-21-17,,,35.53345565,139.4596182,,,,,,,,,,,,,,無,,無,0:00,23:59,定休日：なし,,,
132098,,町田市,セブン-イレブン町田ポプラヶ丘店,,,132098,,東京都町田市成瀬台2-1-2,東京都,町田市,成瀬台,2002/1/2,,,35.54972519,139.4763024,,,,,,,,,,,,,,有,,無,6:00,23:59,定休日：なし,,,
132098,,町田市,セブン-イレブン町田成瀬台３丁目店,,,132098,,東京都町田市成瀬台3-8-7,東京都,町田市,成瀬台,2003/8/7,,,35.55457522,139.4782797,,,,,,,,,,,,,,有,,無,5:00,23:59,,,,
132098,,町田市,株式会社村山工業所,,,132098,,東京都町田市西成瀬1-49-23,東京都,町田市,西成瀬,1-49-23,,,35.54333527,139.4641462,,,,,,,,,,,,,,無,,無,8:00,19:00,定休日：日,,,
132098,,町田市,ファミリーマート町田鶴間店,,,132098,,東京都町田市南町田4-19-5,東京都,町田市,南町田,4-19-5,,,35.51397935,139.4658381,,,,,,,,,,,,,,有,,無,0:00,23:59,無休,,,
132098,,町田市,ファミリーマート南町田四丁目店,,,132098,,東京都町田市南町田4-2-50,東京都,町田市,南町田,4-2-50,,,35.51745625,139.4651266,,,,,,,,,,,,,,有,,無,0:00,23:59,無休,,,
132098,,町田市,セブン-イレブン町田街道鶴間店,,,132098,,東京都町田市南町田5-3-53,東京都,町田市,南町田,5-3-53,,,35.51338479,139.4748282,,,,,,,,,,,,,,有,,無,0:00,23:59,,,,
132098,,町田市,６８８９ Ｃａｆｅ,,,132098,,東京都町田市南町田5-4-10,東京都,町田市,南町田,2005/4/10,,,35.51316168,139.4741592,,,,,,,,,,,,,,無,,無,11:30,21:00,定休日：月曜日（休日を除く）・火曜日、年末年始（LO 20：30）,,,
132098,,町田市,祐照庵(大戸観音堂）,,,132098,,東京都町田市相原町4643,東京都,町田市,相原町,4643,,,35.61354961,139.2888803,,,,,,,,,,,,,,無,無,無,0:00,23:59,,,,
132098,,町田市,正山寺,,,132098,,東京都町田市上小山田町1504,東京都,町田市,上小山田町,1504,,,35.60119824,139.4017001,,,,,,,,,,,,,,有,無,無,8:00,18:00,,,,
132098,,町田市,浄運寺,,,132098,,東京都町田市原町田6-21-28,東京都,町田市,原町田,6-21-28,,,35.54309338,139.4478158,,,,,,,,,,,,,,無,無,無,7:00,17:00,,,,
132098,,町田市,菅原神社,,,132098,,東京都町田市本町田802,東京都,町田市,本町田,802,,,35.55912926,139.4472652,,,,,,,,,,,,,,無,無,無,0:00,23:59,,,,
132098,,町田市,慶性寺,,,132098,,東京都町田市大蔵町2177-1,東京都,町田市,大蔵町,Jan-77,,,35.58539335,139.4736688,,,,,,,,,,,,,,無,無,無,8:00,18:00,,,,
132098,,町田市,春日神社,,,132098,,東京都町田市大蔵町2822,東京都,町田市,大蔵町,2822,,,35.58582606,139.4593878,,,,,,,,,,,,,,無,無,無,0:00,23:59,,,,
132098,,町田市,小野神社,,,132098,,東京都町田市小野路町885,東京都,町田市,小野路町,885,,,35.59799652,139.4379439,,,,,,,,,,,,,,無,無,無,0:00,23:59,,,,
132098,,町田市,八幡神社,,,132098,,東京都町田市金井ヶ丘2-5-1,東京都,町田市,金井ヶ丘,2002/5/1,,,35.57192535,139.4603878,,,,,,,,,,,,,,無,無,無,0:00,23:59,,,,
132098,,町田市,観泉寺,,,132098,,東京都町田市真光寺町1210,東京都,町田市,真光寺町,1210,,,35.60092068,139.460623,,,,,,,,,,,,,,無,無,無,,,随時,,,
132098,,町田市,能ヶ谷神社,,,132098,,東京都町田市能ヶ谷6-20-1,東京都,町田市,能ヶ谷,6-20-1,,,35.58827914,139.4824017,,,,,,,,,,,,,,無,無,無,0:00,23:59,,,,
132098,,町田市,野津田神社,,,132098,,東京都町田市野津田町2319,東京都,町田市,野津田町,2319,,,35.58418331,139.4472048,,,,,,,,,,,,,,無,無,無,,,日の出～日没,,,
132098,,町田市,高蔵寺,,,132098,,東京都町田市三輪町1739,東京都,町田市,三輪町,1739,,,35.58044899,139.489907,,,,,,,,,,,,,,無,無,無,9:00,16:00,,,,
132098,,町田市,ローソン 町田相原駅西口店,,,132098,,東京都町田市相原町1165-1,東京都,町田市,相原町,1165-1,,,139.3311513,35.60692506,,,,,,,,,,,,,,無,,有,0:00,23:59,無休,,,
