経営,事業所名,郵便番号,所在地,経度,緯度,座標系,電話番号
営利法人,アイビス　上野御徒町,101-0021,千代田区外神田６－９－８　シュパール千代田ビル１階,139.77061,35.7048,JGD2011,03-5807-6551
他の法人,Social Good Roasters 千代田,101-0054,千代田区神田錦町１－１４－１３　ＬＡＮＤＰＯＯＬ　ＫＡＮＤＡ　ＴＥＲＲＡＣＥ２F,139.76425,35.69381,JGD2011,03-6811-0895
区市町村,千代田区立障害者就労支援施設,102-0074,千代田区九段南１－２－１,139.75354,35.69395,JGD2011,03-3263-1841
社福法人,クローバーズ・ピア日本橋,103-0002,中央区日本橋馬喰町１－５－４,139.78166,35.69244,JGD2011,03-6661-2835
社福法人,さわやかワーク中央,103-0004,中央区東日本橋２－２７－１２,139.78641,35.69519,JGD2011,03-3865-3661
他の法人,アイビー,104-0041,中央区新富１－１５－４　アルファ新富ビル３階,139.77518,35.6724,JGD2011,03-6262-8882
区市町村,中央区立知的障害者生活支援施設レインボーハウス明石,104-0044,中央区明石町１－６,139.77525,35.66977,JGD2011,03-6226-1099
区市町村,中央区立福祉センター作業室,104-0044,中央区明石町１２－１,139.77684,35.66659,JGD2011,03-3545-9311
営利法人,アリストランプ,104-0045,中央区築地３－１２－１１　ナカシゲビル４階,139.77299,35.66732,JGD2011,03-6264-1458
他の法人,リバーサイドつつじ,104-0051,中央区佃２－１７－８　佃区民館２階,139.78462,35.66506,JGD2011,03-6673-8081
区市町村,港区立障害保健福祉センター　みなとワークアクティ,105-0014,港区芝１－８－２３,139.75522,35.65042,JGD2011,03-5439-8057
社福法人,みなと工房,105-0023,港区芝浦１－１４－８　ベルハイム田町２０１,139.75288,35.64708,JGD2011,03-3455-8140
社福法人,西麻布作業所,106-0031,港区西麻布３－１９－１６,139.72606,35.6596,JGD2011,03-3408-1545
他の法人,アイエスエフネットベネフィット青山,107-0062,港区南青山１－４－２　八並ビル３階・７階,139.72469,35.67101,JGD2011,03-5785-3788
他の法人,アプローズ南青山,107-0062,港区南青山４－３－２４　青山ＮＫビル２階,139.72021,35.66569,JGD2011,03-6804-3623
他の法人,風の子会高浜生活実習所,108-0022,港区海岸３－３－１８　芝浦日新ビル５階,139.75433,35.64166,JGD2011,03-6809-4001
他の法人,特定非営利活動法人工房ラピール,108-0074,港区高輪１－４－８　港区地域生活支援センター３階,139.73511,35.64287,JGD2011,03-3444-5223
社福法人,東京ワークショップ,160-0003,新宿区四谷本塩町２－５,139.72899,35.689454,JGD2011,03-3341-0900
社福法人,ファロ,160-0022,新宿区新宿１－１６－１６　テェアーカテリーナ３階,139.71089,35.68975,JGD2011,03-3350-4437
公益法人,わーくす　ここ・から,160-0022,新宿区新宿７－３－２９,139.7132,35.70022,JGD2011,03-3208-2278
他の法人,プラーナ新宿,160-0022,新宿区新宿２－９－２３　ＳＶＡＸビルＢ館２階・８階,139.7093,35.68982,JGD2011,03-6273-2633
他の法人,就労センター『風』,161-0032,新宿区中落合４－２３－２５,139.68259,35.71795,JGD2011,03-3952-6014
社福法人,就労センター「街」,161-0032,新宿区中落合１－６－２１,139.69057,35.71664,JGD2011,03-3952-9975
社福法人,みのり舎,161-0032,新宿区中落合３－２８－１４　第２アビタシオン１０２・２０４・２０５,139.68553,35.72229,JGD2011,03-5988-9791
他の法人,フレッシュスタート目白,161-0033,新宿区下落合４－２０－１６　ソレイユ目白１０３,139.69785,35.72135,JGD2011,03-6908-3663
他の法人,寒緋桜,161-0034,新宿区上落合３－３０－６　ヴェルデ落合４・５階,139.68237,35.71399,JGD2011,03-6908-6496
社福法人,西早稲田あした作業所,162-0051,新宿区西早稲田２－１６－１,139.71205,35.70996,JGD2011,03-5155-3340
区市町村,新宿区立新宿福祉作業所,162-0052,新宿区戸山１－２２－２,139.71744,35.70351,JGD2011,03-3232-3715
社福法人,新宿あした作業所,162-0052,新宿区戸山１－２２－２（区立障害者福祉センター内）,139.71744,35.70351,JGD2011,03-3232-3366
区市町村,新宿区立障害者福祉センター,162-0052,新宿区戸山１－２２－２,139.71744,35.70351,JGD2011,03-3232-3711
社福法人,シャロームみなみ風,162-0851,新宿区弁天町３２－６,139.7276,35.70423,JGD2011,03-5579-8412
他の法人,コンフィデンス早稲田,169-0051,新宿区西早稲田２－１８－２２,139.71118,35.71054,JGD2011,03-6233-9714
社福法人,新宿第二あした作業所,169-0051,新宿区西早稲田３－１１－６　コアハイム西早稲田１０１,139.71434,35.71055,JGD2011,03-5285-4837
区市町村,新宿区立高田馬場福祉作業所,169-0075,新宿区高田馬場４－１０－２,139.70285,35.71286,JGD2011,03-3367-2939
社福法人,オフィスクローバー,169-0075,新宿区高田馬場３－１８－２５　第１康洋ビル７階,139.69785,35.71444,JGD2011,03-3365-4177
他の法人,新宿西共同作業所・ラバンス,169-0075,新宿区高田馬場２－１４－５　ＫＭビル１階,139.70677,35.71298,JGD2011,03-6380-2351
他の法人,パイオニア,169-0075,新宿区高田馬場１－９－２３,139.70839,35.70997,JGD2011,03-3208-9001
区市町村,文京区立小石川福祉作業所,112-0002,文京区小石川３－３０－６,139.74905,35.71426,JGD2011,03-3811-1431
社福法人,工房わかぎり,112-0003,文京区春日２－１９－３,139.74449,35.71138,JGD2011,03-3812-3417
社福法人,ワークプレイスぶんぶん,112-0006,文京区小日向２－１６－１５,139.73488,35.71065,JGD2011,03-5940-2822
社福法人,アビーム,112-0011,文京区千石４－３７－４　ウイスタリア千石１Ｆ,139.74194,35.7276,JGD2011,03-3945-2195
区市町村,文京区立大塚福祉作業所,112-0012,文京区大塚４－５０－１,139.73082,35.72464,JGD2011,03-3946-5601
営利法人,ティ・リーフ,113-0021,文京区本駒込２－２７－１０　本駒込ＳＩビル３階,139.75034,35.73058,JGD2011,03-5319-1520
社福法人,ワークショップやまどり,113-0032,文京区弥生２－９－６,139.76443,35.71489,JGD2011,03-3812-3700
社福法人,銀杏企画Ⅱ,113-0033,文京区本郷３－１６－４　本郷天理ビル３階,139.76123,35.70531,JGD2011,03-5684-0999
社福法人,銀杏企画,113-0033,文京区本郷５－２５－８　香川ビル,139.7599,35.70974,JGD2011,03-5684-0991
社福法人,銀杏企画三丁目,113-0033,文京区本郷３－２９－６　カリテス佐々木２階,139.76207,35.70649,JGD2011,03-5684-1016
社福法人,ふる里学舎本郷,113-0033,文京区本郷２－２１－７,139.75932,35.70457,JGD2011,03-5803-2333
他の法人,耕房“輝”,110-0005,台東区上野７－６－１０　ＭＳＫビル４階,139.77867,35.7136,JGD2011,03-3842-7399
他の法人,たいとう福祉作業所,110-0011,台東区三ノ輪１－２７－１１　三ノ輪福祉センター８Ｆ,139.79225,35.72925,JGD2011,03-3871-0681
他の法人,たいとう第二福祉作業所,110-0014,台東区北上野２－３２－３,139.78552,35.71915,JGD2011,03-3843-5580
他の法人,かれん,110-0015,台東区東上野６－２５－５　東京佐藤ビル,139.78375,35.71524,JGD2011,03-5828-1970
他の法人,耕房“光”,110-0015,台東区東上野６－１８－１７　カーサ・ミナガワ２階,139.78471,35.71409,JGD2011,03-6231-7580
社福法人,すてっぷ　つばさ,110-0015,台東区東上野３－８－７　矢口ビル２階,139.78072,35.71049,JGD2011,03-6795-0142
他の法人,RECOVERY,110-0015,台東区東上野６－２１－２　サニーハイツ東上野３０１,139.78387,35.71483,JGD2011,03-6231-6624
営利法人,３Ｂ実用芸術研究所,110-0015,台東区東上野３－９－８,139.78015,35.71011,JGD2011,03-6806-0334
他の法人,たいとう第四福祉作業所,111-0024,台東区今戸２－１８－２,139.80327,35.72191,JGD2011,03-3872-8548
社福法人,おあしす,111-0024,台東区今戸１－１８－１６,139.80403,35.72019,JGD2011,03-6802-4719
他の法人,たいとう第三福祉作業所,111-0041,台東区元浅草３－９－７,139.78596,35.70728,JGD2011,03-5828-8713
他の法人,ラムダ,111-0042,台東区寿３－１９－２　シュロス浅草３０２号室,139.79135,35.7079,JGD2011,03-6802-7248
他の法人,こすもす浅草橋,111-0053,台東区浅草橋１－３４－１０　稲垣ビル６階,139.78442,35.69862,JGD2011,03-6795-1012
社福法人,ユニーク工芸,130-0003,墨田区横川２－３－７　知野ビル１０２,139.81279,35.70324,JGD2011,03-3624-8258
社福法人,空ゆけ未来工房,130-0003,墨田区横川４－１１－２,139.81535,35.70545,JGD2011,03-6658-4933
他の法人,カラコネオフィス,130-0011,墨田区石原３－３０－１０　御谷湯ビル２０１,139.80455,35.7016,JGD2011,03-6284-1787
社福法人,ユニークジョブサポート･ビー,130-0013,墨田区錦糸３－８－２　ＩＫ第５ビル３階・４階,139.8145,35.69867,JGD2011,03-5608-8904
医療法人,錦糸町就労支援センター　ひだまり工房,130-0013,墨田区錦糸３－１１－３　錦糸町北口第２ビル,139.81369,35.69915,JGD2011,03-5809-7301
区市町村,すみだふれあいセンター福祉作業所,130-0021,墨田区緑４－３５－６,139.8075,35.69579,JGD2011,03-5600-2001
他の法人,就労継続支援Ｂ事業所ソフラ,130-0021,墨田区緑１－１４－４,139.79968,35.6944,JGD2011,03-6659-6419
他の法人,すみだ花工房,131-0031,墨田区墨田２－１６－５,139.81712,35.73125,JGD2011,03-3619-3187
他の法人,ルーパス,131-0032,墨田区東向島３－３７－８,139.81702,35.72187,JGD2011,03-3616-6479
他の法人,こらーるカフェ,131-0033,墨田区向島３－２－１　向島パークハイツ１階,139.80711,35.71353,JGD2011,03-5819-3651
社福法人,向島七福福祉作業所,131-0033,墨田区向島３－３０－７,139.80984,35.71316,JGD2011,03-3625-1556
区市町村,墨田福祉作業所,131-0041,墨田区八広１－１６－２２,139.82207,35.71976,JGD2011,03-3613-8735
他の法人,隅田作業所,131-0041,墨田区八広３－１－５　ライフスペース９０　１０１号,139.82495,35.71876,JGD2011,03-3616-3465
社福法人,墨田さんさんプラザ,131-0043,墨田区立花四丁目３０番１６号,139.83484,35.70974,JGD2011,03-5631-3305
他の法人,はあとぴーす,131-0044,墨田区文花２－２－９　海老原ビル１階,139.82617,35.70723,JGD2011,03-6657-4438
区市町村,江東区第二あすなろ作業所,135-0001,江東区毛利２－１－１４,139.81694,35.68953,JGD2011,03-3846-6508
社福法人,ピアワーク・オアシス,135-0001,江東区毛利１－７－３　田中ビル,139.81264,35.69074,JGD2011,03-5638-1775
営利法人,Ｒａｉｎｂｏｗ　Ｈｏｍｅ,135-0003,江東区猿江１－３－３　石上ビル１Ｆ,139.81145,35.6857,JGD2011,03-6666-9690
区市町村,江東区障害者福祉センター,135-0011,江東区扇橋３－７－２,139.8201,35.68285,JGD2011,03-3699-0316
社福法人,ふれあい工房,135-0015,江東区千石２－２－５,139.81573,35.67802,JGD2011,03-6458-7085
社福法人,オアシス・プラス,135-0021,江東区白河４－７－２,139.80928,35.68316,JGD2011,03-5646-7811
他の法人,新生したまち作業所,135-0023,江東区平野３－７－４　オーク・ミューラル２０１,139.80568,35.67806,JGD2011,03-3641-7303
社福法人,ワークセンターつばさ,135-0031,江東区佐賀２－７－４,139.79149,35.67961,JGD2011,03-5621-4503
他の法人,らふぁえる,135-0042,江東区木場６－１０－６　ＴＫＹビル５階,139.806,35.66827,JGD2011,03-5639-5502
営利法人,Ｓｍｉｌｅ　Ｌａｂ　Ｔｏｋｙｏ,135-0042,江東区木場１－４－５　イマス木場ビル５Ｂ,139.80399,35.66864,JGD2011,03-6666-5817
社福法人,若竹作業所,135-0043,江東区塩浜２－５－２０　塩浜福祉プラザ内４階,139.80518,35.66123,JGD2011,03-3648-1053
社福法人,自立センターあけぼの,135-0051,江東区枝川２－３－７　アライビル１・２Ｆ,139.80547,35.65914,JGD2011,03-5633-7804
他の法人,ソフトパワー,136-0071,江東区亀戸４－３８－４－１０１,139.82848,35.70283,JGD2011,03-3684-2360
他の法人,サンフラワーワーキング,136-0072,江東区大島１－６－９,139.82214,35.68856,JGD2011,03-3685-0186
他の法人,すこやか作業所,136-0072,江東区大島４－１－６－１４６,139.82912,35.68723,JGD2011,03-3638-3762
社福法人,のびのび作業所デリバリー,136-0072,江東区大島６－１－４－１０９、１１０、１１１,139.83229,35.69347,JGD2011,03-5628-6617
社福法人,のびのび作業所フーズ,136-0072,江東区大島８－３２－１３　マヒコビル１・２階,139.84183,35.68978,JGD2011,03-6807-0900
他の法人,コミュニティワークＴ＆Ｋ,136-0072,江東区大島８－３２－９,139.84183,35.68978,JGD2011,03-6802-9228
社福法人,ゆめ工房,136-0073,江東区北砂１－１４－４　１階,139.82422,35.67921,JGD2011,03-3644-6773
社福法人,ゆめ工房北砂,136-0073,江東区北砂１－１４－４　２階,139.82422,35.67921,JGD2011,03-3644-0654
社福法人,のびのび作業所エコ,136-0073,江東区北砂３－２２－２０,139.83095,35.68094,JGD2011,03-5665-8180
社福法人,ネットワークゆめ工房,136-0073,江東区北砂１－１７－４　稲見北砂ハイツ１階,139.82475,35.68134,JGD2011,03-3644-1645
社福法人,ドリームクラブハウス,136-0073,江東区北砂１－１５－８,139.82512,35.67831,JGD2011,03-3644-6858
区市町村,江東区あすなろ作業所,136-0074,江東区東砂３－３０－６　東砂福祉プラザ２・３階,139.84464,35.68102,JGD2011,03-3646-6720
社福法人,ドリーム第２,136-0074,江東区東砂６－２０－７,139.8409,35.67519,JGD2011,03-3644-0683
社福法人,高齢障害者通所施設さくら分室,136-0074,江東区東砂６－２－１４,139.84166,35.66997,JGD2011,03-6458-7840
社福法人,第三あすなろ作業所,136-0076,江東区南砂４－３－１０,139.8271,35.67444,JGD2011,03-5606-8531
社福法人,のびのび共同作業所大河,136-0076,江東区南砂３－５－１４　ＯＫ．ＢＬＤＧⅡ４・５階,139.82784,35.673,JGD2011,03-5634-8558
社福法人,コム・オアシス,136-0076,江東区南砂３－４－６,139.82681,35.67319,JGD2011,03-5690-5959
社福法人,かもめ第一工房,140-0001,品川区北品川３－７－２１　北品川つばさの家４階,139.7392,35.61713,JGD2011,03-3458-4307
社福法人,第二しいのき学園,140-0002,品川区東品川３－１－８,139.7466,35.61698,JGD2011,03-5479-2941
社福法人,さつき,140-0003,品川区八潮５－３－８,139.75186,35.60259,JGD2011,03-3790-0593
区市町村,品川区立西大井福祉園,140-0015,品川区西大井５－７－２４,139.71703,35.59929,JGD2011,03-3777-0294
社福法人,かもめ第二工房,140-0015,品川区西大井１－８－７,139.72299,35.60084,JGD2011,03-6429-8401
社福法人,ふれあい作業所西大井,140-0015,品川区西大井４－９－９,139.72026,35.5965,JGD2011,03-3775-4585
区市町村,就労継続支援B型　ガーデン,141-0021,品川区上大崎１－２０－１２,139.72176,35.63323,JGD2011,03-5793-7072
社福法人,かもめ第三工房,141-0031,品川区西五反田２－２４－２,139.71922,35.62586,JGD2011,03-5435-1808
社福法人,トット文化館,141-0033,品川区西品川２－２－１６,139.7269,35.61453,JGD2011,03-3779-0233
その他,ふれあい作業所西品川,141-0033,品川区西品川１－２８－３,139.72659,35.60954,JGD2011,03-3787-5750
社福法人,ブレス（学芸大学）,152-0001,目黒区中央町２－３２－５　スマイルプラザ中央町,139.68837,35.63137,JGD2011,03-5721-6516
他の法人,ＳＵＮ,152-0001,目黒区中央町２－３２－５　スマイルプラザ中央町４Ｆ,139.68837,35.63137,JGD2011,03-3712-0653
他の法人,フードコミュニティ目黒,152-0001,目黒区中央町２－３２－５　スマイルプラザ中央町,139.68837,35.63137,JGD2011,03-5768-0707
他の法人,おおぞら,152-0001,目黒区中央町２－３２－１３,139.68837,35.63137,JGD2011,03-3710-2531
社福法人,あかねの会目黒就労支援室,152-0001,目黒区中央町２－３２－１４,139.68837,35.63137,JGD2011,03-3794-5194
社福法人,しいの実社　学芸大学スマイルプラザ,152-0001,目黒区中央町２－３２－５,139.68837,35.63137,JGD2011,03-5794-9055
社福法人,しいの実社,152-0002,目黒区目黒本町２－７－３,139.69319,35.62667,JGD2011,03-5724-7153
区市町村,目黒区立目黒本町福祉工房,152-0002,目黒区目黒本町１－１４－２４,139.69533,35.6283,JGD2011,03-3714-0514
他の法人,目黒区高次脳機能障害者支援センターいきいき＊せかんど,152-0003,目黒区碑文谷５－１２－１,139.6824,35.62359,JGD2011,03-3713-8207
他の法人,ワークイン翔,152-0032,目黒区平町２－２０－８　マイコート１０１,139.67917,35.61333,JGD2011,03-3723-0571
区市町村,目黒区立かみよん工房,153-0051,目黒区上目黒４－１－２６,139.69232,35.64202,JGD2011,03-3760-3059
区市町村,目黒区立下目黒福祉工房,153-0064,目黒区下目黒３－１０－２,139.71127,35.62822,JGD2011,03-3793-2590
社福法人,のぞみ園,143-0013,大田区大森南２－１５－１,139.74062,35.56245,JGD2011,03-5737-0777
区市町村,大田区立大田福祉作業所,143-0015,大田区大森西三丁目３番９号,139.73035,35.57467,JGD2011,03-3763-8739
社福法人,社会福祉法人東京コロニー　東京都大田福祉工場,143-0015,大田区大森西２－２２－２６,139.72888,35.57563,JGD2011,03-3762-7611
他の法人,P.プロゼクト,143-0016,大田区大森北３－５－３,139.73325,35.5842,JGD2011,03-5493-2533
他の法人,おれんじルーム,143-0024,大田区中央４－２０－３,139.71768,35.58083,JGD2011,03-6303-7150
社福法人,まごめ園,143-0027,大田区中馬込２－３－１９,139.70718,35.59533,JGD2011,03-3773-0777
区市町村,大田区立うめのき園,144-0033,大田区東糀谷五丁目１７番１４－１０１号,139.74431,35.55759,JGD2011,03-3743-3811
区市町村,大田区立しいのき園,144-0034,大田区西糀谷二丁目９番１２号,139.7375,35.56046,JGD2011,03-5705-0033
他の法人,糀谷作業所,144-0044,大田区本羽田１－１８－２１,139.72626,35.54726,JGD2011,03-3742-3460
区市町村,大田区立くすのき園,144-0045,大田区南六郷三丁目２３番９号,139.71411,35.54141,JGD2011,03-3732-0141
区市町村,大田区立はぎなか園,144-0047,大田区萩中２－１２－２３,139.73288,35.55085,JGD2011,03-5705-6531
社福法人,さわやかワークセンター,144-0051,大田区西蒲田３－１９－１,139.70732,35.56783,JGD2011,03-5747-5670
他の法人,樹林館,144-0051,大田区西蒲田３－１９－１,139.70732,35.56783,JGD2011,03-3752-5959
社福法人,とちの実作業所,144-0051,大田区西蒲田１－１９－１９－１０２,139.71153,35.57039,JGD2011,03-5700-4533
他の法人,ステップ夢,144-0051,大田区西蒲田６－２４－５,139.71066,35.56509,JGD2011,03-3733-3490
社福法人,ＥＮＴＡＳ,144-0051,大田区西蒲田４－４－１－２階,139.71672,35.56979,JGD2011,03-3751-7650
他の法人,アルファ企画,144-0051,大田区西蒲田２－９－１６,139.70834,35.56978,JGD2011,03-3752-2274
社福法人,クッキングワーク街の駅,144-0051,大田区西蒲田３－１８－９,139.70831,35.56794,JGD2011,03-6410-6400
他の法人,喫茶　色えんぴつ,144-0054,大田区新蒲田２－１－１０－１０１,139.7083,35.55979,JGD2011,03-3734-3690
営利法人,サンアップ,144-0055,大田区仲六郷４－６－１５,139.70967,35.54439,JGD2011,03-3737-0895
区市町村,大田区立志茂田福祉センター,144-0056,大田区西六郷１－４－２７,139.71115,35.55517,JGD2011,03-3734-0763
社福法人,みどり作業所,144-0056,大田区西六郷２－５－８,139.70816,35.55138,JGD2011,03-3730-9882
区市町村,大田区立上池台障害者福祉会館　身体障害者作業室　,145-0064,大田区上池台５－５－１,139.70192,35.59555,JGD2011,03-3728-3111
社福法人,はすの実作業所,146-0082,大田区池上５－２８－１－１０８,139.71191,35.57342,JGD2011,03-3752-2150
他の法人,みどりの歩み,146-0085,大田区久が原２－１４－９,139.69734,35.58263,JGD2011,03-6410-4530
社福法人,Beステーション凛,146-0092,大田区下丸子４－６－１６,139.68294,35.57127,JGD2011,03-6715-2675
他の法人,沙らの木,146-0094,大田区東矢口３－１５－２３・２４,139.70537,35.56277,JGD2011,03-3737-9190
他の法人,さぽーと・さら,146-0094,大田区東矢口３－１２－１８　ベルス馬場１０１・１０２,139.70364,35.56259,JGD2011,03-3737-9190
区市町村,世田谷区立下馬福祉工房,154-0002,世田谷区下馬２－２０－１４,139.67532,35.64054,JGD2011,03-5712-5103
区市町村,世田谷区立世田谷福祉作業所,154-0002,世田谷区下馬二丁目３１番３４－１０１号,139.67862,35.64265,JGD2011,03-3414-0141
社福法人,Ｎａｖｉｏけやき,154-0011,世田谷区上馬３－７－８　トーヨーＢＬＤＧ,139.66368,35.63454,JGD2011,03-3421-8701
他の法人,アディクションリハビリテーションセンター　すとぉりぃ,154-0015,世田谷区桜新町１－８－６,139.64432,35.62989,JGD2011,03-3704-7344
社福法人,上町工房,154-0017,世田谷区世田谷３－９－１,139.64842,35.64522,JGD2011,03-3706-0645
他の法人,ハーモニー,154-0017,世田谷区世田谷３－４－１　アップビル２階,139.64632,35.64392,JGD2011,03-5477-3225
他の法人,Ｃｒａｚｙ　Ｃａｔｓ,154-0022,世田谷区梅丘１－２１－９　大津ビル２階,139.65375,35.6554,JGD2011,03-3420-1982
社福法人,Factory藍,154-0023,世田谷区若林５－２－９,139.66029,35.64697,JGD2011,03-3412-1366
他の法人,リバティ世田谷,154-0024,世田谷区三軒茶屋１－２９－１３　ハイツ三軒茶屋２Ｃ－２,139.66978,35.64107,JGD2011,03-6450-9970
他の法人,エイト,155-0031,世田谷区北沢５－２３－２７,139.67067,35.66982,JGD2011,03-3469-5055
社福法人,大原福祉作業所,156-0041,世田谷区大原１－２３－１３,139.66162,35.66737,JGD2011,03-3460-9019
他の法人,白梅福祉作業所,156-0043,世田谷区松原６－４３－１７,139.64902,35.65631,JGD2011,03-3325-5407
区市町村,世田谷区立梅丘ウッドペッカーの森,156-0043,世田谷区松原６－４－１,139.65251,35.65794,JGD2011,03-3327-5917
他の法人,のぞみ園,156-0044,世田谷区赤堤４－２７－１４,139.64052,35.6635,JGD2011,03-5376-7761
社福法人,まごの手便,156-0044,世田谷区赤堤４－３６－１９　関口ビル１階,139.64084,35.66462,JGD2011,03-3324-2391
他の法人,風の谷プロジェクト,156-0055,世田谷区船橋２－２１－２８,139.61861,35.65239,JGD2011,03-3484-0395
他の法人,喫茶室パイン作業所Ⅰ,156-0057,世田谷区上北沢２－１－１　都立松沢病院内,139.61752,35.66922,JGD2011,03-3303-1237
他の法人,ワークランド・フレンドパーク,156-0057,世田谷区上北沢３－１７－７,139.62518,35.6683,JGD2011,03-5374-3895
区市町村,世田谷区立烏山福祉作業所,157-0061,世田谷区北烏山１－２９－１５,139.60812,35.67504,JGD2011,03-3326-8001
社福法人,ちぐさ企画,157-0061,世田谷区北烏山１－８－２　ＮＴＫビル２階,139.6068,35.67361,JGD2011,03-3305-1830
他の法人,さくら美術工房,157-0063,世田谷区粕谷４－２０－１８　幸栄マンション２１１,139.6026,35.66512,JGD2011,03-6317-3014
他の法人,すまいるフラワー,157-0064,世田谷区給田４－１０－１９　ストレンジャーイズミ１階,139.59097,35.66872,JGD2011,03-6909-0355
社福法人,喜多見夢工房,157-0067,世田谷区喜多見９－１－３５,139.5885,35.63726,JGD2011,03-3430-5400
営利法人,就労継続支援B型事業所　TODAY喜多見,157-0067,世田谷区喜多見９－３－１３,139.58727,35.63742,JGD2011,03-5761-9417
他の法人,にゃんこの館,157-0071,世田谷区千歳台３－３－１６　ＨＮ千歳台ビル４階,139.61642,35.65029,JGD2011,03-3482-5052
医療法人,nicoRe,157-0072,世田谷区祖師谷３－４－８　石田ビル１階,139.60643,35.64288,JGD2011,03-3482-8967
社福法人,わくわく祖師谷,157-0072,世田谷区祖師谷３－２１－１,139.60466,35.64297,JGD2011,03-3789-8727
社福法人,世田谷更生館,157-0073,世田谷区砧３－９－１１,139.61348,35.63593,JGD2011,03-3416-7131
区市町村,世田谷区立砧工房,157-0073,世田谷区砧４－３２－１４,139.61473,35.64331,JGD2011,03-3417-4604
社福法人,泉の家,157-0076,世田谷区岡本２－３３－２３,139.61679,35.62389,JGD2011,03-3417-3451
区市町村,世田谷区立岡本福祉作業ホーム,157-0076,世田谷区岡本２－３３－２４,139.61679,35.62389,JGD2011,03-3415-3366
社福法人,社会就労センターパイ焼き窯,158-0082,世田谷区等々力２－３６－１３,139.64694,35.60558,JGD2011,03-3702-0459
社福法人,パイ焼き茶房,158-0082,世田谷区等々力２－１８－１,139.65268,35.60634,JGD2011,03-3703-0415
他の法人,One-Self（ワン－セルフ）,158-0083,世田谷区奥沢８－１－３　奥沢レックス１Ｆ,139.65979,35.60225,JGD2011,03-6809-7735
他の法人,アン,158-0091,世田谷区中町２－２１－１２　なかまちNPOセンター２０５,139.64481,35.61373,JGD2011,03-3702-5523
区市町村,世田谷区立玉川福祉作業所,158-0094,世田谷区玉川１－７－２,139.62798,35.61044,JGD2011,03-3707-0498
社福法人,用賀福祉作業所,158-0097,世田谷区用賀４－７－１,139.63055,35.62693,JGD2011,03-3708-5061
社福法人,就労支援施設ゆに（ＵＮＩ）,158-0098,世田谷区上用賀５－１４－１－１　２階,139.62601,35.63015,JGD2011,03-5797-3560
他の法人,ワークセンターひかわ,150-0011,渋谷区東３－１４－１３　渋谷区ひがし健康プラザ２階,139.70973,35.65112,JGD2011,03-6712-5120
他の法人,福祉作業所おかし屋ぱれっと,150-0011,渋谷区東２－１１－４,139.71085,35.65243,JGD2011,03-3409-3774
社福法人,広尾ジョイワーク,150-0012,渋谷区広尾４－２－１２,139.72168,35.65439,JGD2011,03-6427-6576
区市町村,渋谷区立新橋作業所,150-0013,渋谷区恵比寿１－２７－１０　新橋区民複合施設４Ｆ,139.71635,35.64766,JGD2011,03-3444-5541
他の法人,すみれ工房,150-0022,渋谷区恵比寿南２－２３－１２　エビスサニービル２階,139.70956,35.64208,JGD2011,03-6303-2441
他の法人,ストライドクラブ,150-0046,渋谷区松濤１－２９－１０　渋谷Ｅ－ＢＬＤ２０１,139.69507,35.66016,JGD2011,03-6455-3628
他の法人,みどり工房,151-0051,渋谷区千駄ヶ谷５－３－１２,139.70811,35.6823,JGD2011,03-3356-9517
他の法人,むつみ工房,151-0072,渋谷区幡ケ谷３－４４－１０　フォレスト３,139.67235,35.67991,JGD2011,03-5351-9395
他の法人,ＴＥＮ　ＴＯＮＥ,151-0072,渋谷区幡ヶ谷１－８－４　リッツパラシオ１００１・１００２,139.67259,35.67566,JGD2011,03-6276-6181
他の法人,福祉作業所ふれんど,151-0073,渋谷区笹塚２－３３－９,139.66411,35.67509,JGD2011,03-3299-2694
他の法人,ワークささはた,151-0073,渋谷区笹塚３－４８－１－１号棟,139.66818,35.67994,JGD2011,03-3376-8924
他の法人,ワーク＆ショップ＜はらっぱ＞,151-0073,渋谷区笹塚３－９－３　京王ビル２０３,139.66928,35.67737,JGD2011,03-3372-6351
他の法人,ホープ就労支援センター渋谷,151-0073,渋谷区笹塚２－１６－１,139.66618,35.67429,JGD2011,03-6300-5240
社福法人,杉の子　城山,164-0001,中野区中野１－６－１２,139.67828,35.70195,JGD2011,03-3364-5381
社福法人,コロニーもみじやま支援センター,164-0001,中野区中野５－３－３２,139.67239,35.70823,JGD2011,03-5318-9952
他の法人,あとりえふぁんとむ,164-0003,中野区東中野４－２－２　篠木ビル２階・３階,139.68544,35.70688,JGD2011,03-3360-3517
社福法人,中野区仲町就労支援事業所,164-0011,中野区中央３－１９－１,139.67422,35.70008,JGD2011,03-3360-1571
他の法人,ワークセンター翔和,164-0011,中野区中央１－３２－６　フォーチュンハウス２０１,139.68446,35.69791,JGD2011,03-5386-0474
他の法人,中野区東部福祉作業センター,164-0011,中野区中央２－２２－１０,139.681,35.70078,JGD2011,03-3366-2940
他の法人,カサ　デ　オリーバ,164-0012,中野区本町５－３５－９,139.66837,35.69371,JGD2011,03-5340-8898
社福法人,ふらっとなかの,164-0012,中野区本町５－４０－１４,139.66837,35.69168,JGD2011,03-6805-6580
社福法人,杉の子　弥生,164-0013,中野区弥生町２－５－１１,139.6765,35.69173,JGD2011,03-3373-1236
社福法人,中野区立弥生福祉作業所,164-0013,中野区弥生町４－３６－１５,139.67055,35.68969,JGD2011,03-3384-2939
社福法人,杉の子丸山,165-0021,中野区丸山１－４－５,139.65608,35.72334,JGD2011,03-3385-8565
社福法人,コロニー中野,165-0023,中野区江原町２－６－７,139.66768,35.72882,JGD2011,03-3953-3541
他の法人,すばるカンパニー,165-0033,中野区若宮１－５４－１５,139.65016,35.71997,JGD2011,03-3339-6541
社福法人,杉の子　大和,165-0034,中野区大和町３－１８－２,139.64749,35.71111,JGD2011,03-3336-6294
他の法人,koen the TAO,166-0002,杉並区高円寺北３－６－２　１階,139.6452,35.7055,JGD2011,03-6383-0445
社福法人,杉並・あしたの会福祉作業所,166-0004,杉並区阿佐谷南３－１２－１　第三栄ビル,139.62878,35.70282,JGD2011,03-5397-3636
他の法人,魔法陣,166-0004,杉並区阿佐谷南３－９－２　新光ハイツ１－Ｄ,139.6313,35.70155,JGD2011,03-3393-5522
社福法人,ワークショップ・かたつむり,166-0012,杉並区和田１－５－１８　アテナビル２階,139.66295,35.68917,JGD2011,03-3381-4278
社福法人,済美職業実習所,166-0013,杉並区堀ノ内１－２６－６,139.64935,35.6862,JGD2011,03-3312-0566
他の法人,けやき亭,166-0015,杉並区成田東３－１－３,139.64076,35.69464,JGD2011,03-3311-6101
他の法人,ゆい企画,166-0015,杉並区成田東５－１５－２１　成宗マンション１階,139.6286,35.70196,JGD2011,03-3220-7880
社福法人,あけぼの作業所,167-0023,杉並区上井草４－３－１１,139.59697,35.7181,JGD2011,03-3395-1441
他の法人,障害者就労支援センター どんまい福祉工房,167-0031,杉並区本天沼１－２４－９,139.63199,35.7137,JGD2011,03-3396-2881
社福法人,阿佐谷福祉工房,167-0032,杉並区天沼１－１５－１８,139.62997,35.70752,JGD2011,03-3392-7347
他の法人,マカナ,167-0032,杉並区天沼２－３－９　伊藤ビル２階・３階,139.62389,35.70508,JGD2011,03-6279-9579
他の法人,ワークみらい,167-0032,杉並区天沼３－６－６　吉田ビル２０１,139.61916,35.7069,JGD2011,03-6383-5746
他の法人,作業所にしおぎ館,167-0042,杉並区西荻北４－３１－１２　西荻マンション１階,139.59299,35.70861,JGD2011,03-3397-3154
他の法人,リブレ,167-0043,杉並区上荻１－５－８,139.62183,35.70494,JGD2011,03-3392-7946
他の法人,パルテ,167-0043,杉並区上荻１－１３－１０　共栄ビル３０３号室、３０２号室,139.61803,35.70503,JGD2011,03-3392-7939
他の法人,工房ラルゴ,167-0043,杉並区上荻４－２６－１１,139.60294,35.71151,JGD2011,03-3399-1338
社福法人,チャレンジ,167-0043,杉並区桃井４－４－３　スカイコート西荻窪２,139.60147,35.71265,JGD2011,03-5310-5052
他の法人,パソコン工房ゆずりは,167-0051,杉並区荻窪１－２０－１５,139.6192,35.69279,JGD2011,03-6383-5364
社福法人,ひまわり作業所,167-0054,杉並区松庵２－２２－２２,139.59227,35.69815,JGD2011,03-3333-9724
社福法人,あすなろ作業所,168-0062,杉並区方南１－３ー４,139.66023,35.67418,JGD2011,03-3322-1020
他の法人,杉並いずみ　第二,168-0062,杉並区方南１－５２－２０,139.65829,35.67954,JGD2011,03-3321-4485
他の法人,杉並いずみ　第一,168-0063,杉並区和泉４－４４－４,139.65378,35.68136,JGD2011,03-5377-2121
他の法人,アゲイン,168-0064,杉並区永福１－２７－３１,139.64473,35.67241,JGD2011,03-5300-2834
他の法人,地球儀,168-0064,杉並区永福４－１－５　三永永福ビル２階,139.64357,35.67656,JGD2011,03-5300-0310
他の法人,かいとー,168-0065,杉並区浜田山３－１－９,139.6335,35.67962,JGD2011,03-5374-3033
他の法人,Ｓ．Ｕストリート,168-0074,杉並区上高井戸１－１－９,139.6156,35.66995,JGD2011,03-5374-2505
社福法人,希望の家,168-0082,杉並区久我山５－３６－１７,139.60188,35.68991,JGD2011,03-3335-3774
区市町村,豊島区立駒込福祉作業所,170-0003,豊島区駒込４－７－１,139.74182,35.73521,JGD2011,03-3910-2301
社福法人,豊芯会ジョブトレーニング事業所,170-0004,豊島区北大塚３－３４－７,139.72672,35.73506,JGD2011,03-3915-9002
他の法人,共同作業所オーク,171-0014,豊島区池袋２－５３－１３　ルート池袋第２ビル４階・５階・６階,139.70908,35.73404,JGD2011,03-5992-8287
社福法人,いけぶくろ茜の里,171-0014,豊島区池袋４－１５－１０,139.70775,35.73983,JGD2011,03-5960-5231
他の法人,自立支援センターまめの樹,171-0021,豊島区西池袋５－２６－１６　ＣＨＩＢＡビル５階,139.69955,35.73221,JGD2011,03-3973-8711
営利法人,は～と豊島,171-0022,豊島区南池袋４－２４－５　ロゼ南池袋２０１,139.72252,35.72312,JGD2011,03-5927-9795
他の法人,こみっとプレイス,171-0022,豊島区南池袋４－１０－５　１階,139.71758,35.72342,JGD2011,03-6903-1355
区市町村,豊島区立目白福祉作業所,171-0031,豊島区目白５－２４－１２,139.69717,35.72531,JGD2011,03-3953-4195
他の法人,就労継続支援Ｂ型　ＢａｓｅＣａｍｐ,171-0043,豊島区要町３－２２－１０　星野館ビル４０１,139.68831,35.73887,JGD2011,03-5926-7418
他の法人,ル・ピュル,171-0051,豊島区長崎１－１８－９　阿部ビル,139.69382,35.7286,JGD2011,03-6905-8005
他の法人,あおぞら作業所,171-0052,豊島区南長崎５－９－１０　レジェンド南長崎１０１,139.68251,35.72729,JGD2011,03-3565-6242
社福法人,就労継続支援Ｂ型　みつばちブンブン,171-0052,豊島区南長崎６－３４－１３　風の樹ビル２号館,139.67929,35.7317,JGD2011,03-3954-0839
他の法人,ワークスペース　のぞみ,171-0052,豊島区南長崎５－１８－２　南和ビル１・３Ｆ,139.68172,35.72848,JGD2011,03-6908-1919
他の法人,このはの家,171-0052,豊島区南長崎５－１８－７　コーポ藤１階１０２,139.68172,35.72848,JGD2011,03-6850-3019
社福法人,あゆみ福祉センター,114-0001,北区東十条６－５－１９,139.72549,35.7705,JGD2011,03-6454-4405
社福法人,第二あゆみ福祉センター,114-0001,北区東十条３－１４－２５,139.7292,35.76587,JGD2011,03-5959-3505
区市町村,東京都北区立王子福祉作業所,114-0002,北区王子２－１９－２０,139.73642,35.75888,JGD2011,03-3919-9575
他の法人,たいよう,114-0003,北区豊島５－３－３５,139.75035,35.76525,JGD2011,03-3927-0348
他の法人,あいアイ工房,114-0012,北区田端新町３－３６－６　四季ビル１階,139.7646,35.74185,JGD2011,03-6807-6622
他の法人,フリッカ・ビーウーマン,114-0014,北区田端６－３－１８　ビラカミムラ３０２,139.75844,35.73846,JGD2011,03-3822-7658
区市町村,東京都北区立たばた福祉作業所,114-0024,北区西ヶ原１－１９－１２,139.74791,35.74276,JGD2011,03-5907-5215
社福法人,就労・生活支援センター飛鳥晴山苑,114-0024,北区西ケ原４－５１－１,139.73605,35.74216,JGD2011,03-3940-9181
他の法人,つばさ工房,114-0024,北区西ケ原２－４０－１２　パーソナルハイツ１階,139.74144,35.74646,JGD2011,03-3910-4617
他の法人,ワーク・イン・あすか,114-0024,北区西ケ原１－１－１３　ヴェルテＮ１０１,139.74757,35.73968,JGD2011,03-3910-7550
他の法人,第二ワーク・イン・あすか,114-0024,北区西ケ原２－３５－８,139.7402,35.74669,JGD2011,03-3949-0009
社福法人,ワーク・スペース・ポピー,114-0031,北区十条仲原３－９－１,139.72026,35.76677,JGD2011,03-5993-5199
社福法人,ふれあいファクトリー,114-0033,北区十条台１－２－２,139.72386,35.75396,JGD2011,070-1463-5020
社福法人,工房ヴイ,114-0034,北区上十条２－１－１２,139.72194,35.75734,JGD2011,03-3906-7767
社福法人,ワークハウスペガサス,115-0043,北区神谷２－１７－２,139.72813,35.77039,JGD2011,03-3903-3942
社福法人,来夢,115-0044,北区赤羽南２－６－６　スカイブリッジ２１,139.72285,35.77238,JGD2011,03-3598-9100
社福法人,第二ワークハウスペガサス,115-0052,北区赤羽北１－２０－２,139.714,35.78719,JGD2011,03-5963-6090
社福法人,ヴイ長屋,115-0054,北区桐ケ丘１－９－４－Ｅ２８Ａ－１０７,139.7083,35.77633,JGD2011,03-5948-4300
区市町村,東京都北区立赤羽西福祉作業所,115-0055,北区赤羽西５－７－５,139.71019,35.77599,JGD2011,03-3907-5801
社福法人,りんりんりん,115-0055,北区赤羽西２－３－２０,139.72144,35.7726,JGD2011,03-5948-9181
他の法人,町屋あさがお　,116-0001,荒川区町屋３－２８－２,139.78148,35.74881,JGD2011,03-3810-3900
区市町村,荒川区立荒川福祉作業所,116-0002,荒川区荒川１－５３ー９,139.78503,35.73304,JGD2011,03-3807-3442
社福法人,荒川ひまわり,116-0002,荒川区荒川１－１７－３－１０３,139.78717,35.73546,JGD2011,03-3891-0507
他の法人,小台橋あさがお,116-0002,荒川区荒川４－２７－２,139.7811,35.73779,JGD2011,03-6806-6872
社福法人,ワークハウス荒川,116-0011,荒川区西尾久７－５０－６,139.75186,35.75,JGD2011,03-3894-4100
他の法人,オフィスサプライ東京,116-0011,荒川区西尾久５－２０－１８,139.75829,35.74789,JGD2011,03-6240-8944
社福法人,ワークハウス荒川第２,116-0011,荒川区西尾久７－５１－７,139.75188,35.75027,JGD2011,03-3894-4100
社福法人,荒川ひまわり第２,116-0012,荒川区東尾久３－２０－１０　ベルメゾンエス２階,139.77034,35.74743,JGD2011,03-3895-6149
社福法人,作業所ボンエルフ,116-0013,荒川区東日暮里３－８－１６　３階,139.78276,35.72975,JGD2011,03-3806-9424
他の法人,ワン・ステップ,116-0014,荒川区東日暮里１－１０－４,139.78842,35.73151,JGD2011,03-6458-3232
医療法人,studio 753,116-0014,荒川区東日暮里６－２２－１３　１階,139.77702,35.73139,JGD2011,03-6806-7534
区市町村,東京都板橋区立加賀福祉園,173-0003,板橋区加賀１－７－２,139.71945,35.75374,JGD2011,03-3579-2366
社福法人,ＪＨＣ大山,173-0024,板橋区大山金井町３８－１２－１０４,139.70352,35.74743,JGD2011,03-3974-9981
社福法人,おおやま福祉作業所,173-0024,板橋区大山金井町２１－１,139.70703,35.74611,JGD2011,03-5995-6186
他の法人,こもね作業所,173-0025,板橋区熊野町１４－８,139.7072,35.74233,JGD2011,03-3958-6368
区市町村,東京都板橋区立小茂根福祉園,173-0037,板橋区小茂根３－１２－２１,139.67847,35.7504,JGD2011,03-3958-8831
他の法人,ひあしんす城北,173-0037,板橋区小茂根４－１８－１４,139.67442,35.74944,JGD2011,03-3956-9521
営利法人,愛輪の里　雅　小茂根,173-0037,板橋区小茂根１－２６－６,139.67778,35.74668,JGD2011,03-5926-5672
他の法人,りそうとひかり,174-0041,板橋区舟渡３－２８－１４,139.68323,35.79552,JGD2011,03-5939-8530
区市町村,東京都板橋区立蓮根福祉園,174-0043,板橋区坂下２－８－１－１０１,139.68304,35.7816,JGD2011,03-5392-0761
他の法人,Ｙ’ｓコート　ゆい,174-0043,板橋区坂下１－３４－２５　公益財団法人東京ＹＷＣＡ板橋センター,139.68442,35.78096,JGD2011,03-5939-8623
社福法人,ＪＨＣ志村,174-0046,板橋区蓮根３－２－１５　植草ビル３階,139.67906,35.78632,JGD2011,03-3967-3489
社福法人,とくまる福祉作業所,174-0046,板橋区蓮根３－９－２６,139.67503,35.78741,JGD2011,03-3558-1910
他の法人,Ｂｅｅｃｈ,174-0053,板橋区清水町８１－１１,139.70448,35.76678,JGD2011,03-6909-6411
社福法人,東京聴覚障害者支援センター,174-0056,板橋区志村２－１９－５,139.68797,35.77572,JGD2011,03-3967-0051
区市町村,東京都板橋区立前野福祉園,174-0063,板橋区前野町四丁目１６番１号,139.68993,35.77156,JGD2011,03-5392-8731
社福法人,まえの福祉作業所,174-0063,板橋区前野町３－１７－１２,139.69115,35.76801,JGD2011,03-3965-1031
営利法人,愛輪の里　雅　前野町,174-0063,板橋区前野町２－３９－４　１０１,139.69087,35.76661,JGD2011,03-5918-9138
他の法人,ときわの杜,174-0071,板橋区常盤台３－２７－１２,139.68245,35.76124,JGD2011,03-5939-8994
営利法人,愛輪の里　雅,174-0074,板橋区東新町２－２０－１,139.68059,35.7545,JGD2011,03-5917-1473
区市町村,東京都板橋区立高島平福祉園,175-0082,板橋区高島平９－２５－１２,139.6682,35.79048,JGD2011,03-3550-3403
他の法人,リトルハウス,175-0082,板橋区高島平９－２４－４,139.66814,35.79011,JGD2011,03-6361-0596
社福法人,東京都板橋福祉工場　就労継続支援Ｂ型事業所,175-0082,板橋区高島平９－４２－７,139.66948,35.7915,JGD2011,03-3935-2601
区市町村,東京都板橋区立徳丸福祉園,175-0083,板橋区徳丸３－４１－１６,139.65637,35.77544,JGD2011,03-3935-7213
区市町村,東京都板橋区立赤塚福祉園,175-0092,板橋区赤塚６－１９－１４,139.64537,35.77711,JGD2011,03-5383-5741
社福法人,ＪＨＣ秋桜,175-0092,板橋区赤塚２－１５－２０,139.64397,35.7729,JGD2011,03-5997-2832
社福法人,ＪＨＣ赤塚,175-0092,板橋区赤塚１－８－１５,139.64648,35.77079,JGD2011,03-3975-3299
他の法人,コア・デイケア・センター,175-0092,板橋区赤塚４－３３－１１,139.64125,35.7867,JGD2011,090-6885-3492
営利法人,ｆｔｌ　ビー・ワーク,175-0094,板橋区成増２－２３－１　太郎第二ビル,139.63026,35.77892,JGD2011,03-6904-1095
社福法人,たんぽぽ,176-0001,練馬区練馬２－１４－９,139.65344,35.74202,JGD2011,03-5946-3588
社福法人,かすたねっと桜台,176-0001,練馬区練馬２－１－９,139.65605,35.74122,JGD2011,03-3948-1640
他の法人,銀杏,176-0001,練馬区練馬１－２６－６,139.65532,35.73898,JGD2011,03-5999-8314
他の法人,共同作業所ホサナショップ,176-0002,練馬区桜台１－１２－５－２０３,139.66286,35.7396,JGD2011,03-3991-7931
他の法人,あんずの家,176-0002,練馬区桜台１－８－２　ニュー桜台ビル,139.66238,35.7392,JGD2011,03-6914-8393
社福法人,すのうべる,176-0005,練馬区旭丘１－３３－４　森田方１階,139.67615,35.7337,JGD2011,03-3952-3194
社福法人,えごのみ,176-0006,練馬区栄町３６－１　グレースコートＢ１－Ｃ,139.67021,35.73919,JGD2011,03-3948-1213
他の法人,ユニバースショップ,176-0012,練馬区豊玉北５－６－２,139.6559,35.73558,JGD2011,03-3994-1885
社福法人,ねりま事業所,176-0013,練馬区豊玉中４－１０－６,139.64908,35.7311,JGD2011,03-3948-0275
社福法人,すまいる・フォレスト,177-0032,練馬区谷原５－２２－２　ＭＫＬビル３Ｆ,139.61063,35.75204,JGD2011,03-5372-3666
社福法人,山彦作業所,177-0034,練馬区富士見台２－１９－９,139.62428,35.73594,JGD2011,03-3998-5023
他の法人,共同作業所ほっとすぺーす練馬,177-0034,練馬区富士見台１－２６－１９－１０２,139.61914,35.73488,JGD2011,03-5848-7730
社福法人,ワークショップ石神井,177-0041,練馬区石神井町７－１７－４,139.59567,35.74326,JGD2011,03-5923-9811
区市町村,練馬区立白百合福祉作業所,177-0041,練馬区石神井町５－１３－１０,139.60054,35.73711,JGD2011,03-3995-7796
他の法人,ほっとすぺーす関町,177-0045,練馬区石神井台７－１３－１４,139.57787,35.73021,JGD2011,03-3929-3917
社福法人,やすらぎラウンジ,177-0045,練馬区石神井台８－２２－６,139.58006,35.73755,JGD2011,03-5947-4503
社福法人,やすらぎの杜,177-0051,練馬区関町北５－７－１０,139.57187,35.73219,JGD2011,03-3928-3315
他の法人,Ｈｏｔ　Ｊｏｂ,177-0052,練馬区関町東１－１－８－２階,139.58536,35.72335,JGD2011,03-3929-7178
社福法人,つくりっこの家クラブハウス,178-0061,練馬区大泉学園町１－２３－５,139.5909,35.76209,JGD2011,03-5387-2477
他の法人,大泉学園実習ホーム,178-0061,練馬区大泉学園町８－３０－３０,139.59396,35.77502,JGD2011,03-3923-6618
社福法人,大泉障害者支援ホーム,178-0061,練馬区大泉学園町９－４－２,139.59853,35.77479,JGD2011,03-3978-5581
他の法人,ウイズタイム,178-0061,練馬区大泉学園町４－３０－２０,139.59378,35.7682,JGD2011,03-5947-4052
区市町村,練馬区立かたくり福祉作業所,178-0062,練馬区大泉町３－２７－１０,139.59825,35.76699,JGD2011,03-5387-4610
区市町村,練馬区立大泉福祉作業所,178-0063,練馬区東大泉２－１１－２２,139.59486,35.75139,JGD2011,03-3922-6193
社福法人,べるはうす,178-0063,練馬区東大泉３－６６－１６　大泉ガーデン内,139.58832,35.75675,JGD2011,03-3867-7740
社福法人,ねりま第二事業所,178-0063,練馬区東大泉２－１－１５,139.59535,35.74907,JGD2011,03-3921-6382
社福法人,あかねの会　就労支援室,179-0074,練馬区春日町１－１８－３６,139.64752,35.74971,JGD2011,03-3577-7421
社福法人,ねりま高松事業所,179-0075,練馬区高松４－３１－１０,139.62346,35.75154,JGD2011,03-5848-8311
社福法人,やすらぎ夢工房,179-0076,練馬区土支田３－２９－２５,139.60909,35.76225,JGD2011,03-5933-2023
区市町村,練馬区立北町福祉作業所,179-0081,練馬区北町８－２－１２,139.65102,35.76413,JGD2011,03-3559-0361
社福法人,やまびこ第二作業所,179-0081,練馬区北町７－２０－３６,139.64905,35.76307,JGD2011,03-3933-8935
他の法人,ウェルネス　アンド　ワークス,179-0081,練馬区北町６－３５－１５　八鍬ビル１階,139.64937,35.7577,JGD2011,03-5945-8381
営利法人,愛輪の里　雅　錦,179-0082,練馬区錦１－１６－１０,139.67062,35.75773,JGD2011,03-6906-6992
区市町村,足立区大谷田就労支援センター,120-0001,足立区大谷田１－４４ー３,139.84526,35.78016,JGD2011,03-3605-6762
営利法人,アトリエ･ミック,120-0001,足立区大谷田１－４１－８,139.84554,35.77917,JGD2011,03-5856-0369
社福法人,綾瀬スマイル工房,120-0002,足立区中川４－７－３,139.84477,35.77223,JGD2011,03-5697-5383
他の法人,綾瀬共同作業所,120-0004,足立区東綾瀬１－２３－５　雅マンション１０１,139.82967,35.76485,JGD2011,03-5682-9988
社福法人,綾瀬ひまわり園,120-0005,足立区綾瀬７－２－７,139.82486,35.77447,JGD2011,03-3629-3231
社福法人,綾瀬なないろ園,120-0005,足立区綾瀬７－１４－１２,139.82666,35.7729,JGD2011,03-5682-0730
営利法人,すたっかぁと,120-0005,足立区綾瀬２－３７－１,139.82938,35.75968,JGD2011,03-6662-9001
他の法人,コレカラ堂,120-0006,足立区谷中３－７－２１,139.83522,35.77903,JGD2011,03-5849-5759
他の法人,アリス,120-0011,足立区中央本町１－１８－１７,139.8051,35.77602,JGD2011,03-3849-6300
他の法人,ラトリエＡＯＩ,120-0012,足立区青井１－１７－７,139.81436,35.77465,JGD2011,03-6807-2427
他の法人,ワーカーズコープ青井,120-0012,足立区青井５－１０－２,139.81866,35.77707,JGD2011,03-6807-2982
社福法人,はなさく第二共同作業所　,120-0022,足立区柳原１－１－１５　柳原共同会館,139.81081,35.74627,JGD2011,03-5813-3625
他の法人,メロディー竹の塚,120-0023,足立区保木間１－１－１３,139.80353,35.78912,JGD2011,03-5851-9802
社福法人,ボンサンス・千寿,120-0034,足立区千住４－３－９,139.80159,35.75337,JGD2011,03-3888-1470
他の法人,Ｓ．Ｇ．Ｓ．さんらいず,120-0041,足立区千住元町１０－７,139.79297,35.75459,JGD2011,03-3881-6554
社福法人,神明福祉作業所,121-0057,足立区神明南２－６－１８,139.83304,35.78719,JGD2011,03-5682-5370
医療法人,一粒の麦,121-0061,足立区花畑４－３４－１６,139.80484,35.8054,JGD2011,03-3884-8351
営利法人,のんの,121-0064,足立区保木間１－１－３　東潤ビル２階,139.80353,35.78912,JGD2011,03-5831-1015
他の法人,渕江作業所,121-0064,足立区保木間３－４－１３　シオガマビル１階,139.80266,35.79638,JGD2011,03-5856-5806
社福法人,花畑共同作業所,121-0071,足立区東六月町５－２０,139.80316,35.78767,JGD2011,03-6684-3990
他の法人,保木間作業所,121-0072,足立区保塚町９－１４,139.81377,35.78661,JGD2011,03-3860-9513
社福法人,葦の会作業所,121-0801,足立区東伊興１－１４－７,139.78297,35.80471,JGD2011,03-3857-8839
社福法人,希望の苑,121-0813,足立区竹の塚７－１９－９,139.7959,35.80096,JGD2011,03-5831-1801
社福法人,竹の塚ひまわり園,121-0813,足立区竹の塚７－１９－７,139.7959,35.80096,JGD2011,03-5831-1721
区市町村,足立区精神障がい者自立支援センター,121-0813,足立区竹の塚６－１８－１２,139.79236,35.79663,JGD2011,03-3883-7177
社福法人,協立作業所,121-0816,足立区梅島３－７－２１,139.79645,35.77581,JGD2011,03-3840-4339
他の法人,ＷＥＬ’Ｓ　ＦＬＡＴ,121-0831,足立区舎人６－６－２２,139.76564,35.81496,JGD2011,03-5837-4495
他の法人,諏訪木作業所,123-0841,足立区西新井３－１０－１７,139.7834,35.78797,JGD2011,03-3899-9513
営利法人,けい　SHARE,123-0841,足立区西新井２－３２－１４　サンセール西新井１階,139.77971,35.7859,JGD2011,03-5647-6616
社福法人,就労支援施設　ウィズユー,123-0844,足立区興野２－１８－１２,139.7782,35.76917,JGD2011,03-5837-4830
他の法人,ベルの会共同作業所,123-0845,足立区西新井本町２－１５－７,139.77238,35.77702,JGD2011,03-3856-9420
社福法人,萌作業所,123-0851,足立区梅田２－１９－１,139.8009,35.76495,JGD2011,03-3840-1003
他の法人,コスモス会,123-0856,足立区本木西町１７－１８,139.77798,35.7616,JGD2011,03-3854-3175
社福法人,谷在家福祉作業所,123-0863,足立区谷在家３－１３－１,139.76564,35.78833,JGD2011,03-3853-0632
社福法人,アトリエほっと・しかはま,123-0864,足立区鹿浜７－２３－１３,139.76169,35.7853,JGD2011,03-3855-6135
営利法人,かがやき夢工場,124-0001,葛飾区小菅４－８－６　エバー綾瀬２階～４階,139.82478,35.76113,JGD2011,03-3604-8501
社福法人,Craft,124-0004,葛飾区東堀切１－１６－２２,139.83524,35.74961,JGD2011,03-3603-0598
その他,第２あすなろの家,124-0005,葛飾区宝町２－２－２７,139.83409,35.74509,JGD2011,03-5698-8293
営利法人,レッツ・エンジョイ,124-0006,葛飾区堀切２－６－４　ぷれじお華３階,139.82475,35.74353,JGD2011,03-6662-8701
社福法人,きね川福祉作業所,124-0014,葛飾区東四つ木３－８－１０,139.83823,35.7294,JGD2011,03-3694-1577
他の法人,就労支援センターファンタジア,124-0021,葛飾区細田５－１６－１１,139.87563,35.73785,JGD2011,03-6458-0127
社福法人,奥戸福祉館,124-0022,葛飾区奥戸３－１７ー４－１０１,139.86102,35.73015,JGD2011,03-5670-8111
社福法人,しょうぶエバンズ,124-0022,葛飾区奥戸１－１－１,139.85098,35.72871,JGD2011,03-5654-3353
社福法人,シャイン,124-0022,葛飾区奥戸２－１－８,139.85591,35.73336,JGD2011,03-5671-2145
その他,あすなろの家,124-0024,葛飾区新小岩３－２０－６,139.86609,35.71532,JGD2011,03-3674-2560
社福法人,やすらぎリバーシティ,124-0024,葛飾区新小岩１－５－２,139.85321,35.7146,JGD2011,03-5678-6170
他の法人,グリーンカフェ,124-0024,葛飾区新小岩１－４９－２　古屋ビル３階,139.85989,35.71587,JGD2011,03-5879-4435
社福法人,西水元福祉館,125-0031,葛飾区西水元３－１１－１,139.84726,35.78862,JGD2011,03-5660-2101
社福法人,水元そよかぜ園,125-0032,葛飾区水元５－１６－１１,139.86275,35.78919,JGD2011,03-3607-5656
営利法人,叶夢,125-0035,葛飾区南水元２－２３－２０,139.85799,35.77811,JGD2011,070-5575-2851
社福法人,社会福祉法人東京コロニー　東京都葛飾福祉工場,125-0042,葛飾区金町２－８－２０,139.86884,35.76479,JGD2011,03-3600-4001
営利法人,あさひ,125-0042,葛飾区金町６－５－８,139.87109,35.76865,JGD2011,03-3826-6075
社福法人,かがやけ第２共同作業所,125-0051,葛飾区新宿１－１－１５,139.86005,35.75601,JGD2011,03-3607-3180
社福法人,就労支援施設ビオラ,125-0051,葛飾区新宿３－９－１１,139.86243,35.75983,JGD2011,03-6410-6147
社福法人,さくらハウス,125-0051,葛飾区新宿２－１１－１１　コイズミハイツ１０１,139.85745,35.76268,JGD2011,03-3627-3473
社福法人,葛飾しょうぶ園,125-0054,葛飾区高砂二丁目８番１号,139.86418,35.74871,JGD2011,03-3672-7161
社福法人,高砂福祉館,125-0054,葛飾区高砂５－１０－１,139.86404,35.75185,JGD2011,03-5699-6221
他の法人,就労移行支援施設すずかぜ,125-0061,葛飾区亀有３－１６－１０　たちばなやビル２階,139.84843,35.76387,JGD2011,03-6231-2055
社福法人,青戸しょうぶ,125-0062,葛飾区青戸五丁目２０番６号,139.85451,35.75014,JGD2011,03-3603-9729
社福法人,パランしょうぶ,125-0062,葛飾区青戸８－２４－２７,139.85507,35.75811,JGD2011,03-6231-2161
社福法人,白鳥福祉館,125-0063,葛飾区白鳥４－８－１,139.84688,35.7524,JGD2011,03-3604-0034
社福法人,もぐらの家,132-0003,江戸川区春江町３－２１－６,139.88876,35.69329,JGD2011,03-3679-0110
他の法人,トリコローレ,132-0013,江戸川区江戸川２－８－９３　セントラルハウス１階,139.90356,35.68685,JGD2011,03-6638-9308
他の法人,ＹＳＧ　土の夢,132-0023,江戸川区西一之江４－１６－１１　前波ビル１階,139.87401,35.6944,JGD2011,03-3655-7224
社福法人,エスプリドゥ,132-0033,江戸川区東小松川１－１３－１－１Ｆ・３Ｆ,139.86754,35.69881,JGD2011,03-5879-4792
他の法人,ＰＣ工房,132-0034,江戸川区小松川１－５－２　トニワンビル３０５号室,139.85065,35.68911,JGD2011,03-5875-5592
他の法人,イーストフライト,132-0034,江戸川区小松川３－２－１　テクノタウン３０６,139.84749,35.69683,JGD2011,03-5875-5941
他の法人,第二悠遊舎えどがわ,132-0035,江戸川区平井１－６－１０　チェルシー泉１階,139.84792,35.70116,JGD2011,03-5628-2706
社福法人,すみれ福祉作業所,133-0041,江戸川区上一色３－２７－３　福島ビル１階・２階,139.87294,35.72994,JGD2011,03-3674-0346
社福法人,東京光の村授産学園,133-0051,江戸川区北小岩２－３３－３,139.88757,35.73748,JGD2011,03-5612-2502
社福法人,第二オハナ,133-0054,江戸川区上篠崎４－１０－７,139.89717,35.70916,JGD2011,03-5666-3310
社福法人,さざんくろす篠崎,133-0054,江戸川区上篠崎２－４－２１,139.90154,35.71158,JGD2011,03-5666-3301
他の法人,エルムワークメイト,133-0056,江戸川区南小岩６－５－９,139.87747,35.73024,JGD2011,03-6458-9511
他の法人,小岩作業所,133-0056,江戸川区南小岩３－９－６　テクノプラザビル１Ｆ,139.88591,35.72571,JGD2011,03-3671-8828
区市町村,江戸川区立福祉作業所,133-0057,江戸川区西小岩３－２５－１５,139.87703,35.738,JGD2011,03-3657-1971
社福法人,第三オハナ,133-0061,江戸川区篠崎町２－２－１８,139.90544,35.70484,JGD2011,03-6658-4308
他の法人,味噌工房わくわく,133-0061,江戸川区篠崎町１－６－２２,139.90434,35.70947,JGD2011,03-6638-9748
他の法人,元明館,133-0065,江戸川区南篠崎町２－３４－６　第６ストークマンション１０２,139.90254,35.69219,JGD2011,03-3678-1814
他の法人,ジョブアンティ,133-0073,江戸川区鹿骨１－６１－８　１階,139.89011,35.7107,JGD2011,03-6231-8035
社福法人,るーぷ,134-0003,江戸川区春江町４－１８－１５　インスコート１０１,139.87669,35.68302,JGD2011,03-5879-9288
区市町村,江戸川区立希望の家,134-0013,江戸川区江戸川５－３２－６,139.88287,35.67295,JGD2011,03-3680-1531
社福法人,菜の花作業所,134-0083,江戸川区中葛西２－８－２　,139.87244,35.67318,JGD2011,03-3680-4735
社福法人,江戸川かもめ第一事業所,134-0083,江戸川区中葛西２－８－１,139.87244,35.67318,JGD2011,03-3804-1728
社福法人,江戸川かもめ第二事業所,134-0083,江戸川区中葛西２－８－２１,139.87244,35.67318,JGD2011,03-5658-4865
他の法人,就労継続支援事業所　ワーク花きりん,134-0083,江戸川区中葛西６－１０－７　江戸川ビル１階,139.86635,35.66099,JGD2011,03-6808-1670
社福法人,江戸川かもめ第三事業所,134-0088,江戸川区西葛西７－２８－１８,139.86244,35.659,JGD2011,03-5676-1430
他の法人,ワークスペースことのはBooks,134-0091,江戸川区船堀２－２１－６　藤ビル１階,139.86176,35.68161,JGD2011,03-6456-0735
他の法人,Ｓｏｒａ,192-0001,八王子市戸吹町５５７,139.28345,35.71232,JGD2011,042-696-3108
社福法人,ESPRIT,192-0001,八王子市戸吹町１１１－３－１Ｆ　　,139.29999,35.70688,JGD2011,042-696-3381
社福法人,ぽぷら八王子,192-0001,八王子市戸吹町２１０４　株式会社エフピコ八王子ＰＷ工場内,139.2892,35.70714,JGD2011,042-696-5090
他の法人,まこもっちゃ,192-0005,八王子市宮下町４６５番地４,139.31049,35.70528,JGD2011,042-621-541
他の法人,あけぼの事業所,192-0011,八王子市滝山町１－５３－１,139.34106,35.68974,JGD2011,042-692-4113
他の法人,滝山事業所,192-0011,八王子市滝山町１－１２－１,139.3418,35.68787,JGD2011,042-696-3531
他の法人,梅坪事業所,192-0013,八王子市梅坪町１１６－１,139.34016,35.68695,JGD2011,042-696-5631
社福法人,八王子福祉作業所,192-0051,八王子市元本郷町４－１３－３,139.31326,35.66514,JGD2011,042-626-631
社福法人,いちょう工房　そら,192-0051,八王子市元本郷町２－１９－１,139.31847,35.66594,JGD2011,042-627-79
他の法人,かたつむり食堂,192-0051,八王子市元本郷町３－１６－１５,139.31552,35.66496,JGD2011,042-621-5367
他の法人,木馬工房,192-0051,八王子市元本郷町３－１７－１３,139.31551,35.66546,JGD2011,042-624-3340
他の法人,ミナモ,192-0051,八王子市元本郷町１－３１－１,139.32106,35.666,JGD2011,042-686-1689
他の法人,ほっとスペース八王子,192-0053,八王子市八幡町１３－２　ふくしまやビル２階,139.32812,35.66062,JGD2011,042-628-2319
社福法人,オープンスペース本郷町,192-0054,八王子市小門町７５－７　エイビット小門町ビル１・２階,139.32355,35.65935,JGD2011,042-625-7317
営利法人,桜草　追分工房,192-0056,八王子市追分町２２－４,139.31805,35.66185,JGD2011,042-697-7713
営利法人,いちょう企画,192-0066,八王子市本町４－７　東屋ビル,139.33443,35.66169,JGD2011,042-686-1870
他の法人,ファースト・ステップ,192-0071,八王子市八日町７－１８,139.32962,35.66088,JGD2011,042-649-7085
他の法人,きゃとる,192-0071,八王子市八日町１－４－１０１,139.33311,35.65956,JGD2011,042-634-9603
他の法人,クレヨンハウス,192-0073,八王子市寺町６８－２２,139.33437,35.65542,JGD2011,042-621-1344
社福法人,デイサービスＴＲＹ,192-0073,八王子市寺町６０－５,139.33437,35.65694,JGD2011,042-634-9067
社福法人,ピアわかくさ,192-0081,八王子市横山町２０－１９　橋本ビル２階・３階,139.33641,35.6605,JGD2011,042-631-9404
他の法人,ｌｙｋｋｅアカデミー,192-0081,八王子市横山町２５－１６　フロイデンビル２階,139.33994,35.66012,JGD2011,042-686-2833
他の法人,ＨＥＬＬＯＳ八王子,192-0082,八王子市東町１－６　橋完ＬＫビル５階,139.34068,35.65786,JGD2011,042-649-9945
社福法人,希望の里,192-0151,八王子市上川町３８８９,139.24167,35.70431,JGD2011,042-654-7311
社福法人,グループＧ,192-0153,八王子市西寺方町３６６　グランドソレイユ１階,139.26622,35.67478,JGD2011,042-650-5515
他の法人,ホープスカイ,192-0154,八王子市下恩方町１７４８－１　グローブ武田ビル店舗Ｂ,139.25957,35.6717,JGD2011,042-659-1383
他の法人,パン工房「うさぎとかめ」,192-0352,八王子市大塚４２２－３,139.42134,35.63983,JGD2011,042-689-6152
他の法人,草夢,192-0354,八王子市松が谷１１－５－１０２,139.41591,35.62817,JGD2011,042-682-3063
社福法人,かたくりの家,192-0355,八王子市堀之内１２３６,139.38853,35.63586,JGD2011,042-674-520
社福法人,由木工房,192-0355,八王子市堀之内１２３６－１,139.38853,35.63586,JGD2011,042-677-1685
他の法人,夢畑,192-0355,八王子市堀之内１０５２,139.40219,35.62971,JGD2011,042-653-9247
社福法人,ぷらさｄｅかたくり,192-0362,八王子市松木１４－１１,139.39117,35.62592,JGD2011,042-674-8653
他の法人,まんじゅう屋遊夢,192-0362,八王子市松木４８－１０　グランドール１０３、１０２,139.39453,35.6239,JGD2011,042-674-475
他の法人,ひなげし,192-0362,八王子市松木３５－７－１０２,139.39693,35.62508,JGD2011,042-675-3411
他の法人,パソコンサロン夢像,192-0363,八王子市別所１－１１－８　アルデバラン１０１,139.39821,35.62222,JGD2011,042-674-407
他の法人,夢来,192-0363,八王子市別所１－３－１８　ラソネット２０１、２０２,139.39763,35.62477,JGD2011,042-674-5994
社福法人,いちょう工房　ゆぎ,192-0372,八王子市下柚木２－１８－１６　ビーブル南大沢１０１,139.3777,35.62316,JGD2011,042-675-8887
営利法人,めだか販売店,192-0904,八王子市子安町１－２－６　南口駅前ビル５Ｆ,139.33928,35.65414,JGD2011,042-649-4410
他の法人,すまいる工房,192-0906,八王子市北野町５９３－１７　マンション浮羽１階,139.35263,35.65306,JGD2011,042-649-3373
営利法人,サポートセンター「なないろ」,192-0906,八王子市北野町５３７－９,139.35199,35.64753,JGD2011,042-649-3990
社福法人,浅川園,193-0801,八王子市川口町１５４３,139.29678,35.68365,JGD2011,042-654-4043
他の法人,きずな工房からまつ,193-0801,八王子市川口町１５５９－８,139.29805,35.68612,JGD2011,042-659-1885
営利法人,HACHIOJI FARMER'S KITCHEN　ふぁむ,193-0801,八王子市川口町３７２１－２,139.28712,35.68825,JGD2011,042-659-1722
他の法人,藍作業所,193-0803,八王子市楢原町３８４－５,139.31171,35.67667,JGD2011,042-623-2534
他の法人,そらいろ作業所,193-0811,八王子市上壱分方町２７４－１,139.28828,35.68016,JGD2011,042-659-1461
社福法人,八王子障害者総合支援センターとことこ,193-0824,八王子市長房町３７４－１０　１階,139.29825,35.65576,JGD2011,042-668-8848
社福法人,ひのき工房,193-0826,八王子市元八王子町２－１８３９－２,139.27609,35.65963,JGD2011,042-667-2158
他の法人,あらいと,193-0831,八王子市並木町１４－２０,139.30113,35.65146,JGD2011,042-663-6966
他の法人,プレワーク,193-0831,八王子市並木町３－３　グランドメゾン八王子１Ｆ,139.30507,35.65409,JGD2011,042-686-325
社福法人,ビーイングスペース萌,193-0834,八王子市東浅川町５２８－３　石井ビル,139.29353,35.64368,JGD2011,042-668-7226
他の法人,レストランあさかわ,193-0834,八王子市東浅川町５５１－１　八王子市東浅川保健福祉センター内,139.29314,35.64509,JGD2011,042-667-1771
社福法人,ふきのとう,193-0834,八王子市東浅川町６２５－５,139.29965,35.64325,JGD2011,042-667-4158
他の法人,れっつ,193-0834,八王子市東浅川町５２５－５　第五小池ビル１階,139.29518,35.64355,JGD2011,042-629-9010
他の法人,ワークポート,193-0835,八王子市千人町２－７－５,139.31187,35.65978,JGD2011,042-669-340
他の法人,森のぱんやさん,193-0835,八王子市千人町２－３－１,139.31375,35.65834,JGD2011,042-673-7827
社福法人,リサイクルわかくさ,193-0836,八王子市日吉町１３－３０　仁命堂マンション２階,139.31248,35.66162,JGD2011,042-624-9671
他の法人,ハッピーフルーツ,193-0841,八王子市裏高尾町３９７－１４,139.26619,35.64045,JGD2011,042-673-4255
他の法人,イル・ヴェント,193-0932,八王子市緑町２９１－５,139.32185,35.64657,JGD2011,042-686-2421
他の法人,アイワークス,193-0934,八王子市小比企町４８０－１　サニーヒルいそま２０７号,139.32018,35.64383,JGD2011,042-636-9993
他の法人,ココテラス,193-0934,八王子市小比企町５３６－３,139.31859,35.64184,JGD2011,042-683-3435
他の法人,花音,190-0003,立川市栄町４－３３－５　岡田ビル１階,139.42419,35.71233,JGD2011,042-535-4009
他の法人,キッチンさかえ,190-0003,立川市栄町３－２,139.42239,35.70792,JGD2011,042-540-1033
その他,栄福祉作業所,190-0003,立川市栄町５－３８－４,139.4245,35.71812,JGD2011,042-536-0549
社福法人,柏の葉,190-0004,立川市柏町４－６６－３,139.41566,35.73047,JGD2011,042-537-8547
他の法人,立川けやき福祉作業所,190-0011,立川市高松町３－２０－９　みくにローラー貸事務所１０１,139.41786,35.70333,JGD2011,042-522-0155
他の法人,リカバリーセンター転,190-0011,立川市高松町１－１７－２０,139.41808,35.70881,JGD2011,042-548-3561
他の法人,アイル,190-0011,立川市高松町３－２９－１５　浦野ハイツ１階２０２号室,139.42036,35.70288,JGD2011,042-849-2771
他の法人,柿の木カンパニー,190-0012,立川市曙町３－４－３　ウェルダン武藤ビル３階,139.42029,35.70009,JGD2011,042-523-2962
社福法人,ワークステーション立川,190-0013,立川市富士見町７－３３－３,139.39806,35.68917,JGD2011,042-521-1234
他の法人,たんぽぽ,190-0013,立川市富士見町１－１８－１０　ワコーレ立川１階１号室,139.39642,35.699,JGD2011,042-519-3159
他の法人,立川こぶし福祉作業所,190-0021,立川市羽衣町２－１７－１０　望月ビル,139.42914,35.69356,JGD2011,042-524-2482
他の法人,WORK SPACE hinata,190-0021,立川市羽衣町２－４１－１　羽衣第一ビル１階,139.42598,35.69376,JGD2011,042-512-9763
他の法人,テン,190-0021,立川市羽衣町２－５２－１１　１階,139.42931,35.6929,JGD2011,042-512-9136
他の法人,ワークショップモア,190-0022,立川市錦町１－１７－１１　モアコート貴１階,139.42113,35.69638,JGD2011,042-525-7754
社福法人,ワークセンターまことくらぶ,190-0022,立川市錦町６－２６－１５,139.41733,35.68465,JGD2011,042-521-3988
他の法人,いすきあ立川,190-0022,立川市錦町２－１－２６　Ｎｂｕｉｌｄｉｎｇ２０２,139.41441,35.69512,JGD2011,042-512-5979
他の法人,たちかわーく,190-0022,立川市錦町２－１２－９　１階,139.41367,35.69209,JGD2011,042-512-9315
社福法人,立川福祉作業所,190-0023,立川市柴崎町３－１３－１１,139.41185,35.69411,JGD2011,042-527-2721
他の法人,しらゆり福祉作業所,190-0023,立川市柴崎町３－１１－９,139.41341,35.6943,JGD2011,042-525-0022
他の法人,グループいもっこ,190-0033,立川市一番町３－６－１,139.38106,35.72831,JGD2011,042-531-6798
社福法人,武蔵野福祉作業所,180-0001,武蔵野市吉祥寺北町４－１２－２０,139.56587,35.713,JGD2011,0422-53-1782
社福法人,ワークセンターけやき,180-0001,武蔵野市吉祥寺北町４－１１－１６,139.56555,35.71499,JGD2011,0422-54-5096
社福法人,ワークステージりぷる,180-0001,武蔵野市吉祥寺北町４－１２－１１　北町ほっと館１階,139.56587,35.713,JGD2011,0422-60-2663
他の法人,ワークショップＭＥＷ,180-0006,武蔵野市中町３－４－９　ディアハイム武蔵野ビル１階,139.56412,35.71168,JGD2011,0422-36-2089
社福法人,八幡作業所,180-0011,武蔵野市八幡町４－５－５,139.55615,35.71934,JGD2011,0422-27-8390
他の法人,ゆうあい製作所,180-0012,武蔵野市緑町１－５－１６,139.56174,35.71431,JGD2011,0422-60-5353
社福法人,ワークイン関前,180-0014,武蔵野市関前３－４１－６,139.54953,35.71539,JGD2011,0422-37-6266
社福法人,武蔵境ワーキングセンター,180-0022,武蔵野市境南町３－１０－１,139.5415,35.70114,JGD2011,0422-33-1708
営利法人,カバーヌ,180-0022,武蔵野市境１－１７－６　興栄マンションむさしの１０６号,139.54669,35.70363,JGD2011,0422-55-1533
社福法人,チャレンジャー,180-0023,武蔵野市境南町４－２０－５,139.53691,35.69858,JGD2011,0422-30-3010
社福法人,むうぷ舎中原,181-0002,三鷹市牟礼７－５－１４－１階,139.57362,35.68239,JGD2011,0422-44-7507
他の法人,すきっぷ,181-0002,三鷹市牟礼３－８－１９,139.58061,35.68891,JGD2011,050-1558-1184
他の法人,ぽけっと工房,181-0002,三鷹市牟礼１－１８－１３　ハイツ白樺３号棟１階,139.58533,35.68466,JGD2011,0422-26-7123
社福法人,むうぷ舎新川,181-0004,三鷹市新川４－９－５,139.57092,35.67205,JGD2011,0422-44-7507
社福法人,食茶房むうぷ,181-0004,三鷹市新川６－９－２３,139.56808,35.6775,JGD2011,0422-43-4600
社福法人,ワークセンター　いくせい工房,181-0004,三鷹市新川３－１０－８－２階,139.5719,35.67849,JGD2011,0422-71-5499
社福法人,ワークセンターゆうゆう舎,181-0004,三鷹市新川３－１０－８　１階,139.5719,35.67849,JGD2011,0422-41-5959
他の法人,リビングハウスマム,181-0012,三鷹市上連雀２－１８－１６　１Ｆ,139.55612,35.69964,JGD2011,0422-41-8758
社福法人,巣立ち工房,181-0013,三鷹市下連雀４－１７－６　ミタカサンライズマンション１０２,139.56097,35.69373,JGD2011,0422-24-7739
社福法人,三鷹ひまわり第一共同作業所,181-0013,三鷹市下連雀４－８－２０,139.56287,35.6936,JGD2011,0422-76-0388
社福法人,三鷹ひまわり第二共同作業所,181-0013,三鷹市上連雀４－１－８　福祉コアかみれんＢ１,139.55896,35.69746,JGD2011,0422-48-5240
社福法人,三鷹ひまわり第三共同作業所,181-0013,三鷹市下連雀３－１１－８,139.56306,35.69781,JGD2011,0422-72-0231
社福法人,ワークセンターゆめ,181-0013,三鷹市下連雀４－１５－１８　下連雀複合施設１階,139.56152,35.69614,JGD2011,0422-48-8843
社福法人,ワークセンタータートルステップ,181-0013,三鷹市下連雀３－８－１３,139.56363,35.69941,JGD2011,0422-41-2180
社福法人,巣立ち風,181-0014,三鷹市野崎２－６－４２,139.54785,35.68307,JGD2011,0422-34-2761
社福法人,工房　時,181-0014,三鷹市野崎２－６－４１,139.54785,35.68307,JGD2011,0422-30-5571
社福法人,未来工房にじ,181-0015,三鷹市大沢１－６－３,139.54095,35.6707,JGD2011,0422-39-2411
社福法人,いいあさファーム,198-0001,青梅市成木３－３１５－５,139.26357,35.83031,JGD2011,0428-85-8676
他の法人,ポラリスワーク,198-0002,青梅市富岡１－１６８,139.29877,35.82604,JGD2011,0428-74-9124
営利法人,ダックス,198-0005,青梅市黒沢３－１７７８－１,139.25616,35.79982,JGD2011,0428-74-9546
他の法人,ジョイントワークひこばえ,198-0014,青梅市大門２－２６１－１,139.2917,35.79549,JGD2011,0428-32-8757
社福法人,なかま亭,198-0021,青梅市今寺４－６－２５,139.29955,35.79657,JGD2011,0428-32-8825
区市町村,青梅市自立センター　就労支援事業所,198-0023,青梅市今井五丁目２４３４番地の２,139.32863,35.79336,JGD2011,0428-32-1631
社福法人,かすみの里,198-0024,青梅市新町１－８－１,139.29781,35.78582,JGD2011,0428-30-7055
営利法人,自立支援塾クリード新町,198-0024,青梅市新町７－５４－６　クリード青梅新町,139.31378,35.78828,JGD2011,0428-33-1256
他の法人,自立支援塾クリード青梅,198-0032,青梅市野上町４－４－５　藤村ビル１階,139.28752,35.78819,JGD2011,0428-30-7103
他の法人,自立支援塾ぱん工房,198-0042,青梅市東青梅２－１８－５　セトル東青梅１０６・１０７,139.27466,35.79024,JGD2011,0428-84-2421
他の法人,和気あいあいグリーンハウス,198-0042,青梅市東青梅１－８－８　ケイ・コーナービル１階,139.27318,35.7892,JGD2011,0428-24-6825
社福法人,青梅福祉作業所,198-0043,青梅市千ケ瀬町３－３９３－４,139.2688,35.78476,JGD2011,0428-23-3612
社福法人,わかたけ作業所,183-0004,府中市紅葉丘１－２９－３,139.51237,35.67417,JGD2011,042-369-1185
社福法人,ギャロップ,183-0005,府中市若松町１－９－１,139.49915,35.66898,JGD2011,042-365-7363
他の法人,ケアチーム大芽,183-0005,府中市若松町１－２－５　芽生会ＢＬＤ,139.49571,35.67023,JGD2011,042-314-7014
社福法人,童里夢工房,183-0006,府中市緑町１－２６－１１,139.48531,35.67342,JGD2011,042-334-4083
他の法人,カンタービレ,183-0006,府中市緑町３－１８－１３　ロイヤルプラザ東府中１階,139.49406,35.67186,JGD2011,042-306-9253
社福法人,府中ひまわり園,183-0012,府中市押立町１－１７－１３,139.50966,35.65971,JGD2011,042-365-3715
社福法人,梅の木の家共同作業所,183-0015,府中市清水が丘２－２－４　ダイトビル１・２Ｆ,139.49486,35.66729,JGD2011,042-368-6841
社福法人,わかまつ共同作業所,183-0015,府中市清水が丘３－２－２０,139.49948,35.6677,JGD2011,042-334-3126
社福法人,集いの家,183-0026,府中市南町１－４５－１,139.47037,35.65764,JGD2011,042-360-0044
他の法人,毎日ＣＡＭＰ,183-0027,府中市本町１－１－２２,139.47804,35.66853,JGD2011,042-302-5959
社福法人,西府いこいプラザ,183-0031,府中市西府町３－２９－１７,139.45697,35.67886,JGD2011,042-354-6760
社福法人,作業所スクラム,183-0033,府中市分梅町５－２５－１,139.46388,35.66115,JGD2011,042-304-6000
他の法人,コットンハウス,183-0034,府中市住吉町２－１３－３　ベルメゾン住吉第２　１０１号室,139.45897,35.65796,JGD2011,042-368-2550
他の法人,プロジェクツけやきのもり,183-0034,府中市住吉町１－６０－１０,139.45995,35.66067,JGD2011,042-368-7989
社福法人,むさし結いの家,183-0042,府中市武蔵台１－８－１８　大貫ビル１階,139.4666,35.68768,JGD2011,042-340-4441
社福法人,レスポワール工房,183-0045,府中市美好町１－３０－３　シャロンベテル矢代１階,139.46857,35.67274,JGD2011,042-367-5080
他の法人,ちえホーム,183-0051,府中市栄町３－１２－１　メディカルビル・グレイス４階,139.46922,35.68819,JGD2011,042-314-2200
他の法人,FLAGS design,183-0054,府中市幸町２－１３－２９　府中ひだまり１０１号,139.48466,35.67886,JGD2011,042-315-4508
社福法人,ワークセンターこむたん,183-0056,府中市寿町３－３－６,139.47404,35.67354,JGD2011,042-306-8639
その他,社会福祉法人府中市社会福祉協議会「は～もにぃ」,183-0056,府中市寿町１－１　府中グリーンプラザ分館内,139.47888,35.67287,JGD2011,042-340-0212
社福法人,ワークショップさかえ,183-0057,府中市晴見町３－１８－７　晴見町ハイツ,139.47807,35.68587,JGD2011,042-336-5807
他の法人,ぷーやんあしながくらぶ２号館,196-0001,昭島市美堀町４－９－８,139.35294,35.72004,JGD2011,042-545-6640
社福法人,障害者就労プラザあいあい,196-0001,昭島市美堀町３－８－１　昭島市環境コミュニケーションセンター,139.35432,35.72346,JGD2011,042-546-6009
社福法人,昭島ひまわりの家,196-0002,昭島市拝島町２－５－１７,139.34087,35.70823,JGD2011,042-544-4485
他の法人,通所作業所こまくさ工房,196-0004,昭島市緑町２－２９－６,139.34875,35.71423,JGD2011,042-544-4461
社福法人,食工房ゆいのもり,196-0011,昭島市上川原町１－９－１５,139.36278,35.70959,JGD2011,042-542-5160
社福法人,ゆいのもりつつじが丘,196-0012,昭島市つつじが丘３－５－６－１０８,139.3683,35.71367,JGD2011,042-545-5451
社福法人,ゆいのもり田中町,196-0014,昭島市田中町１－１９－４,139.35486,35.70662,JGD2011,042-542-6776
社福法人,みしょう,196-0015,昭島市昭和町４－７－１　昭島市保健福祉センター内,139.36354,35.71101,JGD2011,042-544-5033
その他,あきしま福祉作業所,196-0015,昭島市昭和町５－８－２０,139.35959,35.71151,JGD2011,042-541-0742
社福法人,第１リサイクル洗びんセンター,196-0021,昭島市武蔵野３－２－１９,139.37791,35.71861,JGD2011,042-542-5800
社福法人,第２リサイクル洗びんセンター,196-0021,昭島市武蔵野３－２－１９,139.37791,35.71861,JGD2011,042-542-5800
他の法人,あんだんて,196-0022,昭島市中神町１１５７番地３０,139.37553,35.71208,JGD2011,042-519-2816
他の法人,MIRAI,196-0025,昭島市朝日町１－９－７　Ｋ・Ｋビル１０１号室,139.3741,35.70822,JGD2011,042-519-2942
他の法人,にこにこ食堂,196-0025,昭島市朝日町１－５－１１,139.37509,35.70802,JGD2011,042-541-0706
社福法人,創造印刷,182-0005,調布市東つつじケ丘２－２９－１,139.57703,35.65601,JGD2011,03-5314-7081
他の法人,だいち調布事業所,182-0005,調布市東つつじケ丘１－２－７　１階,139.57559,35.65874,JGD2011,03-6279-6482
他の法人,だいち調布第２事業所,182-0006,調布市西つつじケ丘４－２７－９－１０５,139.57573,35.65452,JGD2011,042-426-9555
他の法人,ゆうわーく,182-0006,調布市西つつじケ丘３－３２－２０　宝陽ビル２階,139.57388,35.65853,JGD2011,042-430-0844
他の法人,わかば第一事業所,182-0011,調布市深大寺北町５－３５－２６,139.55042,35.68056,JGD2011,042-484-1360
他の法人,第２ポピーの家,182-0015,調布市八雲台２－１１－２４,139.56075,35.65314,JGD2011,042-483-7090
他の法人,ぴいす,182-0017,調布市深大寺元町４－７－１２,139.54236,35.6685,JGD2011,042-230-9776
他の法人,めじろ作業所,182-0022,調布市国領町１－３－１　調布セントラルアパート１階,139.55125,35.65062,JGD2011,042-443-1633
他の法人,わかば第二事業所,182-0022,調布市国領町２－１８－１　アトラック国領１階,139.55962,35.65225,JGD2011,042-488-2870
他の法人,就労継続支援B型事業所ファーストステップ,182-0023,調布市染地３－１－９４６,139.55704,35.6399,JGD2011,042-426-4223
社福法人,しごと場大好き,182-0024,調布市布田３－２０－１,139.54785,35.64746,JGD2011,042-486-1022
他の法人,クッキングハウス,182-0024,調布市布田１－１０－５　稲毛家ビル１階,139.54626,35.65432,JGD2011,042-488-6369
社福法人,旭出調布福祉作業所,182-0026,調布市小島町３－２６－１,139.53586,35.64694,JGD2011,042-485-5885
社福法人,はあと・ふる・えりあ,182-0026,調布市小島町１－２２－７,139.5401,35.65489,JGD2011,042-490-8625
社福法人,調布くすの木作業所,182-0026,調布市小島町３－７２－２６,139.54176,35.64832,JGD2011,042-486-9129
他の法人,リフレッシュ工房,182-0026,調布市小島町１－４－１８　メゾン調布１０２号室,139.54158,35.6555,JGD2011,042-486-4531
区市町村,調布市知的障害者援護施設すまいる,182-0032,調布市西町２９０－４,139.52269,35.66634,JGD2011,042-481-7723
社福法人,シェア,182-0034,調布市下石原１－４２－１１,139.53401,35.65594,JGD2011,042-481-1157
他の法人,リサイクルショップ　不思議屋,182-0034,調布市下石原１－５－５,139.53487,35.65769,JGD2011,042-489-3754
社福法人,こひつじ舎,182-0035,調布市上石原１－３６－７,139.53252,35.65906,JGD2011,042-488-4433
他の法人,爽々苑,182-0035,調布市上石原３－７－８,139.52574,35.65388,JGD2011,042-480-8294
他の法人,高次脳機能障がい者活動センター調布ドリーム,182-0036,調布市飛田給２－２２－７,139.52402,35.65965,JGD2011,042-444-3068
社福法人,原町田スクエア,194-0013,町田市原町田５－４－１９,139.44977,35.54497,JGD2011,042-725-0786
他の法人,喫茶けやき,194-0013,町田市原町田４－２８－１　町田市立国際版画美術館内,139.45494,35.54449,JGD2011,042-728-8062
社福法人,ラ・ドロン,194-0022,町田市森野３－１９－１３,139.43915,35.55256,JGD2011,042-721-0402
営利法人,しんわ町田事業所,194-0022,町田市森野６－１９５－５　横山第３ビル１階,139.42839,35.55404,JGD2011,042-709-6066
他の法人,クローバーの会,194-0032,町田市本町田２５０７－４　町田木曽住宅ハ－１６－１０３,139.43564,35.56699,JGD2011,042-791-3357
他の法人,黎音,194-0032,町田市本町田３４８６　１－５０－１０１,139.44574,35.56961,JGD2011,042-860-7104
区市町村,町田市美術工芸館,194-0035,町田市忠生３－６－２２,139.41733,35.57758,JGD2011,042-793-2227
社福法人,町田おかしの家,194-0035,町田市忠生２－７－９,139.42595,35.57911,JGD2011,042-792-9773
社福法人,富士清掃サービス,194-0035,町田市忠生３－１８－１　コーポラス坂の上１０２,139.41423,35.57825,JGD2011,042-792-0757
社福法人,富士作業所,194-0035,町田市忠生２－２６－１２,139.42097,35.57945,JGD2011,042-792-0865
他の法人,森工房,194-0035,町田市忠生４－２３－６,139.41289,35.58019,JGD2011,042-792-3661
社福法人,就労継続支援事業Ｂ型なないろ,194-0037,町田市木曽西２－１７－１６,139.41527,35.56957,JGD2011,042-794-3252
社福法人,ボワ・アルモニー,194-0037,町田市木曽西２－９－１８,139.41325,35.57067,JGD2011,042-791-0144
社福法人,第２赤い屋根,194-0041,町田市玉川学園２－７－１３,139.46236,35.56198,JGD2011,042-785-5040
他の法人,福祉レストランフレンズ,194-0045,町田市南成瀬５－１２　町田市立総合体育館内,139.47917,35.53612,JGD2011,042-727-9844
社福法人,ベロニカ苑Ⅱ,194-0046,町田市西成瀬１－５１－２８,139.46599,35.54328,JGD2011,042-851-8572
区市町村,町田市大賀藕絲館,194-0202,町田市下小山田町３２６７,139.40848,35.58714,JGD2011,042-797-1616
社福法人,花の家,194-0202,町田市下小山田町３２６７－２,139.40848,35.58714,JGD2011,042-797-6004
社福法人,町田ゆめ工房,194-0211,町田市相原町２９８３－１５７,139.31288,35.6076,JGD2011,042-782-1491
他の法人,エッグドーム・スローワールド,194-0298,町田市相原町４３４２,139.29341,35.61339,JGD2011,042-782-6588
社福法人,ひあたり野津田,195-0063,町田市野津田町１８３２－５,139.436,35.58799,JGD2011,042-736-8421
他の法人,ワークショップ七国山,195-0063,町田市野津田町３４４５－３,139.44322,35.57977,JGD2011,042-736-1767
他の法人,町田リス園　,195-0071,町田市金井町７３３－１,139.45003,35.57748,JGD2011,042-734-1001
他の法人,クラフト工房Ｌａ　Ｍａｎｏ,195-0072,町田市金井５－１４－１８,139.46162,35.57825,JGD2011,042-736-1455
社福法人,こころみ,195-0074,町田市山崎町９９６,139.44041,35.57985,JGD2011,042-791-3388
社福法人,かがやき,195-0074,町田市山崎町１２１４－１,139.44037,35.57578,JGD2011,042-794-4888
営利法人,ノーマライゼーションK,195-0074,町田市山崎町２２００　山?団地名店街３－１８－１０４・１０５,139.43161,35.57292,JGD2011,042-794-9056
区市町村,小金井市福祉共同作業所,184-0002,小金井市梶野町５－１０－５８,139.52632,35.70354,JGD2011,042-383-1185
社福法人,小金井聖ヨハネ支援センター,184-0002,小金井市梶野町５－８－９,139.52461,35.70428,JGD2011,042-386-7731
他の法人,フラワー工房さくら,184-0004,小金井市本町６－５－３　シャトー小金井,139.5042,35.69926,JGD2011,042-386-3690
他の法人,あん工房,184-0004,小金井市本町３－８－１　第二佐藤ビル,139.50818,35.70604,JGD2011,042-385-1126
他の法人,にこにこファクトリー,184-0004,小金井市本町１－１４－１５,139.51057,35.69993,JGD2011,042-401-2556
社福法人,パン工房ノアノア,184-0004,小金井市本町四丁目１番１号,139.50676,35.70591,JGD2011,042-388-4020
社福法人,小金井生活実習所,184-0005,小金井市桜町２－４－３,139.50256,35.70986,JGD2011,042-381-2423
他の法人,共同作業所　希望の家,184-0011,小金井市東町２－２４－１７,139.53326,35.69857,JGD2011,0422-32-5071
他の法人,スペース楽,184-0011,小金井市東町４－１０－１４　第２黒沢コーポ１F,139.52373,35.69493,JGD2011,042-388-6456
他の法人,ワークセンター「あい」,184-0011,小金井市東町４－１７－１,139.5244,35.69593,JGD2011,042-387-5045
他の法人,木馬の会（ライブワークス）,184-0013,小金井市前原町１－８－５　サンテラス前原１０１,139.50862,35.68946,JGD2011,042-316-5438
他の法人,手づくり工房　たいさんぼく,184-0014,小金井市貫井南町４－１１－１１　グランバレイ１０２・１０５,139.49141,35.69624,JGD2011,042-380-8224
他の法人,ゆめ工房さくら,184-0015,小金井市貫井北町２－１８－６,139.49623,35.70755,JGD2011,042-385-6683
社福法人,小金井聖ヨハネワークセンター,184-0015,小金井市貫井北町２－１３－６,139.49817,35.70636,JGD2011,042-315-2238
社福法人,のぞみ作業所,187-0001,小平市大沼町２－１２－５,139.49596,35.74274,JGD2011,042-342-5711
社福法人,ワークセンター夢の樹,187-0001,小平市大沼町２－１－５,139.49225,35.73862,JGD2011,042-349-2587
社福法人,小平福祉園,187-0002,小平市花小金井８－１－１０,139.50266,35.73167,JGD2011,042-433-9330
社福法人,リズム工房,187-0002,小平市花小金井１－６－１３,139.51389,35.72971,JGD2011,042-410-2484
他の法人,８７５Ｂｅａｎｓ,187-0003,小平市花小金井南町１－１４－２,139.51271,35.72356,JGD2011,042-467-8750
社福法人,小平第二みどり作業所,187-0004,小平市天神町３－７－１６,139.49947,35.73102,JGD2011,042-313-4461
社福法人,あしたば作業所,187-0011,小平市鈴木町２－１８７－３,139.50702,35.72341,JGD2011,042-467-8071
社福法人,おだまき,187-0031,小平市小川東町４－２－１　小平元気村おがわ東,139.47476,35.74061,JGD2011,042-346-4530
社福法人,サングリーン,187-0032,小平市小川町１－９４３,139.45619,35.72705,JGD2011,042-345-1585
社福法人,あさやけ鷹の台作業所,187-0032,小平市小川町１－４１１－１,139.43671,35.73018,JGD2011,042-346-2167
社福法人,クラブハウスはばたき,187-0032,小平市小川町１－４０７－１１,139.43549,35.73022,JGD2011,042-343-0676
社福法人,あさやけ第二作業所,187-0032,小平市小川町２－１１５９,139.46782,35.72809,JGD2011,042-345-1564
社福法人,食事サービスセンターなごみ,187-0041,小平市美園町１－４－１,139.48692,35.73711,JGD2011,042-345-2118
他の法人,ｐｌａｎｓ,187-0042,小平市仲町４２５－１２　アカシアビル２０１,139.48813,35.72932,JGD2011,042-313-6254
社福法人,バウム,187-0045,小平市学園西町３－２４－１８,139.47714,35.7266,JGD2011,042-313-2798
社福法人,たんぽぽひのセンター,191-0001,日野市栄町２－１７－１　都営日野栄町二丁目アパート２号棟１階,139.39127,35.68381,JGD2011,042-581-3072
営利法人,メダカフェ　侘寂,191-0011,日野市日野本町４－６－２　ホテル　ブーゲンビリア日野,139.39468,35.67973,JGD2011,042-589-3633
他の法人,スローワールド　ふれあいの森,191-0016,日野市日野本町６－１－３,139.40234,35.68178,JGD2011,042-843-2381
社福法人,たんぽぽたかはたセンター,191-0031,日野市高幡８６４－１５,139.40913,35.66392,JGD2011,042-599-7299
他の法人,やまぼうし平山台,191-0043,日野市平山２－１－１,139.38458,35.64146,JGD2011,042-506-9333
他の法人,ハートリボン,191-0052,日野市東豊田１－１７－１,139.39455,35.66315,JGD2011,042-843-4708
社福法人,あおいとり日野,191-0054,日野市東平山３－１－２７,139.3788,35.65451,JGD2011,042-584-1837
社福法人,くつろぎ,191-0061,日野市大坂上１－５－３１,139.39079,35.67611,JGD2011,042-587-4868
社福法人,指定障害者支援施設　光の家栄光園,191-0065,日野市旭が丘１－１７－１７,139.37268,35.65611,JGD2011,042-581-2340
社福法人,工房夢ふうせん,191-0065,日野市旭が丘２－４２－１２,139.36852,35.66304,JGD2011,042-587-8630
社福法人,光の家就労ホーム,191-0065,日野市旭が丘３－６－６,139.36908,35.65863,JGD2011,042-589-5410
社福法人,つばさ,191-0065,日野市旭が丘２－４２－５,139.36852,35.66304,JGD2011,042-582-3434
社福法人,あきつの園,189-0001,東村山市諏訪町１－３－１０　社会福祉センター内,139.46674,35.76547,JGD2011,042-392-4800
社福法人,コロニー東村山,189-0001,東村山市秋津町２－２２－９,139.48753,35.76899,JGD2011,042-394-1111
他の法人,けやき第一作業所,189-0001,東村山市秋津町２－３２－１５,139.48863,35.77099,JGD2011,042-395-9566
社福法人,かりん,189-0001,東村山市秋津町２－３７－４７,139.48958,35.772,JGD2011,042-393-2013
社福法人,トーコロ青葉ワークセンター,189-0002,東村山市青葉町２－３９－１０,139.49117,35.7654,JGD2011,042-395-1439
社福法人,平成の里,189-0002,東村山市青葉町３－３０－７,139.49611,35.76914,JGD2011,042-397-5966
社福法人,久米川共同作業所,189-0003,東村山市久米川町２－２１－１４,139.47879,35.76477,JGD2011,042-396-5649
社福法人,なごみの里　就労継続支援Ｂ型,189-0011,東村山市恩多町５－３８－４,139.48901,35.75749,JGD2011,042-395-5700
他の法人,共同作業所セサミ萩　,189-0012,東村山市萩山町２－２－２,139.4765,35.74064,JGD2011,042-347-4587
他の法人,える・ぽいん,189-0012,東村山市萩山町２－１０－１５,139.47923,35.74018,JGD2011,042-392-8090
他の法人,けやき第二作業所,189-0013,東村山市栄町３－１７－４,139.46852,35.74553,JGD2011,042-395-4655
社福法人,飛翔クラブ,189-0013,東村山市栄町２－９－３２　晃正プラザ３０３,139.47128,35.74983,JGD2011,042-395-1427
社福法人,みどりの森,189-0021,東村山市諏訪町１－２７－２,139.46893,35.77047,JGD2011,042-395-3210
他の法人,ラ・メール,189-0022,東村山市野口町１－３－２８,139.46544,35.76269,JGD2011,042-394-8010
社福法人,東村山生活実習所,189-0024,東村山市富士見町１－５－１１,139.4603,35.74195,JGD2011,042-394-3771
社福法人,福祉事業センター,189-0024,東村山市富士見町２－７－５,139.45242,35.74027,JGD2011,042-395-3636
社福法人,お弁当くらぶ,189-0024,東村山市富士見町５－５－４４,139.46219,35.74482,JGD2011,042-392-2936
社福法人,ひなたの道,189-0025,東村山市廻田町１－１５－１,139.45497,35.75515,JGD2011,042-394-3731
社福法人,十二月,189-0025,東村山市廻田町３－１６－８,139.44818,35.76,JGD2011,042-394-3523
社福法人,仲間の家,189-0025,東村山市廻田町３－４－５,139.44824,35.75726,JGD2011,042-392-5060
社福法人,希望園,185-0003,国分寺市戸倉４－１４－７,139.45554,35.70816,JGD2011,042-321-2200
他の法人,オハナ農園,185-0003,国分寺市新町１－１８－９,139.45087,35.7123,JGD2011,042-207-7687
社福法人,食彩工房プラスワン,185-0003,国分寺市戸倉３－２－１９,139.45384,35.7094,JGD2011,042-300-8050
社福法人,ともしび工房,185-0013,国分寺市西恋ケ窪４－１０－２,139.46483,35.70638,JGD2011,042-324-7071
社福法人,さつき共同作業所,185-0022,国分寺市東元町３－４－１９　本多ビル１階,139.47992,35.69439,JGD2011,042-326-3775
社福法人,ビーパス,185-0023,国分寺市西元町３－６－１４,139.46991,35.68918,JGD2011,042-316-8523
社福法人,国分寺市障害者センター,185-0024,国分寺市泉町２－３－８,139.46869,35.69611,JGD2011,042-321-1212
他の法人,福祉作業所天成舎,186-0003,国立市富士見台１－４１－１５　マンション辰巳,139.45163,35.68382,JGD2011,042-571-2231
他の法人,ともにードリーム,186-0003,国立市富士見台３－４－４　ロイヤル国立第１１ビル３階,139.44048,35.68697,JGD2011,042-505-9963
他の法人,うめの木作業所,186-0005,国立市西２－２０－１０　第２村上ビル２階,139.43581,35.69318,JGD2011,042-573-0933
他の法人,デイセンターたまぷらねっと“わ”,186-0005,国立市西２－１１－２３　関ビル第２,139.43692,35.69378,JGD2011,042-505-5441
他の法人,就労センター拝島駅作業所,197-0003,福生市熊川１３９５－１,139.34172,35.72215,JGD2011,042-553-1537
他の法人,就労センター 第２拝島駅作業所,197-0003,福生市熊川１６４６－１　サンライズマルヤマＡ,139.34485,35.72355,JGD2011,042-513-7018
他の法人,ジョブスペース游,197-0011,福生市福生字武蔵野２３５１－１,139.32147,35.74108,JGD2011,042-553-2575
社福法人,麦わら帽子,197-0011,福生市大字福生２１２５－３,139.3327,35.74394,JGD2011,042-552-2258
営利法人,わーくあっぷ,197-0013,福生市武蔵野台１－１１－７,139.33467,35.74771,JGD2011,042-513-7132
他の法人,ワークひなた,201-0004,狛江市岩戸北１－７－９－１０７,139.58012,35.63633,JGD2011,03-5761-8408
社福法人,ひかり作業所,201-0005,狛江市岩戸南３－１１－９,139.59209,35.62969,JGD2011,03-3489-6452
他の法人,就労支援事業所メイ,201-0013,狛江市元和泉２－３５－１　あいとぴあセンター３階,139.56741,35.6334,JGD2011,03-3480-8187
社福法人,こまえ工房,201-0014,狛江市東和泉１－３２－２１,139.5768,35.63037,JGD2011,03-3480-1443
他の法人,ライブリィ工房,207-0004,東大和市清水２－８５０－１,139.44456,35.75364,JGD2011,042-567-2513
他の法人,第２あとりえトントン,207-0013,東大和市向原４－３３－９　ブルーバード１０１・２０６,139.4442,35.73627,JGD2011,042-566-4001
営利法人,就労支援事業所ＮＯＡＨ,207-0014,東大和市南街５－８９－１０　Ｙビル１Ｆ,139.43298,35.73456,JGD2011,042-566-8891
他の法人,あとりえトントン　,207-0014,東大和市南街５－６９－６　ハイネスオマタ１０１～１０３,139.43355,35.73528,JGD2011,042-566-3920
社福法人,第三みんなの家,207-0015,東大和市中央２－１１２２－５,139.4306,35.74455,JGD2011,042-562-8776
社福法人,かたつむりの会作業所,207-0015,東大和市中央２－８３０－４,139.43127,35.74675,JGD2011,042-567-1028
他の法人,グランデ,207-0015,東大和市中央３－８５５－５　中央ビル２０２・２０３,139.42833,35.74538,JGD2011,042-516-8536
社福法人,東大和市総合福祉センターは～とふる,207-0022,東大和市桜が丘２－５３－６,139.41815,35.73586,JGD2011,042-516-3981
他の法人,食工房ぱる,207-0031,東大和市奈良橋２－５５２－３,139.42757,35.75298,JGD2011,042-567-1441
社福法人,第一みんなの家,207-0031,東大和市奈良橋６－７２８－２,139.42593,35.74794,JGD2011,042-564-1900
社福法人,第二みんなの家,207-0031,東大和市奈良橋１－２７６－２,139.42296,35.7541,JGD2011,042-567-0267
他の法人,ＰＡＣＥ,207-0031,東大和市奈良橋５－８１４－１４,139.42827,35.74749,JGD2011,042-843-6375
社福法人,清瀬どんぐりの家,204-0004,清瀬市野塩４－２３０－１,139.50087,35.77483,JGD2011,042-493-0210
他の法人,清瀬福祉作業所,204-0012,清瀬市中清戸３－４３８－１,139.52872,35.77928,JGD2011,042-494-2066
社福法人,ライフパートナーこぶし,204-0013,清瀬市上清戸１－１５－１８,139.52545,35.77372,JGD2011,042-497-9481
社福法人,セルプ清瀬,204-0022,清瀬市松山２－１８－２,139.51143,35.77406,JGD2011,042-491-1236
社福法人,ベーカリーショップどんぐり,204-0022,清瀬市松山３－１８－３５,139.51578,35.76722,JGD2011,042-492-8059
他の法人,スマイルアーク,204-0022,清瀬市松山１－１２－１５,139.51796,35.77186,JGD2011,042-497-1735
社福法人,就労継続支援Ｂ型事業所　マザアス,204-0022,清瀬市松山１－４－２０　松東ビル２０３号,139.52043,35.77118,JGD2011,042-497-8620
社福法人,清瀬育成園ひだまりの里きよせ,204-0024,清瀬市梅園３－１－３０,139.50278,35.76933,JGD2011,042-497-8881
社福法人,パン工房モナモナ,203-0002,東久留米市神宝町２－１４－２３,139.54446,35.76931,JGD2011,042-420-9663
他の法人,くるめパソコン作業所,203-0004,東久留米市氷川台１－２－１２,139.53441,35.76426,JGD2011,042-476-1977
社福法人,広域地域ケアセンター　バオバブ,203-0011,東久留米市大門町２－１３－１１,139.54301,35.76348,JGD2011,042-474-7895
社福法人,えいぶる,203-0011,東久留米市大門町２－１３－１１,139.54301,35.76348,JGD2011,042-471-4883
他の法人,ぶどうの郷,203-0011,東久留米市大門町１－２－４,139.53586,35.76386,JGD2011,042-471-6388
他の法人,むさしの福祉工房,203-0014,東久留米市東本町１－８　たちばなやビル３階,139.53357,35.76096,JGD2011,042-420-9877
社福法人,すばる,203-0032,東久留米市前沢５－５－８,139.51196,35.74001,JGD2011,042-476-1081
他の法人,ピープルファースト東久留米,203-0033,東久留米市滝山４－１－４０,139.50525,35.74485,JGD2011,042-476-5465
他の法人,就労支援事業所　コイノニア,203-0033,東久留米市滝山５－１－１６　,139.50255,35.74639,JGD2011,042-470-9009
社福法人,しおん学園（忘れな草）,203-0043,東久留米市下里７－８　久留米下里住宅１０号棟１０１号,139.50226,35.76007,JGD2011,042-420-4387
営利法人,きぼう工房東くるめ,203-0043,東久留米市下里２－１６－２１,139.50583,35.75226,JGD2011,042-420-1764
他の法人,久留米リカバリーハウス,203-0053,東久留米市本町１－１０－２２,139.53513,35.75712,JGD2011,042-477-3556
社福法人,まあぶる,203-0054,東久留米市中央町２－１－４７,139.52336,35.7566,JGD2011,042-473-5896
社福法人,第二どんぐりの家,203-0054,東久留米市中央町１－３－８,139.52795,35.75522,JGD2011,042-470-1685
社福法人,どんぐりの家,203-0054,東久留米市中央町６－２－５５,139.51848,35.75452,JGD2011,042-475-9559
他の法人,ジョイナス,208-0002,武蔵村山市神明４－１２１　麻生ビル１階,139.403,35.74893,JGD2011,042-516-8366
社福法人,ひなた和楽館,208-0003,武蔵村山市中央４－５５－５,139.38945,35.75864,JGD2011,042-569-8747
区市町村,武蔵村山市立のぞみ福祉園,208-0004,武蔵村山市本町５－２２－１,139.38741,35.76182,JGD2011,042-560-6011
他の法人,えのき園,208-0011,武蔵村山市学園３－８４－１,139.40376,35.74334,JGD2011,042-565-6062
他の法人,村山たんぽぽ,208-0011,武蔵村山市学園３－５９－３　コロコロセンター１階,139.40572,35.74483,JGD2011,042-569-8373
他の法人,共同作業所かたくり第１,208-0012,武蔵村山市緑が丘１４６０－４６－１９,139.40483,35.74046,JGD2011,042-561-6300
他の法人,結(ゆい)緑が丘,208-0013,武蔵村山市大南２－４７－１７,139.40419,35.74052,JGD2011,042-516-8521
社福法人,あかつき授産所,208-0023,武蔵村山市伊奈平１－６４－１,139.37785,35.74544,JGD2011,042-560-7840
社福法人,スペース・まどか,208-0023,武蔵村山市伊奈平１－６４－１,139.37785,35.74544,JGD2011,042-560-7900
他の法人,ひまわりハウス,208-0034,武蔵村山市残堀１－２８－３,139.37741,35.74789,JGD2011,042-569-3087
他の法人,ワークセンター　れすと,206-0001,多摩市和田１８７０－２,139.43434,35.64715,JGD2011,042-373-8925
他の法人,ちいろばの家,206-0003,多摩市東寺方１－１６－３,139.44193,35.64828,JGD2011,042-372-3015
他の法人,遊夢,206-0012,多摩市貝取４－３－１－１０７、１０９,139.43842,35.61452,JGD2011,042-338-4611
他の法人,どんぐりパン,206-0024,多摩市諏訪５－６－３－１０５、１０６,139.4514,35.62243,JGD2011,042-371-9236
他の法人,あしたや,206-0024,多摩市諏訪５－６－３－１０１,139.4514,35.62243,JGD2011,042-372-3690
社福法人,コラボたま　ワークセンターつくし,206-0025,多摩市永山６－１３－１,139.44579,35.61252,JGD2011,042-375-3233
他の法人,若人塾,206-0025,多摩市永山３－９　東永山複合施設内,139.44942,35.62371,JGD2011,042-376-8431
他の法人,工房マテリアル,206-0025,多摩市永山３－９　東永山複合施設Ａ棟１０２,139.44942,35.62371,JGD2011,042-374-6220
他の法人,ワークス多摩（工房レスト）,206-0025,多摩市永山４－２－３－１０３,139.44948,35.62096,JGD2011,042-356-3601
他の法人,暉望（色えんぴつの家）,206-0025,多摩市永山３－９　東永山複合施設内,139.44942,35.62371,JGD2011,042-372-3382
他の法人,アートひまわり,206-0032,多摩市南野３－１５－１　５階,139.41402,35.61226,JGD2011,042-373-8455
社福法人,ぐり－んぴーす工房,206-0033,多摩市落合３－１７－１－１０１,139.4304,35.61646,JGD2011,042-389-6339
他の法人,AROMA,206-0033,多摩市落合１－３－７　ハルシオンコート２０２,139.4287,35.62716,JGD2011,042-338-1919
他の法人,草むらde夢（夢うさぎ）,206-0033,多摩市落合１－４６－１　ココリア多摩センター５階５０５,139.42476,35.6223,JGD2011,042-319-3813
他の法人,しごとば＆のんびりカフェ　風の家,206-0041,多摩市愛宕１－１－１－１０１、１０３,139.43581,35.63495,JGD2011,042-313-7760
営利法人,就労支援センター　ぽわん,206-0041,多摩市愛宕４－１７－９　１階,139.42778,35.62812,JGD2011,042-400-6328
他の法人,わくわく,206-0801,稲城市大丸６０－１１　サンパレス２階,139.49994,35.64195,JGD2011,042-378-1514
営利法人,リノール,206-0802,稲城市東長沼２１０６－５　マスヤビルディング３０６号室,139.50394,35.63872,JGD2011,042-401-6960
社福法人,コラボいなぎ　いなぎワークセンター,206-0822,稲城市坂浜１０２９－１,139.48557,35.62339,JGD2011,042-313-5001
その他,社会福祉法人　稲城市社会福祉協議会　エイトピア工房,206-0823,稲城市平尾１－９－１　複合施設ふれんど平尾内,139.49225,35.61383,JGD2011,042-350-1891
区市町村,羽村市福祉センター,205-0002,羽村市栄町２－１８－１,139.31313,35.77059,JGD2011,042-555-1200
社福法人,福祉作業所ひばり園,205-0002,羽村市栄町３－３－１,139.31407,35.7719,JGD2011,042-578-0855
社福法人,福祉作業所スマイル工房　,205-0015,羽村市羽中３－８－１１,139.3063,35.76137,JGD2011,042-578-2723
他の法人,やまぐちや,190-0173,あきる野市戸倉５７８,139.20169,35.72995,JGD2011,042-588-5993
その他,こすもす福祉作業所,197-0812,あきる野市平沢１７５－４,139.30247,35.73215,JGD2011,042-558-2566
他の法人,あきる野福祉工房,197-0825,あきる野市雨間１８１５,139.29639,35.71623,JGD2011,042-550-9773
他の法人,秋川虹の家,197-0827,あきる野市油平２５８－１９,139.28523,35.72287,JGD2011,042-559-1086
他の法人,わらべ　あきる野事業所,197-0832,あきる野市上代継８４－６,139.27722,35.73187,JGD2011,042-559-2241
他の法人,サンワーク田無,188-0002,西東京市緑町１－８－３－１０２,139.53738,35.73567,JGD2011,042-452-7401
社福法人,さくらの園,188-0004,西東京市西原町４－５－６　西東京市西原総合教育施設内,139.52879,35.73684,JGD2011,042-468-5665
他の法人,たなし工房,188-0011,西東京市田無町３－３－７　海老沢第１ビル８０１号,139.54077,35.73124,JGD2011,042-468-3061
他の法人,富士町作業所,188-0011,西東京市田無町５－５－１２,139.53619,35.73098,JGD2011,042-462-1093
社福法人,ほうや福祉作業所,202-0001,西東京市ひばりが丘３－１－２３,139.53682,35.74507,JGD2011,042-461-9816
他の法人,コミュニティルーム友訪,202-0005,西東京市住吉町６－１１－１６,139.5524,35.74543,JGD2011,042-438-0091
他の法人,ワークステーション　ウーノ（手づくり工房めぇ）,202-0015,西東京市保谷町３－８－７,139.55428,35.73051,JGD2011,042-452-6450
他の法人,ＩＯＮ　第１事業所　就労継続支援Ｂ型,202-0015,西東京市保谷町３－２５－８,139.55074,35.72905,JGD2011,042-452-9420
他の法人,パッソ西東京,202-0022,西東京市柳沢６－１１－１３,139.54889,35.72799,JGD2011,042-497-4841
社福法人,ラシーネ西東京,202-0023,西東京市新町４－７－１,139.53769,35.71183,JGD2011,0422-56-8801
他の法人,瑞穂町精神障害者共同作業所,190-1202,西多摩郡瑞穂町駒形富士山１７８－１,139.36296,35.78744,JGD2011,042-556-9635
社福法人,瑞穂町福祉作業所,190-1221,西多摩郡瑞穂町箱根ケ崎８３１－２,139.34462,35.78111,JGD2011,042-557-1621
社福法人,日の出リハビリ,190-0182,西多摩郡日の出町平井２１８－１,139.26711,35.74571,JGD2011,042-597-4111
社福法人,ワークスタディ日の出,190-0182,西多摩郡日の出町平井２１８－１,139.26711,35.74571,JGD2011,042-597-4111
社福法人,就労　日の出舎,190-0182,西多摩郡日の出町平井３０３０,139.25609,35.7477,JGD2011,042-597-1451
社福法人,ひのきのその,190-0213,西多摩郡檜原村５３５４－６,139.16281,35.72683,JGD2011,042-598-3113
社福法人,ワークショップ奥多摩,198-0213,西多摩郡奥多摩町海沢５６４,139.12495,35.78701,JGD2011,0428-83-3402
その他,黒潮作業所,100-0101,大島町元町字赤禿２８－５,139.355132,34.775412,JGD2011,04992-2-4836
他の法人,波浮港福祉作業所,100-0211,大島町差木地字クダッチ,139.42119,34.70663,JGD2011,04992-4-1588
他の法人,のびのび,100-1401,八丈島八丈町大賀郷４４３６－３５,139.76569,33.11713,JGD2011,04996-9-5817
他の法人,ちょんこめ作業所,100-1511,八丈島八丈町三根２－１,139.79211,33.11377,JGD2011,04996-2-3678
他の法人,フェニックス,100-1511,八丈島八丈町三根２－１,139.79211,33.11377,JGD2011,04996-2-5079
