経営,事業所名,郵便番号,所在地,経度,緯度,座標系,電話番号
営利法人,相談支援事業所Ｍｏｉ,101-0051,千代田区神田神保町２－３　神田古書センタービル６Ｆ,139.75735,35.69572,JGD2011,03-6261-6175
社福法人,千代田区立障害者福祉センター,101-0062,千代田区神田駿河台２－５,139.760956,35.700001,JGD2011,03-3291-0600
他の法人,特定非営利活動法人ホープ,102-0071,千代田区富士見２－３－７　タカオカビル１０１,139.74486,35.6999,JGD2011,03-3221-4266
区市町村,中央区障害者就労支援センター,103-0004,中央区東日本橋２－２７－１２－５階,139.78641,35.69519,JGD2011,03-3865-3889
営利法人,相談支援センター　ひゅーまにあ日本橋,103-0011,中央区日本橋大伝馬町１７－４　綱川ビル４階,139.78204,35.69077,JGD2011,03-6661-7768
他の法人,特定非営利活動法人エヌフィット,103-0013,中央区日本橋人形町３－３－１０　日本橋ＴＥＣビル３・４階,139.78038,35.68599,JGD2011,03-6231-0776
区市町村,中央区立福祉センター,104-0044,中央区明石町１２－１,139.77684,35.66659,JGD2011,03-3545-9311
区市町村,中央区立知的障害者生活支援施設レインボーハウス明石,104-0044,中央区明石町１－６,139.77525,35.66977,JGD2011,03-6226-1099
区市町村,中央区立福祉センター特定相談支援事業所,104-0044,中央区明石町１２－１,139.77684,35.66659,JGD2011,03-3545-9311
区市町村,ポケット中央,104-0044,中央区明石町１２－１　福祉センター５階,139.77684,35.66659,JGD2011,03-3541-1021
営利法人,相談支援事業所ヒューマングロー東銀座,104-0045,中央区築地４－１２－２　ライオンズマンション７０１号,139.77121,35.66561,JGD2011,070-1260-3246
社福法人,新橋はつらつ太陽,105-0004,港区新橋６－１９－２,139.75359,35.66099,JGD2011,03-3433-0181
営利法人,コスモスケアステーション,105-0004,港区新橋６－５－４　ＤＩＫマンション新橋８０３,139.75447,35.66211,JGD2011,03-5405-1910
営利法人,ケアネスト,105-0012,港区芝大門１－１１－９　ライオンズマンション芝公園６０１,139.75293,35.65826,JGD2011,03-3433-0270
他の法人,訪問介護事業所エブリィ,105-0013,港区三田２－１１－７－２０２,139.74414,35.65024,JGD2011,03-6435-2323
他の法人,特定非営利活動法人　みなと障がい者福祉事業団,105-0014,港区芝１－８－２３　港区立障害保健福祉センター内,139.75522,35.65042,JGD2011,03-5439-8062
社福法人,港区立障害保健福祉センター　地域活動支援センター,105-0014,港区芝１－８－２３,139.75522,35.65042,JGD2011,03-5439-2511
社福法人,西麻布作業所,106-0031,港区西麻布３－１９－１６,139.72606,35.6596,JGD2011,03-3408-1545
他の法人,GIFTライフプランナー,106-0045,港区麻布十番２－１３－２　アザブクマイビル３０２号室,139.73508,35.65486,JGD2011,050-3563-0603
営利法人,ワークスＦ,107-0062,港区南青山１－１７－１０　羽田マンション１０２,139.72546,35.66813,JGD2011,03-6434-7346
営利法人,ハッピーテラスケアサポート芝浦,108-0023,港区芝浦４－１２－３１　ＶＯＲＴ芝浦ＷａｔｅｒＦｒｏｎｔ１階,139.74895,35.64024,JGD2011,03-6435-4738
営利法人,ケアコーディネーション,108-0073,港区三田２－２－２７－４０４,139.73843,35.65022,JGD2011,03-6453-9336
営利法人,有限会社すばる介護センター,108-0074,港区高輪３－２－３　T３２３プレイスビル２階,139.73265,35.63532,JGD2011,03-5789-2786
社福法人,港区立精神障害者地域活動支援センター,108-0074,港区高輪１－４－８,139.73511,35.64287,JGD2011,03-5798-4660
他の法人,麻布メンタルヘルス指定相談支援事業所,108-0074,港区高輪１－４－８　中銀高輪マンシオン５０２,139.73511,35.64287,JGD2011,03-5424-1004
営利法人,プロキオン,160-0011,新宿区若葉１－４,139.72395,35.68672,JGD2011,03-3359-0128
区市町村,新宿区立子ども総合センター,160-0022,新宿区新宿７－３－２９,139.7132,35.70022,JGD2011,03-3232-0679
社福法人,ファロ,160-0022,新宿区新宿１－１６－１６　ティアーカテリーナ３階,139.71089,35.68975,JGD2011,03-3350-4437
他の法人,プラーナ新宿　相談支援,160-0022,新宿区新宿２－１－１４　エレメンツ新宿ビル５０２,139.70946,35.68837,JGD2011,03-6273-2633
営利法人,相談支援事業所　Ｋａｉｅｎ新宿　,160-0023,新宿区西新宿６－２－３　新宿アイランドアネックス２０７,139.69408,35.6937,JGD2011,050-2018-2040
営利法人,ホートンケアサービス,160-0023,新宿区西新宿４－３２－１１　新宿セントラルビラ永谷４１５,139.68869,35.68742,JGD2011,03-6300-6483
区市町村,新宿区基幹相談支援センター,160-8484,新宿区歌舞伎町１－４－１　新宿区役所本庁舎２階障害者福祉課,139.70345,35.69392,JGD2011,03-5273-4302
区市町村,新宿区立あゆみの家,161-0031,新宿区西落合１－３０－１０,139.67928,35.72081,JGD2011,03-3953-1230
他の法人,地域活動支援センター『風』,161-0032,新宿区中落合４－２３－２５,139.68259,35.71795,JGD2011,03-3952-6014
社福法人,みのり舎,161-0032,新宿区中落合３－２８－１４　第２アビタシオン落合２０５号,139.68553,35.72229,JGD2011,03-5988-9791
他の法人,高次脳機能障害相談支援ＶＩＶＩＤ,161-0033,新宿区下落合４－２０－１６　ソレイユ目白１０３,139.69785,35.72135,JGD2011,03-5849-4831
他の法人,新宿西共同作業所ラバンス,161-0034,新宿区上落合３－３４－２６,139.68123,35.71149,JGD2011,03-3364-1603
区市町村,新宿区立障害者福祉センター,162-0052,新宿区戸山１－２２－２,139.71744,35.70351,JGD2011,03-3232-3711
社福法人,東京視覚障害者生活支援センター,162-0054,新宿区河田町１０－１０,139.71771,35.69823,JGD2011,03-3353-1277
社福法人,あんそれいゆ,162-0851,新宿区弁天町３２－６,139.7276,35.70423,JGD2011,03-5579-8412
社福法人,特定相談支援事業所　どまーに,169-0051,新宿区西早稲田２－１６－１,139.71205,35.70996,JGD2011,03-5155-3340
営利法人,相談支援事業所　えくぼケア,169-0072,新宿区大久保１－９－１７－３０１,139.70474,35.70036,JGD2011,03-6302-1755
区市町村,新宿区立障害者生活支援センター,169-0073,新宿区百人町４－４－２,139.70119,35.70914,JGD2011,03-5937-6821
社福法人,地域活動支援センターまど,169-0075,新宿区高田馬場１－１５－６,139.70639,35.70984,JGD2011,03-3200-9376
他の法人,指定特定相談支援事業所　TOMO,169-0075,新宿区高田馬場１－９－２３　盲人福祉センター内,139.70839,35.70997,JGD2011,03-6380-2800
社福法人,日本点字図書館自立支援室,169-8586,新宿区高田馬場１－２３－４,139.7048,35.7109,JGD2011,03-3209-0241
社福法人,ふる里学舎小石川,112-0002,文京区小石川３－３０－６,139.74905,35.71426,JGD2011,03-3811-1431
その他,地域プラザ　ふらっと,112-0006,文京区小日向２－１６－１５,139.73488,35.71065,JGD2011,03-5940-2822
社福法人,文京地域生活支援センターあかり,112-0011,文京区千石４－２７－１２　水間ビル１階,139.73865,35.73135,JGD2011,03-5976-3351
社福法人,あくせす,112-0012,文京区大塚４－２１－８,139.7332,35.72475,JGD2011,03-3943-4300
社福法人,ふる里学舎大塚,112-0012,文京区大塚４－５０－１,139.73082,35.72464,JGD2011,03-3946-5601
営利法人,タオ,113-0001,文京区白山１－３２－１１　鈴木ビル１０１,139.75212,35.71983,JGD2011,03-3868-2519
他の法人,エナジーハウス,113-0022,文京区千駄木５－１０－８,139.75687,35.72637,JGD2011,03-3828-6517
営利法人,だんござかハウス　相談支援係,113-0022,文京区千駄木２－３３－８,139.763,35.72414,JGD2011,03-3823-2844
社福法人,指定特定相談支援事業　ふくろう,113-0032,文京区弥生２－９－６,139.76443,35.71489,JGD2011,03-3812-3700
社福法人,サポートセンターいちょう,113-0033,文京区本郷３－３７－１　中村ビル２階,139.76225,35.70718,JGD2011,03-3868-3552
社福法人,ふる里学舎本郷,113-0033,文京区本郷２－２１－７,139.75932,35.70457,JGD2011,03-5803-2333
区市町村,文京区児童発達支援センター,113-0034,文京区湯島４－７－１０,139.76573,35.70895,JGD2011,03-5800-2591
他の法人,相談支援事業所　リリーフ,113-0034,文京区湯島３－２０－９－４０１,139.76762,35.7051,JGD2011,03-6240-1977
営利法人,マインドサポート,113-0034,文京区湯島２－４－３　ソフィアお茶の水９０４,139.76425,35.70347,JGD2011,03-6260-9813
営利法人,ＣＯＭＰＡＳＳ　上野,110-0005,台東区上野３－１６－３　上野鈴木ビル５Ｆ,139.77223,35.70546,JGD2011,03-5817-8820
他の法人,特定非営利活動法人自立生活センターたいとう,110-0012,台東区竜泉３－１９－７,139.79243,35.72555,JGD2011,03-5603-0821
社福法人,つばさ相談支援センター,110-0016,台東区台東１－２５－５　いきいきプラザ内,139.77798,35.70176,JGD2011,03-6795-0230
他の法人,相談支援センター　ほおずき,111-0021,台東区日本堤１－３２－３,139.79672,35.72567,JGD2011,03-3871-4123
社福法人,障害者支援施設浅草ほうらい,111-0022,台東区清川２－１４－７,139.80136,35.7271,JGD2011,03-5808-0067
他の法人,相談支援センターアップル,111-0031,台東区千束３－２０－２４,139.79272,35.72279,JGD2011,03-3874-7922
他の法人,相談支援センターつなぐ,111-0032,台東区浅草３－９－２　ランドール浅草１０２,139.79459,35.71701,JGD2011,03-6458-1872
他の法人,特定非営利活動法人トータルサポートたいとう,111-0032,台東区浅草５－１５－２,139.79509,35.7207,JGD2011,03-5808-7855
区市町村,台東区松が谷福祉会館,111-0036,台東区松が谷１－４－１２,139.78546,35.71115,JGD2011,03-3842-2671
他の法人,台東区精神障害者地域生活支援センターあさがお,111-0051,台東区蔵前３－１８－４　ライフコア蔵前２０１,139.79115,35.70564,JGD2011,03-5823-4298
他の法人,かけはし,111-0053,台東区浅草橋１－３２－６　コスモス浅草橋酒井ビル２階,139.7854,35.69849,JGD2011,03-3864-7003
営利法人,ほしのき相談支援,130-0002,墨田区業平５－１１－１０　岩楯ビル１０２,139.81622,35.70808,JGD2011,03-6456-1594
営利法人,相談支援事業所ジョイサポート,130-0003,墨田区横川５－１０－１　プリメール柳島１１８,139.81641,35.70554,JGD2011,03-5809-7291
営利法人,ハーツ相談支援事業所,130-0011,墨田区石原３－１－１,139.80293,35.69913,JGD2011,03-5819-4383
社福法人,墨田区精神障害者地域生活支援センター友の家,130-0012,墨田区太平１－１１－７　グランドステータスＫＩＹＡ４階,139.8112,35.70078,JGD2011,03-3626-6165
医療法人,医療法人社団草思会　錦糸町相談支援センター,130-0013,墨田区錦糸３－５－１　４階,139.81421,35.69836,JGD2011,03-5637-7266
営利法人,らいふ十人会,130-0021,墨田区緑４－５－１０,139.80626,35.69319,JGD2011,03-3634-1217
営利法人,ラック鐘ヶ淵,131-0032,墨田区墨田２－３６－１１－２０２号室,139.81824,35.73088,JGD2011,03-5630-2235
区市町村,すみだ福祉保健センター相談支援事業所,131-0033,墨田区向島３－３６－７,139.81073,35.71324,JGD2011,03-5608-3715
営利法人,エリアサポートすみだ,131-0033,墨田区向島３－３５－１３,139.81015,35.71286,JGD2011,03-5637-8195
他の法人,とらいあんぐるサポートセンター,131-0041,墨田区八広３－１－５　ライフスペース９０　１０１号,139.82495,35.71876,JGD2011,03-3616-3465
社福法人,相談支援センターさんさん,131-0043,墨田区立花４－３０－１６,139.83484,35.70974,JGD2011,03-5631-3305
営利法人,ラック立花,131-0043,墨田区立花１－２３　２号棟１０１号室　サンタウン立花,139.83096,35.70655,JGD2011,03-5631-7151
営利法人,本所相談支援事業所,131-0044,墨田区文花３－１４－４,139.82599,35.71209,JGD2011,03-5655-3820
営利法人,あしたば相談支援事業所,131-0045,墨田区押上１－４３－３,139.81648,35.70976,JGD2011,03-6456-1669
営利法人,ラックすみだ,131-0046,墨田区京島１－４７－１７　２Ｆ,139.82175,35.71839,JGD2011,03-5655-7508
区市町村,江東区第二あすなろ作業所,135-0001,江東区毛利２－１－１４,139.81694,35.68953,JGD2011,03-3846-6508
営利法人,あそかライフサービス株式会社,135-0002,江東区住吉１－１６－１３　富士工第２ビル３階,139.81277,35.68925,JGD2011,03-5669-7511
営利法人,グッドワン,135-0002,江東区住吉１－１４－１１,139.81339,35.68841,JGD2011,03-6284-0411
他の法人,乳幼児親子教室,135-0003,江東区猿江１－１８－９－２０４,139.81123,35.68674,JGD2011,03-3635-4626
区市町村,江東区こども発達扇橋センター,135-0011,江東区扇橋３－７－２,139.8201,35.68285,JGD2011,03-3648-3760
区市町村,江東区障害者福祉センター,135-0011,江東区扇橋３－７－２,139.8201,35.68285,JGD2011,03-3699-0316
他の法人,たんぽぽクラブ,135-0014,江東区石島５－７　深川ビル１階２０１,139.81204,35.68018,JGD2011,03-5690-4300
他の法人,江東区地域生活支援センター　ステップ,135-0016,江東区東陽３－１６－１２　田中ビル２階,139.81184,35.67038,JGD2011,03-5633-7714
営利法人,株式会社アンシンケアサービス,135-0016,江東区東陽５－２６－１５,139.81448,35.67107,JGD2011,03-5635-9855
他の法人,なかよし指定訪問介護事業所,135-0032,江東区福住２－４－１,139.79437,35.67775,JGD2011,03-5639-9188
他の法人,こぴあクラブ,135-0041,江東区冬木６－２０,139.80141,35.67353,JGD2011,03-3630-1364
営利法人,ライフアーク相談支援センター,135-0042,江東区木場６－１０－６　ＴＫＹビル３階,139.806,35.66827,JGD2011,03-6666-6240
区市町村,江東区こども発達センター,135-0043,江東区塩浜２－５－２０,139.80518,35.66123,JGD2011,03-5632-2591
区市町村,江東区塩浜福祉園,135-0043,江東区塩浜２－５－２０,139.80518,35.66123,JGD2011,03-3647-6987
営利法人,あそかライフサービス　辰巳営業所,135-0053,江東区辰巳１－２　９－１０３　辰己団地９号棟店舗,139.80737,35.65011,JGD2011,03-3522-8666
営利法人,スマートキッズ江東相談支援センター,136-0071,江東区亀戸１－３１－７　亀戸センタービル４Ｆ,139.82562,35.6947,JGD2011,03-5858-8032
区市町村,江東区亀戸福祉園,136-0071,江東区亀戸９－６－２９,139.84224,35.69677,JGD2011,03-3683-1451
営利法人,カレッジケア,136-0071,江東区亀戸６－３０－４－１１０７,139.828,35.69643,JGD2011,03-5875-2188
他の法人,地域活動支援センター　ロータス,136-0072,江東区大島５－１０－１０－１０１,139.83414,35.68932,JGD2011,03-5858-8696
営利法人,城東訪問介護,136-0072,江東区大島３－１５－１３　,139.82906,35.69055,JGD2011,03-5628-3377
営利法人,さくら・介護ステーション大島,136-0072,江東区大島７－１０－５,139.83853,35.69226,JGD2011,03-6807-0790
社福法人,地域活動支援センター　ウィル・オアシス,136-0073,江東区北砂１－５－２０－２０４,139.8224,35.68192,JGD2011,03-6659-8844
営利法人,有限会社ケア･けんこう,136-0073,江東区北砂６－１９－３,139.83856,35.68521,JGD2011,03-5617-8240
社福法人,ゆめ相談支援事業所,136-0073,江東区北砂１－１４－４－１階,139.82422,35.67921,JGD2011,03-6825-5678
営利法人,ツクイ江東北砂,136-0073,江東区北砂６－２１－４　紅ビル２０１,139.83797,35.6843,JGD2011,03-5665-1601
社福法人,のびのび相談支援センター,136-0073,江東区北砂７－９－１　太陽ベニヤビル１階,139.83562,35.67625,JGD2011,03-5632-4048
営利法人,有限会社サン介護センター,136-0074,江東区東砂１－６－５,139.84055,35.68125,JGD2011,03-5617-3955
区市町村,江東区東砂福祉園,136-0074,江東区東砂３－３０－６　東砂福祉プラザ１・２階,139.84464,35.68102,JGD2011,03-3646-6634
区市町村,江東区あすなろ作業所,136-0074,江東区東砂３－３０－６　東砂福祉プラザ３階,139.84464,35.68102,JGD2011,03-3646-6720
営利法人,江東ヘルパーステーション,136-0076,江東区南砂２－３７－１０－４０７,139.8255,35.67119,JGD2011,03-5606-9255
社福法人,楓の会ヘルパーセンター,136-0076,江東区南砂１－６－９,139.82253,35.68039,JGD2011,03-5617-3750
他の法人,相談支援センターきりん,136-0076,江東区南砂５－４－２,139.82777,35.67644,JGD2011,03-3699-5809
社福法人,福栄会障害者相談支援センター,140-0002,品川区東品川３－１－８,139.7466,35.61698,JGD2011,03-5479-2912
社福法人,グロー障害者相談支援センター,140-0004,品川区南品川５－１０－４３　楓ハイツ３階,139.73958,35.60949,JGD2011,03-6873-5424
営利法人,ケアサークル恵愛障害者相談支援センター,140-0014,品川区大井３－１７－８　大井本通りビル,139.73087,35.60206,JGD2011,03-3771-6767
営利法人,ケアメイト品川居宅介護支援事業所,140-0015,品川区西大井２－４－１４,139.72235,35.5998,JGD2011,03-3772-1331
営利法人,株式会社ハート・トータルサービス,141-0022,品川区東五反田４－８－７,139.72649,35.6298,JGD2011,03-3443-6666
社福法人,品川区精神障害者地域生活支援センター,141-0031,品川区西五反田２－２４－２,139.71922,35.62586,JGD2011,03-5719-3381
社福法人,品川区障害者生活支援センター,142-0064,品川区旗の台５－２－２,139.70041,35.605,JGD2011,03-5750-4995
社福法人,地域生活相談支援センターセサミ,152-0001,目黒区中央町２－３２－５　スマイルプラザ中央町３階,139.68837,35.63137,JGD2011,03-5794-4101
区市町村,目黒区児童発達支援センター　相談支援ひまわり,152-0001,目黒区中央町２－２３－２４,139.68994,35.63036,JGD2011,03-3714-1617
他の法人,特定相談支援事業所　ＳＵＮ,152-0001,目黒区中央町２－３０－１１　学芸大ＫＹハイツ１０３,139.68837,35.63203,JGD2011,03-6303-3765
他の法人,いきいき福祉相談支援センター,152-0003,目黒区碑文谷５－１２－１,139.6824,35.62359,JGD2011,03-6808-8575
営利法人,アトリエそうだん,152-0003,目黒区碑文谷１－１１ー１５,139.69133,35.6213,JGD2011,03-6452-2946
営利法人,福祉相談事務所　エール,152-0004,目黒区鷹番２－２０－１３　ＲＳ牛山２０３,139.68626,35.6292,JGD2011,03-4291-0955
区市町村,目黒区心身障害者センターあいアイ館,152-0023,目黒区八雲１－１－８,139.67227,35.62103,JGD2011,03-5701-2221
他の法人,目黒障害者相談センター,152-0031,目黒区中根１－３－９　森戸ビル３０２,139.67522,35.61792,JGD2011,03-3725-8808
営利法人,ナイスケア目黒相談支援センター,152-0033,目黒区大岡山１－５－１５　ＮＣビル２Ｆ,139.68425,35.6104,JGD2011,03-3717-3120
営利法人,LITALICO相談支援センター中目黒,153-0051,目黒区上目黒２－１－１　中目黒ＧＴタワー１５Ｆ,139.69885,35.64357,JGD2011,03-5704-7355
他の法人,たんぽぽの会　相談支援,153-0053,目黒区五本木３－３２－８　小佐井ビル１０４,139.6814,35.62964,JGD2011,03-6412-8372
他の法人,ふれんず,153-0061,目黒区中目黒５－２８－２１　ＳＶ祐天寺ビル３階,139.694,35.6357,JGD2011,03-3793-1871
営利法人,成年後見・相談支援センターハッピーブリッジ,153-0064,目黒区下目黒２－１９－８　ニュー目黒フラワーマンション３０７,139.71004,35.63231,JGD2011,090-6529-2009
社福法人,大田地域生活相談室,143-0015,大田区大森西３－３－９,139.73035,35.57467,JGD2011,080-4195-4578
他の法人,相談支援事業所ここん,143-0016,大田区大森北５－１６－１－１３１０,139.72404,35.58101,JGD2011,03-5767-0022
区市町村,大田区立障がい者総合サポートセンター相談支援事業所,143-0024,大田区中央４－３０－１１,139.7179,35.5793,JGD2011,03-5728-9433
他の法人,ＮＰＯ法人結ぶ会,143-0024,大田区中央５－８－１４,139.7083,35.58114,JGD2011,03-6755-4349
営利法人,相談支援　山王ケアサポート中央,143-0024,大田区中央１－２１－５　フタバビル２０１,139.72,35.57988,JGD2011,03-6809-9003
営利法人,あいりすキッズ,143-0026,大田区西馬込１－３２－１５　共信ビル３０３,139.70345,35.58953,JGD2011,03-4400-2756
医療法人,おおた相談支援センター,144-0031,大田区東蒲田２－１－１３,139.72658,35.56306,JGD2011,03-6424-9020
社福法人,こうじや生活支援センター,144-0033,大田区東糀谷１－１４－１４,139.73901,35.55826,JGD2011,03-5705-0744
社福法人,障害者相談支援事業所うめのき,144-0033,大田区東糀谷５－１７－１４－１０１,139.74431,35.55759,JGD2011,03-3743-3811
社福法人,相談支援室さんさん幸陽,144-0034,大田区西糀谷２－３１－２　大田幸陽会ラナハウス西糀谷１０１,139.7341,35.55732,JGD2011,03-3744-3354
営利法人,ケア・シーンプランニングセンター,144-0035,大田区南蒲田３－１－５,139.72621,35.55533,JGD2011,03-3744-2281
他の法人,糀谷作業所,144-0044,大田区本羽田１－１８－２１　日興ビル２０１号室,139.72626,35.54726,JGD2011,03-6319-7458
社福法人,障害者相談支援事業所くすのき,144-0045,大田区南六郷３－２３－９,139.71411,35.54141,JGD2011,03-3732-0141
社福法人,障害者相談支援事業所　南六郷,144-0045,大田区南六郷３－２３－８,139.71411,35.54141,JGD2011,03-3732-2940
社福法人,指定障害者相談支援事業所　大田,144-0047,大田区萩中２－１０－１１,139.73064,35.551,JGD2011,03-3745-0878
社福法人,ビーマイセルフはぎなか,144-0047,大田区萩中２－１２－２３,139.73288,35.55085,JGD2011,03-5705-6531
社福法人,かまた生活支援センター,144-0051,大田区西蒲田４－４－１,139.71672,35.56979,JGD2011,03-5700-6761
社福法人,ＥＮＴＡＳ,144-0051,大田区西蒲田４－４－１－２階,139.71672,35.56979,JGD2011,03-3751-7650
他の法人,ＴＯＭＯソーシャルサポートネット,144-0052,大田区蒲田１－２４－１７,139.71942,35.56485,JGD2011,03-5480-7391
他の法人,相談支援事業所　でらいとさぽーと,144-0052,大田区蒲田５－３０－１５　第２０下川ビル,139.71948,35.56168,JGD2011,03-6715-9003
営利法人,ケア２１　大田,144-0052,大田区蒲田４－４１－１　大熊ビル１階,139.71899,35.55954,JGD2011,03-5480-3521
他の法人,障がい者相談支援事業所　らっこ,144-0053,大田区蒲田本町２－１２－１　松井ビル１階,139.71965,35.55648,JGD2011,03-6909-4480
区市町村,大田区立志茂田福祉センター,144-0056,大田区西六郷１－４－２７,139.71115,35.55517,JGD2011,03-6715-9376
区市町村,大田区立上池台障害者福祉会館　,145-0064,大田区上池台５－５－１,139.70192,35.59555,JGD2011,03-3728-3111
営利法人,リトルコールケア相談支援事業所,145-0066,大田区南雪谷４－７－１３　１０１号室,139.68202,35.58915,JGD2011,03-6421-9856
他の法人,麻布メンタルヘルス指定相談支援事業所大田支局,146-0082,大田区池上６－１０－１１　遠藤ビル２０２,139.70256,35.57127,JGD2011,03-6410-9995
他の法人,あかしろきいろ子ども発達相談るーむ,146-0082,大田区池上４－３０－９－３０１,139.70531,35.57342,JGD2011,03-6410-6701
営利法人,With,146-0082,大田区池上３－４－１１　ケインズスクエア池上１０２,139.69954,35.57598,JGD2011,03-6410-6875
区市町村,大田区立こども発達センターわかばの家　相談支援事業所,146-0083,大田区千鳥３－７－５,139.68996,35.57293,JGD2011,03-5741-9088
営利法人,ケアプランさんさん,146-0083,大田区千鳥２－１２－１５－Ｃ,139.69562,35.56998,JGD2011,03-5741-7011
社福法人,障害者相談支援事業所久が原,146-0085,大田区久が原１－２－５,139.69299,35.58718,JGD2011,03-5748-0251
他の法人,サポートネット久が原,146-0085,大田区久が原３－３２－１２,139.68875,35.58108,JGD2011,03-6410-9405
営利法人,特定相談支援事業所　ワークスタッフ鵜の木,146-0091,大田区鵜の木２－１７－３　ライオンズマンション鵜の木１階,139.67914,35.57613,JGD2011,03-5741-8239
社福法人,特定相談支援事業所 いずみえん,146-0093,大田区矢口３－１－５,139.69626,35.56121,JGD2011,03-3759-5550
他の法人,相談をめぐる冒険,146-0094,大田区東矢口３－３１－８,139.70833,35.56039,JGD2011,03-6715-9324
営利法人,森の実相談室,146-0094,大田区東矢口１－１７－１１　蓮沼ビル１階,139.7068,35.56456,JGD2011,050-3786-8535
社福法人,ケアセンターふらっと,154-0002,世田谷区下馬２－２０－１４,139.67532,35.64054,JGD2011,03-5712-5105
社福法人,相談支援事業所　わいわい,154-0002,世田谷区下馬２－３１－３４－１０１,139.67862,35.64265,JGD2011,03-3414-0141
社福法人,相談室なびお,154-0003,世田谷区野沢４－２２－６　ニューコーポラス１０２号,139.66541,35.63397,JGD2011,070-4437-6727
社福法人,重症心身障害児療育相談センター,154-0005,世田谷区三宿２－３０－９,139.67287,35.6508,JGD2011,03-3413-6781
営利法人,ナイスケア世田谷相談支援センター,154-0012,世田谷区駒沢２－８－６　ゆうコート駒沢１０１,139.65927,35.63358,JGD2011,03-5433-2240
営利法人,相談支援センター架け橋,154-0012,世田谷区駒沢５－１５－１５　駒沢パークサイドマンション４０１,139.6548,35.6222,JGD2011,03-6805-9397
営利法人,桜新町総合支援サービス,154-0014,世田谷区新町２－７－２　富岡ビル３Ｆ,139.65021,35.62972,JGD2011,03-5799-4919
他の法人,自立生活センターハンズ世田谷,154-0021,世田谷区豪徳寺１－３２－２１　スマイルホーム豪徳寺１階,139.6494,35.65334,JGD2011,03-5450-2861
他の法人,相談支援センター　かりんとう,154-0021,世田谷区豪徳寺１－４１－６,139.64833,35.65485,JGD2011,03-3426-0768
他の法人,相談支援センターわんぱく,154-0023,世田谷区若林２－３９－２－２階,139.66182,35.65051,JGD2011,03-6450-8229
他の法人,ソレイユ相談支援センター,154-0023,世田谷区若林３－１７－１２,139.65508,35.64244,JGD2011,03-5779-8157
社福法人,コンシェルジュ藍,154-0023,世田谷区若林５－２５－１６,139.65576,35.64933,JGD2011,03-6804-0111
営利法人,シモキタステーション,155-0032,世田谷区代沢２－２８－８－１ＦＡ,139.66833,35.65831,JGD2011,03-5787-8705
他の法人,team shien m.a,156-0042,世田谷区羽根木１－１３－９,139.65958,35.66668,JGD2011,03-6379-5484
社福法人,地域生活支援センターＭＯＴＡ,156-0043,世田谷区松原３－４０－７　パインフィールドビル２０１,139.64273,35.66717,JGD2011,03-3325-0951
社福法人,まつばらけやき相談支援センター,156-0043,世田谷区松原６－４３－１７,139.64902,35.65631,JGD2011,03-6265-7140
区市町村,総合福祉センター相談支援事業所,156-0043,世田谷区松原６－４１－７,139.64966,35.65681,JGD2011,03-5376-3414
営利法人,おおきなき明大前,156-0043,世田谷区松原２－３８－９　明大前グランドハイツ１階,139.64792,35.66831,JGD2011,03-5329-5801
営利法人,相棒相談支援センター,156-0043,世田谷区松原１－３４－１９－３０６,139.65144,35.66704,JGD2011,03-6379-0415
営利法人,東京総合福祉,156-0045,世田谷区桜上水１－１－３－１０４,139.63268,35.65885,JGD2011,03-6318-4222
社福法人,子どもの生活研究所,156-0055,世田谷区船橋１－３０－９,139.62111,35.64836,JGD2011,03-3426-2386
他の法人,マーベラス,156-0057,世田谷区上北沢３－１７－７　ハイムオリオン１０２号室,139.62518,35.6683,JGD2011,03-6326-2659
社福法人,相談支援　ここから,157-0061,世田谷区北烏山３－１１－５,139.60226,35.67389,JGD2011,03-5315-7887
社福法人,相談支援センターちぐさ,157-0061,世田谷区北烏山１－８－２　ＮＴＫビル２階　ちぐさ企画内,139.6068,35.67361,JGD2011,03-5969-8522
他の法人,相談室にじのこ,157-0062,世田谷区南烏山６－３－９　ミールスズキ６０３,139.60027,35.66938,JGD2011,03-5314-2488
営利法人,オレンジケア相談室,157-0065,世田谷区上祖師谷一丁目４１番２８号１０２,139.59805,35.66662,JGD2011,03-5315-5442
営利法人,相談支援ルーム　きたみ,157-0067,世田谷区喜多見８－１５－３５　Ｋ．田中ビル３０７,139.58861,35.63538,JGD2011,03-5438-2776
営利法人,オリーブ・ケア千歳台,157-0071,世田谷区千歳台３－２８－４－１０１,139.61328,35.6532,JGD2011,03-3482-8421
医療法人,サポートセンターきぬた,157-0072,世田谷区祖師谷３－３６－２６　祖師谷セントラルプラザ３階,139.60715,35.64579,JGD2011,03-3483-2471
社福法人,相談支援センターあい,157-0072,世田谷区祖師谷３－２１－１,139.60466,35.64297,JGD2011,03-6411-2289
区市町村,世田谷区発達障害相談・療育センター相談支援事業所,157-0074,世田谷区大蔵２－１０－１８,139.6111,35.63297,JGD2011,03-5727-2235
社福法人,相談支援センターおかもと,157-0076,世田谷区岡本２－３３－２４,139.61679,35.62389,JGD2011,03-3415-3366
営利法人,相談支援アンジュ,157-0077,世田谷区鎌田４－１７－１７　サンエイハイツ１０５,139.60864,35.62299,JGD2011,03-6411-1580
営利法人,エムツー・サポート指定特定相談支援事業所,158-0081,世田谷区深沢１－４１－１１－２階,139.66057,35.61847,JGD2011,03-5752-0641
社福法人,はるの相談室,158-0082,世田谷区等々力２－３６－２　エクセル等々力２０１号室,139.64694,35.60558,JGD2011,03-6411-6064
医療法人,相談支援事業所青い鳥,158-0083,世田谷区奥沢７－１２－２５－２階,139.66385,35.60763,JGD2011,03-5758-6331
他の法人,プリズム,158-0091,世田谷区中町２－２１－１２,139.64481,35.61373,JGD2011,03-3705-9503
他の法人,なかまっち相談室,158-0091,世田谷区中町２－１７－２１,139.64455,35.61118,JGD2011,03-6411-6597
社福法人,相談支援センター　フォルテ,158-0094,世田谷区玉川１－７－２,139.62798,35.61044,JGD2011,03-6805-6693
営利法人,相談支援　ツナカン,158-0095,世田谷区瀬田１－７－１３,139.63132,35.61479,JGD2011,090-3204-9945
社福法人,発達障害者就労支援センターゆに（ＵＮＩ）相談支援事業所,158-0098,世田谷区上用賀５－１４－１－１０２,139.62601,35.63015,JGD2011,03-5797-2340
その他,はぁとぴあ相談ステーション,150-0001,渋谷区神宮前３－１８－３７,139.7095,35.67093,JGD2011,03-5412-0053
区市町村,渋谷区子ども発達相談センター,150-0001,渋谷区神宮前３－１８－３３,139.7095,35.67093,JGD2011,03-3405-9658
社福法人,宮代学園相談支援センター,150-0012,渋谷区広尾４－２－１２,139.72168,35.65439,JGD2011,03-6427-6540
社福法人,パールケア,150-0035,渋谷区鉢山町３－２７　社会福祉法人パール福祉総合プラザ内,139.69894,35.65226,JGD2011,03-5458-4816
その他,渋谷区精神障害者地域生活支援センター,151-0053,渋谷区代々木１－２０－８,139.70259,35.68042,JGD2011,03-3299-0317
他の法人,障がい者相談支援センター樹音,151-0053,渋谷区代々木１－３８－８－４７,139.7009,35.68277,JGD2011,03-6276-1407
区市町村,渋谷区障害者福祉センター代々木の杜,151-0053,渋谷区代々木２－３５－１,139.69803,35.68442,JGD2011,03-5371-1550
営利法人,障害児相談支援事業所さち,151-0071,渋谷区本町２－５－１１　三山ビル２階,139.68375,35.68357,JGD2011,03-6276-5851
社福法人,地域活動支援センターふれあい,151-0073,渋谷区笹塚３－４３－１,139.66962,35.67943,JGD2011,03-5302-1190
営利法人,東京総合福祉,151-0073,渋谷区笹塚１－６１－８－８２３,139.66347,35.67292,JGD2011,03-6318-4220
他の法人,中野区精神障害者地域生活支援センター 通称「せせらぎ」,164-0001,中野区中野５－６８－７　中野区社会福祉会館６階,139.66521,35.70926,JGD2011,03-3387-1326
社福法人,相談支援センターあいいく,164-0001,中野区中野１－６－１２,139.67828,35.70195,JGD2011,03-3371-5231
社福法人,もみじやま障害者計画相談室,164-0001,中野区中野５－３－３２,139.67239,35.70823,JGD2011,03-5318-9954
営利法人,ラナイ相談支援事業所,164-0002,中野区上高田５－４７－１１－１０１,139.67313,35.718,JGD2011,03-6875-7485
他の法人,ことり,164-0003,中野区東中野４－２－２　篠木ビル３階,139.68544,35.70688,JGD2011,03-3360-3517
営利法人,指定特定相談支援事業所メノウ中野,164-0011,中野区中央３－１３－１０　ジョイ林４０１号室,139.67389,35.70207,JGD2011,03-5937-0480
社福法人,社会福祉法人中野あいいく会　中部すこやか障害者相談支援事業所,164-0011,中野区中央３－１９－１,139.67422,35.70008,JGD2011,03-3367-7810
社福法人,ふらっとなかの,164-0012,中野区本町５－４０－１４,139.66837,35.69168,JGD2011,03-6805-6580
営利法人,相談支援事業所あいだっく,164-0012,中野区本町３－１９－１１　ライフピアハラ１階,139.67491,35.69541,JGD2011,03-6276-3903
社福法人,弥生福祉作業所障害者相談支援事業所,164-0013,中野区弥生町４－３６－１５,139.67055,35.68969,JGD2011,03-3384-2939
他の法人,南部すこやか障害者相談支援事業所,164-0013,中野区弥生町５－１１－２６,139.66827,35.68792,JGD2011,03-5340-7888
社福法人,中野区療育センターゆめなりあ,164-0013,中野区弥生町５－５－２,139.66637,35.68645,JGD2011,03-6382-4781
社福法人,障害者支援施設江古田の森相談支援事業所,165-0022,中野区江古田３－１４－１９,139.6655,35.72741,JGD2011,03-5318-3711
他の法人,北部すこやか障害者相談支援事業所,165-0022,中野区江古田４－３１－１０,139.66159,35.72435,JGD2011,03-5942-5800
社福法人,中野障害者計画相談支援室,165-0023,中野区江原町２－６－７,139.66768,35.72882,JGD2011,03-5906-5535
社福法人,障害者福祉会館障害者相談支援事業所,165-0025,中野区沼袋２－４０－１８,139.66328,35.72327,JGD2011,03-3389-2171
他の法人,障害者相談支援事業所　わ・らいふ,165-0026,中野区新井２－８－１３,139.66476,35.71231,JGD2011,03-3388-2941
他の法人,まっしろキャンバス,165-0027,中野区野方５－２８－１　エクセルシオール野方１－１０２,139.65311,35.71948,JGD2011,03-6753-5566
社福法人,かみさぎこぶし園障害者相談支援事業所,165-0031,中野区上鷺宮１－２１－３０,139.63568,35.73007,JGD2011,03-5241-8121
社福法人,鷺宮すこやか障害者相談支援事業所,165-0033,中野区若宮３－５８－１０,139.63969,35.7222,JGD2011,03-6265-5770
社福法人,ひゅーまん地域生活相談室,166-0001,杉並区阿佐谷北１－３６－３　ＹＯＫＯＫＡＷＡビル３階,139.63603,35.70877,JGD2011,03-5327-6781
社福法人,相談支援事業所　なでしこ,166-0002,杉並区高円寺北１－２８－１,139.65785,35.70806,JGD2011,03-5345-6741
他の法人,発達支援ルーム　にこっと,166-0002,杉並区高円寺北３－４０－１３　ＢＩＧ　ＶＡＬＬＥＹ２階,139.64636,35.71033,JGD2011,03-6265-5777
他の法人,ＮＰＯ法人 すぎなみ障害者生活支援コーディネイトセンター,166-0003,杉並区高円寺南４－２７－４　高円寺ホワイトレジデンス２０２号,139.64995,35.70431,JGD2011,03-3315-2110
営利法人,相談支援事業所　ＨＵＧ　はぐ,166-0003,杉並区高円寺南４－４５－４　高円寺南サマリアマンション７０４,139.65054,35.70496,JGD2011,03-5307-8989
営利法人,朝焼け相談支援事業所,166-0003,杉並区高円寺南２－３７－１４　メゾン高円寺２０１,139.65434,35.70098,JGD2011,03-6454-6736
他の法人,特定相談支援事業所エンカレッジ,166-0003,杉並区高円寺南２－１－３　日本アタックビル３０２号,139.65396,35.69842,JGD2011,03-5929-9203
医療法人,相談支援事業所　リリーフ,166-0004,杉並区阿佐谷南３－３７－１３　大同ビル４０３,139.63477,35.70434,JGD2011,03-5335-1233
区市町村,杉並区児童発達相談係,166-0004,杉並区阿佐谷南１－１４－８,139.63687,35.69917,JGD2011,03-5307-0371
営利法人,キラキラステーション,166-0004,杉並区阿佐谷南２－１２－２　第２丸伊荘１１号,139.63899,35.70357,JGD2011,03-6454-6513
社福法人,かたつむり相談室,166-0012,杉並区和田１－５－１８　アテナビル２階,139.66295,35.68917,JGD2011,03-3381-4278
営利法人,ケア２１　堀之内,166-0013,杉並区堀ノ内２－２７－１２　パレドール方南町１０４号室,139.65451,35.68986,JGD2011,03-5305-6552
他の法人,障害者ケアマネジメント友愛,166-0014,杉並区松ノ木３－１６－１２,139.64572,35.69428,JGD2011,03-5307-6790
他の法人,相談支援事業所　ゆい企画,166-0015,杉並区成田東５－１５－２１　成宗マンション１階,139.6286,35.70196,JGD2011,03-3220-7880
営利法人,ヘルプメイト井草相談支援部,167-0021,杉並区井草３－２－４,139.61394,35.7249,JGD2011,03-5382-1663
社福法人,八成相談支援事業所,167-0021,杉並区井草２－２５－４,139.61948,35.72826,JGD2011,03-3395-7531
医療法人,ユトリロ,167-0022,杉並区下井草１－１０－５,139.6331,35.7161,JGD2011,03-3399-8373
社福法人,いたる相談室,167-0032,杉並区天沼１－１５－１８,139.62997,35.70752,JGD2011,03-6383-5571
営利法人,株式会社よりみち,167-0032,杉並区天沼３－２９－１４,139.62111,35.70625,JGD2011,03-3392-0915
他の法人,あおばケアセンター,167-0032,杉並区天沼３－２６－２５,139.62056,35.70751,JGD2011,03-6383-6080
社福法人,しゃろーむ杉並,167-0032,杉並区天沼２－４－１　井上ビル２０３,139.62325,35.70549,JGD2011,03-5335-7690
他の法人,相談支援　ＯＫプラネット,167-0034,杉並区桃井２－１－６　シャトレ・オギ１－Ｃ号,139.61096,35.71056,JGD2011,03-6913-8607
社福法人,杉並障害者自立生活支援センターすだち,167-0035,杉並区今川２－１４－１２,139.60942,35.71784,JGD2011,03-5310-3362
営利法人,福は家相談室,167-0041,杉並区善福寺４－１７－６　１階,139.59042,35.71998,JGD2011,03-6913-8824
他の法人,相談支援事業所うぃる,167-0042,杉並区西荻北２－２－１６　オーシャンアート２０２,139.60182,35.70408,JGD2011,03-4285-9727
営利法人,ケアセンターこもれび,167-0051,杉並区荻窪１－３２－３,139.61867,35.69378,JGD2011,050-3559-4195
営利法人,スギコーケアセンター荻窪,167-0051,杉並区荻窪４－６－１６,139.61832,35.69918,JGD2011,03-5347-4646
営利法人,青い鳥合同会社,167-0051,杉並区荻窪４－２４－１８　荻窪家族レジデンス１０２,139.6243,35.70236,JGD2011,03-6383-5888
他の法人,相談支援事業所　木の実,167-0052,杉並区南荻窪１－５－１１　１階,139.61708,35.69468,JGD2011,03-5941-7351
社福法人,済美福祉相談室,167-0054,杉並区松庵２－２２－２２,139.59227,35.69815,JGD2011,03-3334-0866
他の法人,相談支援事業所かすみ草,168-0063,杉並区和泉３－２２－１５　グランヴェール和泉１０１,139.64799,35.67759,JGD2011,03-6265-7991
他の法人,やどり木,168-0064,杉並区永福１－２７－３１,139.64473,35.67241,JGD2011,03-6265-7490
営利法人,あおいサポートステーション,168-0065,杉並区浜田山３－２５－１６　エスカイア浜田山１０２,139.62877,35.6822,JGD2011,03-6795-8149
区市町村,杉並区立こども発達センター,168-0072,杉並区高井戸東１－１８－５,139.6199,35.68254,JGD2011,03-5317-5661
営利法人,スギコーケアセンター,168-0072,杉並区高井戸東３－１８－７　杉交第２ビル,139.6217,35.68538,JGD2011,03-5344-1681
社福法人,ホープ相談支援センター,168-0082,杉並区久我山５－３６－１７,139.60188,35.68991,JGD2011,03-3335-3780
社福法人,豊島区立駒込福祉作業所　相談支援事業所　あとりえ,170-0003,豊島区駒込４－７－１,139.74182,35.73521,JGD2011,03-3910-2301
社福法人,豊島区立駒込生活実習所　相談支援事業所　ぎゃらりー,170-0003,豊島区駒込４－７－１,139.74182,35.73521,JGD2011,03-3910-2301
区市町村,豊島区東部障害支援センター特定相談支援事業所,170-0005,豊島区南大塚２－３６－２,139.72986,35.72909,JGD2011,03-3946-2511
社福法人,地域生活支援センターこかげ,170-0013,豊島区東池袋４－５－1　エアライズタワー１０３,139.71896,35.7267,JGD2011,03-5958-1990
営利法人,Ｌｉｎｋ福祉相談局,170-0013,豊島区東池袋１－２５－１７　ウエストビル７階,139.7164,35.72811,JGD2011,03-5957-1179
営利法人,障害児相談支援事業所・アニマートとしま,170-0013,豊島区東池袋２－２２－４　市川ビル１０１,139.72232,35.73094,JGD2011,03-5927-1939
社福法人,いけぶくろ茜の里相談支援室,171-0014,豊島区池袋４－１５－１０,139.70775,35.73983,JGD2011,03-5960-5231
営利法人,イルカ相談支援事業所,171-0014,豊島区池袋２－３５－５　ウチダビル２階,139.70691,35.73339,JGD2011,03-3988-2688
社福法人,さくらんぼ特定相談支援事業所,171-0021,豊島区西池袋３－８－２０,139.70329,35.72753,JGD2011,03-5396-9581
社福法人,豊島区立目白福祉作業所　相談支援事業所　ひだまり,171-0031,豊島区目白５－２４－１２,139.69717,35.72531,JGD2011,03-3953-4195
区市町村,豊島区立心身障害者福祉センター,171-0031,豊島区目白５－２４－１２,139.69717,35.72531,JGD2011,03-3953-2811
社福法人,豊島区立目白生活実習所　相談支援事業所　にじ,171-0031,豊島区目白５－２４－１２,139.69717,35.72531,JGD2011,03-3953-4194
営利法人,相談支援センターさくら,171-0043,豊島区要町１－２８－２０,139.69685,35.73521,JGD2011,03-5935-4944
区市町村,豊島区西部障害支援センター特定相談支援事業所,171-0043,豊島区要町１－５－１,139.69594,35.73323,JGD2011,03-3974-5531
区市町村,豊島区立西部子ども家庭支援センター,171-0044,豊島区千早４－６－１４,139.68275,35.73753,JGD2011,03-5966-3131
他の法人,生活サポートセンター・こっとん,171-0051,豊島区長崎２－１５－１６　１階,139.69301,35.72886,JGD2011,03-3959-5941
他の法人,あおぞら相談支援センター,171-0052,豊島区南長崎５－１８－２　南和ビル２Ｆ,139.68172,35.72848,JGD2011,03-5983-0021
社福法人,相談支援事業　ゆきわりそう,171-0052,豊島区南長崎６－１９－５　ゆきわりそう１階,139.68024,35.7298,JGD2011,03-6908-3455
他の法人,相談支援事業所　ガーデニング,171-0052,豊島区南長崎５－２６－１３　２階,139.68225,35.72935,JGD2011,03-6908-0285
社福法人,フロイデ,114-0001,北区東十条６－５－１９,139.72549,35.7705,JGD2011,03-6454-4736
公益法人,あすか山訪問看護ステーション,114-0001,北区東十条１－９－１２　溝口ビル１階,139.73125,35.76086,JGD2011,03-5959-3121
区市町村,北区立あすなろ福祉園　相談支援事業所フレンズ,114-0002,北区王子６－４－６,139.74203,35.76094,JGD2011,03-6903-0041
営利法人,スマイルハート王子,114-0003,北区豊島６－７－１６　モリヤマンション３０１,139.74596,35.76417,JGD2011,03-5959-0770
営利法人,株式会社　かいごのきもち,114-0015,北区中里１－１５－１　アムロゼッタ駒込１０２,139.75064,35.73765,JGD2011,03-5834-7267
他の法人,マック・ファミリーエイド,114-0023,北区滝野川６－７６－９　エスポワール・オチアイ１階,139.72285,35.74772,JGD2011,03-5972-4771
社福法人,就労・生活支援センター　飛鳥晴山苑,114-0024,北区西ケ原４－５１－１,139.73605,35.74216,JGD2011,03-3940-9181
他の法人,特定相談支援事業　コンティヌオ,114-0024,北区西ケ原２－４０－１２　パーソナルハイツ飛鳥山１階,139.74144,35.74646,JGD2011,070-5086-2044
社福法人,ドリームヴイ　相談支援センター,114-0034,北区上十条２－１－１２,139.72194,35.75734,JGD2011,03-3906-7753
営利法人,リーフ介護ステーション,114-0034,北区上十条３－２５－８－３０１,139.71837,35.76289,JGD2011,03-5963-6422
社福法人,つみき相談室,114-0034,北区上十条１－１９－６,139.72308,35.75954,JGD2011,03-5948-9554
営利法人,障がい者相談支援センターしらゆり,115-0044,北区赤羽南１－３－１　?橋ビル４Ｆ,139.72284,35.77621,JGD2011,03-3598-6310
他の法人,相談事業所わくわくかん,115-0044,北区赤羽南２－６－６　スカイブリッジビルＢ１階,139.72285,35.77238,JGD2011,03-3902-9996
営利法人,相談支援事業所ケアネットワーク,115-0044,北区赤羽南１－１７－６　石垣ビル１Ｆ,139.72456,35.77688,JGD2011,03-6903-9633
営利法人,ヘルパーステーション赤羽,115-0045,北区赤羽２－６９－２　千秀ビル３Ｆ,139.72276,35.78256,JGD2011,03-3598-8690
区市町村,北区立若葉福祉園　相談支援事業所ぴーす,115-0055,北区赤羽西６－９－２,139.70808,35.77307,JGD2011,03-5993-5556
営利法人,宮本相談支援センター,116-0001,荒川区町屋２－１４－９　メゾンドカスターナ１０１,139.77866,35.74445,JGD2011,03-5692-1610
区市町村,荒川区立障害者福祉会館,116-0002,荒川区荒川２－５７－８,139.78325,35.74053,JGD2011,03-3803-6221
営利法人,トラム相談支援事業所,116-0002,荒川区荒川６－６４－９　Ｋ’ｓハウス２０１,139.77605,35.74222,JGD2011,03-5855-2087
他の法人,オフィスサプライ相談支援事業所,116-0011,荒川区西尾久７－１９－６　ベルメゾンヤスダ１０３,139.75644,35.75045,JGD2011,03-6240-8195
社福法人,相談支援事業所　荒川愛恵苑,116-0011,荒川区西尾久７－５０－６,139.75186,35.75,JGD2011,03-3894-4100
区市町村,荒川区立精神障害者地域生活支援センター,116-0012,荒川区東尾久５－４５－１１,139.76613,35.74837,JGD2011,03-3819-3113
他の法人,相談支援センターあらかわ,116-0014,荒川区東日暮里５－１０－２,139.77866,35.72522,JGD2011,070-1537-3131
区市町村,荒川区障害者福祉課,116-8501,荒川区荒川２－２－３,139.78339,35.73626,JGD2011,03-3802-3111
区市町村,東京都板橋区立加賀福祉園,173-0003,板橋区加賀１－７－２,139.71945,35.75374,JGD2011,03-3579-2366
営利法人,レインボーブリッジ板橋ケアセンター,173-0004,板橋区板橋３－５－１５,139.71191,35.75045,JGD2011,03-5943-2951
営利法人,相談支援　フォレストサポート,173-0004,板橋区板橋３－２６－６　リバティオザワ１階,139.71367,35.75041,JGD2011,03-6905-6626
他の法人,相談支援事業所フェリシダ,173-0004,板橋区板橋１－５３－１７　新板橋ビューハイツ３０５,139.72041,35.7478,JGD2011,03-6915-5596
営利法人,ケーアイサポート介護事業部,173-0012,板橋区大和町１０－１１,139.70607,35.75859,JGD2011,03-6905-1054
他の法人,板橋区地域生活応援センター,173-0013,板橋区氷川町２５－１７,139.70601,35.75415,JGD2011,03-3964-5166
営利法人,泰心訪問介護センター,173-0015,板橋区栄町３０－１５,139.70029,35.75421,JGD2011,03-5944-2555
営利法人,介護センター　ともに,173-0015,板橋区栄町２０－５　小田嶋ビル１階,139.70299,35.75351,JGD2011,03-5943-1655
営利法人,よつば介護,173-0016,板橋区中板橋２２－９　堀越ビル１０１,139.69676,35.75538,JGD2011,03-5944-1766
他の法人,特定非営利活動法人レイ,173-0024,板橋区大山金井町２７－８,139.70555,35.74639,JGD2011,03-5926-6296
社福法人,心身障害児総合医療療育センター,173-0037,板橋区小茂根１－１－１０,139.68274,35.74653,JGD2011,03-3974-2146
営利法人,株式会社　ベスト・ケアー,173-0037,板橋区小茂根１－２５－２２－１０１号,139.67737,35.74709,JGD2011,03-3554-8135
社福法人,志村ゆめの園　障害者相談支援センター,174-0043,板橋区坂下１－１１－３－１０２,139.6832,35.77858,JGD2011,03-3966-2548
公益法人,東京YWCAキッズガーデン,174-0043,板橋区坂下１－３４－２５,139.68442,35.78096,JGD2011,03-5914-1854
営利法人,スローステップ　相談支援センター,174-0046,板橋区蓮根２－１７－７,139.67729,35.78231,JGD2011,03-5916-0980
他の法人,Ｂｅｅｃｈ,174-0053,板橋区清水町８１－１１　アセッツ本蓮沼１０６,139.70448,35.76678,JGD2011,03-6909-6411
社福法人,東京聴覚障害者支援センター,174-0056,板橋区志村２－１９－５,139.68797,35.77572,JGD2011,03-3967-0051
営利法人,株式会社ユーモア,174-0064,板橋区中台１－４４－４,139.67699,35.76765,JGD2011,03-3550-0239
営利法人,株式会社もみの木,174-0071,板橋区常盤台１－３３－４,139.69286,35.76184,JGD2011,03-3960-4487
営利法人,アイサービス,174-0071,板橋区常盤台２－３３－４－１０１,139.68716,35.76332,JGD2011,03-5918-9561
営利法人,ヘルパーステーション上板橋,174-0071,板橋区常盤台４－２２－１２　山和常盤台ビル,139.6787,35.76325,JGD2011,03-5945-9511
社福法人,指定相談事業所　スペースピア,174-0072,板橋区南常盤台２－１－７,139.68803,35.759,JGD2011,03-3554-3081
営利法人,ハートケア相談支援センター,174-0072,板橋区南常盤台１－３４－９,139.68823,35.75731,JGD2011,03-5917-6777
営利法人,ふれあいパーク,174-0072,板橋区南常盤台２－９－１３　キャッスルミナミときわ台１階,139.68571,35.75718,JGD2011,03-6789-1260
営利法人,すこやかサポート雅,174-0074,板橋区東新町２－２０－１,139.68059,35.7545,JGD2011,03-5917-1473
社福法人,シャローム相談支援事業所,174-0075,板橋区桜川２－２８－１２,139.67734,35.76022,JGD2011,03-5398-1677
営利法人,株式会社福ぶくろ　介護のたくみ,174-0076,板橋区上板橋２－３０－２,139.67444,35.76246,JGD2011,03-6906-4182
他の法人,相談支援事業所　わくわくリンク,175-0045,板橋区西台４－４－１１　キャッスル西台１Ｆ,139.66808,35.77061,JGD2011,03-6915-7859
営利法人,ピースケアサービス,175-0081,板橋区新河岸３－１５－７－３０３　サンライフ新高島平,139.65135,35.79618,JGD2011,03-5968-3235
営利法人,さくらヘルプケア,175-0082,板橋区高島平１－４８－５－１０２,139.66898,35.78431,JGD2011,03-3935-2201
社福法人,板橋区立障がい者福祉センター,175-0082,板橋区高島平９－２５－１２,139.6682,35.79048,JGD2011,03-6906-5721
社福法人,生活支援センターにりん草,175-0082,板橋区高島平１－２０－５　飯島ハイツ１０５,139.66931,35.78313,JGD2011,03-6785-1575
他の法人,生活サポート　こころ,175-0082,板橋区高島平１－４８－６－１階,139.66898,35.78431,JGD2011,03-6913-0242
医療法人,サンライズ高島平,175-0082,板橋区高島平７－２６－８,139.65849,35.79117,JGD2011,03-3979-3350
営利法人,株式会社ケアプラン徳丸,175-0084,板橋区四葉２－１９－６－２０１,139.65019,35.78135,JGD2011,03-5967-0770
営利法人,相談支援センター　ｆｔｌアクセス,175-0094,板橋区成増２－２４－３　バーチヒルズ１０６,139.62971,35.77949,JGD2011,03-6904-1015
営利法人,シルバーハートひまわり相談支援事業所,175-0094,板橋区成増１－５－１１,139.63275,35.77301,JGD2011,03-6904-2680
社福法人,かすたねっと相談支援事業所,176-0001,練馬区練馬２－１－９,139.65605,35.74122,JGD2011,03-3991-2259
他の法人,相談支援事業所　エスエスピー,176-0001,練馬区練馬１－３６－９,139.65387,35.74034,JGD2011,050-3544-1694
他の法人,ＮＰＯ・ＡＣＴねりま居宅介護支援事業所,176-0002,練馬区桜台１－１２－９　メナージュ桜台１階,139.66286,35.7396,JGD2011,03-5946-6881
営利法人,小竹メンタルサポート,176-0004,練馬区小竹町１－４７－１３－２０１,139.67468,35.73927,JGD2011,03-6753-1342
その他,練馬区立豊玉障害者地域生活支援センター,176-0012,練馬区豊玉北５－１５－１９,139.65497,35.73619,JGD2011,03-3557-2020
社福法人,ねりま相談支援事業所みらい,176-0024,練馬区中村１－７－１０　マーべラスＡ１０１号,139.64766,35.73157,JGD2011,03-3577-8658
営利法人,かがやき相談支援事業所,176-0025,練馬区中村南２－１８－１４　マウントスクウエア１０１号室,139.64203,35.72683,JGD2011,03-3990-7531
社福法人,山彦相談支援事業所,177-0034,練馬区富士見台２－１９－９,139.62428,35.73594,JGD2011,03-3970-2365
他の法人,ケアサポートサニーサイド相談支援事業所,177-0041,練馬区石神井町３－１７－１４　コスモス石神井公園３０３号室,139.60435,35.74243,JGD2011,03-5393-0368
その他,練馬区立石神井障害者地域生活支援センター,177-0041,練馬区石神井町７－３－２８,139.60115,35.7443,JGD2011,03-3997-2181
社福法人,ワークショップ石神井相談支援事業所,177-0041,練馬区石神井町７－１７－４,139.59567,35.74326,JGD2011,03-5923-9818
社福法人,未来こどもランドすまいる相談支援室,177-0041,練馬区石神井町３－２７－１４－２０７,139.60384,35.7429,JGD2011,03-3995-5575
医療法人,石神井生活相談支援室,177-0041,練馬区石神井町４－３－１６,139.6042,35.74464,JGD2011,03-5923-9121
他の法人,相談支援事業所さくら,177-0044,練馬区上石神井３－１６－２５,139.59575,35.7305,JGD2011,03-5903-9807
他の法人,相談支援事業所陽（てぃーら）,177-0045,練馬区石神井台７－２６－５,139.57805,35.73176,JGD2011,03-6904-8965
営利法人,たまみずき相談支援事業所,177-0045,練馬区石神井台３－２－１８,139.59399,35.74272,JGD2011,03-5923-9223
社福法人,やすらぎラウンジ　相談支援事業所,177-0045,練馬区石神井台８－２２－６,139.58006,35.73755,JGD2011,03-5947-4503
他の法人,プラン石神井台,177-0045,練馬区石神井台５－８－７,139.58575,35.73446,JGD2011,03-6794-1072
営利法人,ヘルプメイト関町相談支援部,177-0051,練馬区関町北４－２－１２,139.57668,35.72779,JGD2011,03-3928-0099
社福法人,やすらぎの杜　相談支援事業所,177-0051,練馬区関町北５－７－１０,139.57187,35.73219,JGD2011,03-3928-3315
他の法人,相談支援事業所スプラウト,177-0051,練馬区関町北２－２９－９　七尾屋ビル２０１号室,139.57576,35.72762,JGD2011,03-6904-9753
社福法人,練馬福祉園　相談支援事業所　るみえーる,178-0061,練馬区大泉学園町９－４－１,139.59853,35.77479,JGD2011,03-3978-5141
他の法人,ライフデザイン相談支援事業所,178-0061,練馬区大泉学園町１－３１－８　メルヴェーユ大泉学園４０１号,139.58836,35.76297,JGD2011,03-5947-4558
事務組合,いずみ医療生活協同組合　大泉クリニック相談支援事業所,178-0062,練馬区大泉町６－２９－２０,139.59074,35.75775,JGD2011,03-3925-0422
社福法人,練馬区立大泉障害者地域生活支援センター,178-0063,練馬区東大泉５－３５－２,139.58961,35.74767,JGD2011,03-3925-7371
他の法人,いずみ相談室,178-0063,練馬区東大泉６－５５－５－１０２,139.5831,35.74979,JGD2011,03-5935-7491
他の法人,ケアセンター彩り,178-0063,練馬区東大泉６－１８－１８　メゾン寿１０４号,139.58583,35.74458,JGD2011,03-3867-6239
区市町村,練馬区立大泉つつじ荘,178-0063,練馬区東大泉２－１１－２２,139.59486,35.75139,JGD2011,03-3922-7666
社福法人,練馬区立光が丘障害者地域生活支援センター,179-0072,練馬区光が丘２－９－６,139.63036,35.75914,JGD2011,03-5997-7858
区市町村,練馬区立こども発達支援センター,179-0072,練馬区光が丘３－１－１,139.63087,35.75418,JGD2011,03-3975-6251
社福法人,障害者相談支援事業所あかり,179-0075,練馬区高松２－２６－６　サングリーン高松２階,139.63165,35.75066,JGD2011,03-5848-3061
社福法人,やまびこ第二相談支援事業所,179-0081,練馬区北町７－２０－３６,139.64905,35.76307,JGD2011,03-6906-9803
営利法人,指定特定相談支援事業所 株式会社ケアサービス伊東 早宮営業所,179-0085,練馬区早宮２－１６－２６,139.65497,35.75675,JGD2011,03-3934-1210
他の法人,あしたば相談支援センター,120-0011,足立区中央本町２－２５－５－１０４,139.80809,35.76714,JGD2011,03-5888-6576
営利法人,相談支援事業所　ウェルビー北千住駅前センター,120-0034,足立区千住３－１　藤田ビル２階,139.80026,35.75119,JGD2011,070-6409-8126
他の法人,相談室あだち,120-0036,足立区千住仲町２４－２,139.80086,35.74499,JGD2011,03-5813-7211
営利法人,相談支援室　Ｇｒｏｗ北千住,120-0036,足立区千住仲町１８－８　石戸ビル３階,139.80057,35.74636,JGD2011,03-5284-9766
営利法人,特定相談支援事業所アーニモ,121-0011,足立区中央本町４－１２－６　五反野ハイツ１０１,139.8071,35.77695,JGD2011,03-3848-1515
営利法人,相談支援センター　えにし,121-0051,足立区神明１－６－２,139.83031,35.79309,JGD2011,03-5856-2950
他の法人,ぷらちな相談支援センター,121-0055,足立区加平１－８－２３,139.82626,35.77526,JGD2011,03-5697-9200
医療法人,一粒の麦,121-0061,足立区花畑４－３４－１６,139.80484,35.8054,JGD2011,03-3884-8351
営利法人,ひるがお足立,121-0061,足立区花畑４－２３－８　グリーンパーク花畑Ⅳ１０１,139.81012,35.80459,JGD2011,03-5856-6703
営利法人,相談支援事業所夢工房,121-0061,足立区花畑１－３５－１５　メゾンエスポワール１０１,139.8166,35.80071,JGD2011,03-3860-6309
他の法人,でてこいサービス　相談支援,121-0061,足立区花畑３－３７－１４　第１５０荒井ビル２０６,139.81383,35.80494,JGD2011,03-5856-6052
営利法人,のんの相談支援事業所,121-0063,足立区東保木間２－８－１６　章江二番館１階,139.81149,35.79337,JGD2011,03-5856-6941
営利法人,ハートぽっぽ相談支援事業所,121-0064,足立区保木間１－５－２１,139.80504,35.79,JGD2011,03-3850-8487
他の法人,相談支援ＳＯ・ＳＩ・ＲＥ・ＭＩ,121-0064,足立区保木間２－２－１　オオサキ竹ノ塚マンション１階,139.80273,35.79427,JGD2011,03-6687-7535
区市町村,足立区精神障がい者自立支援センター,121-0813,足立区竹の塚６－１８－４,139.79236,35.79663,JGD2011,03-3883-7177
社福法人,竹の塚相談支援センター,121-0813,足立区竹の塚７－１９－９,139.7959,35.80096,JGD2011,03-5831-1770
営利法人,日介センター足立東,121-0813,足立区竹の塚５－１－１４,139.79759,35.79339,JGD2011,03-5851-3520
営利法人,株式会社ベル訪問介護ステーション,121-0814,足立区六月３－３－４,139.79088,35.78587,JGD2011,03-3850-6334
医療法人,成仁　相談支援事業所,121-0815,足立区島根３－２－１,139.7964,35.77873,JGD2011,050-3734-5406
区市町村,足立区障がい福祉センター自立生活支援室,121-0816,足立区梅島３－３１－１９,139.79247,35.7775,JGD2011,03-5681-0132
営利法人,しっぷす相談支援事業所,121-0822,足立区西竹の塚１－１４－１６　紺屋ビル２０１,139.7887,35.79366,JGD2011,03-5647-6977
他の法人,WELS　PORT,121-0831,足立区舎人６－６－２２,139.76564,35.81496,JGD2011,03-5838-0033
社福法人,あいのわ相談センター,121-0832,足立区古千谷本町２－２５－１１,139.77248,35.80482,JGD2011,03-5647-6252
他の法人,ぽぽらーと相談室,121-0836,足立区入谷１－１６－１３,139.76741,35.80516,JGD2011,03-5888-5302
営利法人,スマイル相談支援センター,123-0841,足立区西新井１－３８－１１　オリエント第６ビル２０４号,139.78082,35.78236,JGD2011,03-5838-2825
他の法人,特定非営利活動法人クララ,123-0845,足立区西新井本町２－１５－７,139.77238,35.77702,JGD2011,03-3857-3093
社福法人,うめだ･あけぼの子ども相談支援センター,123-0851,足立区梅田７－１２－１５,139.80092,35.76902,JGD2011,03-3848-1197
他の法人,療育室つばさ　相談支援事業,123-0865,足立区新田３－２３－６,139.7446,35.76968,JGD2011,03-3927-5255
医療法人,ひのき相談支援センター,123-0865,足立区新田２－１６－１３,139.74147,35.77354,JGD2011,03-5902-3121
営利法人,ケアステーションダッシュ,124-0003,葛飾区お花茶屋１－５－１０,139.83707,35.74868,JGD2011,03-6661-3370
社福法人,東堀切くすのき園相談支援センター,124-0004,葛飾区東堀切１－２１－３,139.8364,35.74905,JGD2011,03-3603-2228
区市町村,葛飾区自立生活支援センター,124-0006,葛飾区堀切３－３４－１,139.83444,35.74439,JGD2011,03-5698-1315
区市町村,葛飾区障害者生活介護事業所,124-0006,葛飾区堀切３－３４－１,139.83444,35.74439,JGD2011,03-5698-1329
区市町村,葛飾区子ども発達センター,124-0006,葛飾区堀切３－３４－１,139.83444,35.74439,JGD2011,03-5698-1324
区市町村,葛飾区自立訓練事業所,124-0006,葛飾区堀切３－３４－１,139.83444,35.74439,JGD2011,03-5698-1336
営利法人,花しょうぶ指定特定相談支援事業所,124-0006,葛飾区堀切６－５－１１　１階,139.82979,35.75243,JGD2011,03-6671-1880
社福法人,地域活動支援センターもっく,124-0011,葛飾区四つ木４－１１－８,139.83514,35.73688,JGD2011,03-5654-6702
営利法人,フタバ介護サービス,124-0011,葛飾区四つ木４－２８－１１,139.83571,35.73959,JGD2011,03-5698-2841
他の法人,相談支援事業さくら,124-0011,葛飾区四つ木５－６－７,139.83888,35.74096,JGD2011,03-6657-7945
社福法人,糸でんわ,124-0012,葛飾区立石３－３－８　ＹＫマンション１階,139.84351,35.73836,JGD2011,03-5670-6464
社福法人,東京都葛飾福祉工場　障害者計画相談支援室,124-0012,葛飾区立石８－５０－１,139.85928,35.73933,JGD2011,03-3693-6641
営利法人,ケアプランオアシス,124-0012,葛飾区立石６－３３－８－１０２,139.85223,35.7426,JGD2011,03-5654-7034
他の法人,こすもす相談支援事業所,124-0014,葛飾区東四つ木３－４９－１０,139.84093,35.73069,JGD2011,03-3693-1058
社福法人,きね川相談支援センター,124-0014,葛飾区東四つ木３－８－１０,139.83823,35.7294,JGD2011,03-3694-1577
他の法人,相談支援センターおおぞら,124-0021,葛飾区細田５－１６－１１,139.87563,35.73785,JGD2011,03-6458-0127
社福法人,相談支援センター　エバンズ,124-0022,葛飾区奥戸１－１－１,139.85098,35.72871,JGD2011,03-5654-3353
営利法人,広伸会相談支援事業所,124-0023,葛飾区東新小岩５－１８－１　１階,139.85732,35.72342,JGD2011,03-3694-3398
営利法人,相談支援室　ひまわり,124-0023,葛飾区東新小岩５－１６－１１－２０２,139.85573,35.72286,JGD2011,03-5654-7026
社福法人,やすらぎリバーシティ相談支援事業所,124-0024,葛飾区新小岩１－５－２,139.85321,35.7146,JGD2011,03-5678-6170
社福法人,西水元福祉館　相談支援事業所,125-0031,葛飾区西水元３－１１－１,139.84726,35.78862,JGD2011,03-5660-2101
他の法人,風の子相談室,125-0031,葛飾区西水元５－１１－３,139.85461,35.78445,JGD2011,03-3600-0701
社福法人,相談支援センター　そよかぜ,125-0032,葛飾区水元５－１６－１１,139.86275,35.78919,JGD2011,03-3607-5656
社福法人,地域活動支援センターコパン,125-0051,葛飾区新宿３－９－１１,139.86243,35.75983,JGD2011,03-5876-6320
社福法人,相談支援センターかがやけ,125-0051,葛飾区新宿１－１－１５,139.86005,35.75601,JGD2011,03-3607-3180
他の法人,にじいろ相談支援事業所,125-0052,葛飾区柴又７－１４－４,139.87924,35.75972,JGD2011,03-6801-7851
社福法人,鎌倉福祉館相談支援事業　なかま,125-0053,葛飾区鎌倉３－７－１,139.87512,35.7493,JGD2011,03-5693-2721
社福法人,高砂福祉館相談支援事業　なないろ,125-0054,葛飾区高砂５－１０－１,139.86404,35.75185,JGD2011,03-5699-6225
社福法人,相談支援センター　しょうぶ,125-0054,葛飾区高砂２－８－１,139.86418,35.74871,JGD2011,03-3672-7161
社福法人,相談支援事業所ひかり,125-0061,葛飾区亀有２－２２－１１,139.85272,35.76006,JGD2011,03-6231-2262
営利法人,オリーブ相談支援事業所,125-0061,葛飾区亀有３－１６－１５,139.84843,35.76387,JGD2011,03-5629-5177
他の法人,相談支援事業所　さい,125-0062,葛飾区青戸５－１４－２　仙ノ倉ハイツ１階,139.85443,35.74756,JGD2011,03-6848-5491
区市町村,葛飾区子ども総合センター,125-0062,葛飾区青戸４－１５－１４,139.85063,35.75141,JGD2011,03-3602-1388
他の法人,相談支援センターぽむぽむ,125-0062,葛飾区青戸５－２－９　青戸ハイツ１０３,139.85374,35.74743,JGD2011,03-3604-7596
営利法人,きらら介護サービス　亀有,125-0062,葛飾区青戸８－９－１６,139.85161,35.75636,JGD2011,03-5650-2735
社福法人,相談支援センター　あおと,125-0062,葛飾区青戸５－２０－６,139.85451,35.75014,JGD2011,03-3603-9729
社福法人,白鳥福祉館相談支援センター,125-0063,葛飾区白鳥四丁目８番１号,139.84688,35.7524,JGD2011,03-3604-0034
営利法人,相談支援事業所フルール,125-0063,葛飾区白鳥３－１５－１２,139.8432,35.75229,JGD2011,03-6662-5445
営利法人,ケアステーション大空,132-0001,江戸川区新堀２－３２－１０　コンビニエンスオフィス稲毛１号,139.89323,35.7041,JGD2011,03-5664-6027
他の法人,地域活動支援センター　はるえ野,132-0003,江戸川区春江町２－４１－８,139.89066,35.69924,JGD2011,03-5664-6070
営利法人,永仁介護サービス　瑞江相談支援事業所,132-0003,江戸川区春江町３－５１－４,139.89098,35.69725,JGD2011,03-3698-4441
営利法人,有限会社　椿ケアステーション,132-0003,江戸川区春江町３－２９－１２,139.88676,35.69516,JGD2011,03-3676-1180
社福法人,江東園ケアセンターつばき　えぽっく,132-0003,江戸川区春江町２－５－１５,139.88704,35.70084,JGD2011,03-5636-6211
営利法人,ウィット相談支援室,132-0011,江戸川区瑞江４－４８－２,139.89496,35.69323,JGD2011,03-5243-6065
他の法人,特定非営利活動法人　江戸川在宅支援グループ,132-0013,江戸川区江戸川３－１７,139.89279,35.68633,JGD2011,03-5243-5577
社福法人,江東園さわやか相談室　宙,132-0014,江戸川区東瑞江１－１１－５　ラ・ヴェルフルート１０３号室,139.89966,35.68863,JGD2011,03-5664-1801
営利法人,わだつみケアサービス,132-0015,江戸川区西瑞江３－９－１０３　ルミエール１階－Ａ,139.89182,35.68858,JGD2011,03-5243-9202
営利法人,にじいろ相談支援事業所,132-0021,江戸川区中央４－２５－１６　石井ビル２階,139.86755,35.70897,JGD2011,03-5879-3820
営利法人,あるぷす相談室,132-0021,江戸川区中央３－７－１３,139.87184,35.71305,JGD2011,03-3656-8851
営利法人,ケア　あんじゅ,132-0022,江戸川区大杉５－２０－１,139.87787,35.7092,JGD2011,03-6795-9937
営利法人,東京福祉交通サービス株式会社　相談支援センター,132-0023,江戸川区西一之江３－１２－３０　シンコーポレーションビル４階,139.87605,35.69319,JGD2011,03-3674-3432
営利法人,ゆたか福祉サービス,132-0024,江戸川区一之江３－７－１１　プレジデント１０２,139.88435,35.6881,JGD2011,03-5879-6973
営利法人,日本リック相談支援一之江事業所,132-0024,江戸川区一之江４－６－２２,139.87982,35.68967,JGD2011,03-5879-2630
他の法人,地域活動支援センターえどがわ,132-0031,江戸川区松島３－４６－１０　かとりコーポ１０１,139.86574,35.70955,JGD2011,03-5879-0708
営利法人,ひまわり介護サービス,132-0031,江戸川区松島１－４３－１４　小森ビル１階,139.86737,35.70502,JGD2011,03-5879-2614
他の法人,相談支援センターぽこ・あ・ぽこ,132-0031,江戸川区松島３－４２－１１,139.86464,35.71119,JGD2011,03-6231-4278
営利法人,永仁介護サービス　平井相談支援事業所,132-0035,江戸川区平井４－１－１９,139.84763,35.70343,JGD2011,03-3683-4441
他の法人,ＨＡＬＯ（ハロ）相談支援センター,133-0044,江戸川区本一色１－２８－７　タカエイマンション４０１,139.86981,35.71521,JGD2011,03-5607-7883
区市町村,江戸川区立みんなの家,133-0044,江戸川区本一色３－３８－３,139.87262,35.72069,JGD2011,03-5662-3411
営利法人,トロールケアサービス,133-0051,江戸川区北小岩５－１－９,139.88614,35.74098,JGD2011,03-5612-1306
営利法人,でこぽん,133-0051,江戸川区北小岩１－１０－１　サンライズⅡ１０３,139.88965,35.73648,JGD2011,03-5612-4451
他の法人,相談支援センター　カピリナ,133-0052,江戸川区東小岩２－２３－３,139.89346,35.72696,JGD2011,03-6801-7048
営利法人,赤とんぼ,133-0052,江戸川区東小岩５－１６－６　ライトハイツ２階,139.88771,35.73187,JGD2011,03-6801-7006
営利法人,あいしんケア相談支援センター,133-0054,江戸川区上篠崎３－２－２　金子ハイツ１０１,139.89886,35.71069,JGD2011,03-3678-0094
他の法人,いきいきサポートケアプラン,133-0056,江戸川区南小岩３－５－４　第一アネストマンション店舗Ａ,139.88489,35.72476,JGD2011,03-5622-7575
営利法人,なでしこプランセンター,133-0056,江戸川区南小岩３－２５－１４　パスカルビル２０５,139.88838,35.72543,JGD2011,03-5876-8228
営利法人,マミー相談支援,133-0056,江戸川区南小岩３－２０－２,139.88725,35.72658,JGD2011,03-6318-5091
営利法人,相談支援サービス　みずならの木,133-0056,江戸川区南小岩８－４－１２　グランドール南小岩１０２,139.88606,35.72963,JGD2011,03-5876-8580
営利法人,相談支援事業所　けいプラン,133-0057,江戸川区西小岩１－２１－１６　エーチワイ江戸川２０１,139.8802,35.73425,JGD2011,03-6657-8951
営利法人,やわらぎ介護,133-0057,江戸川区西小岩４－６－６,139.87849,35.74034,JGD2011,03-6657-9011
社福法人,江東園さわやか相談室　海,133-0061,江戸川区篠崎町７－１８－８　第２シャトレーマンション１０２,139.90211,35.70705,JGD2011,03-5636-4611
他の法人,ＳＴＥＰえどがわ,133-0065,江戸川区南篠崎町３－９－７－１階,139.89879,35.69559,JGD2011,03-3676-7422
他の法人,相談支援センター　むくむく,133-0073,江戸川区鹿骨１－５６－１,139.89133,35.70948,JGD2011,03-5636-5131
営利法人,東京ケア,133-0073,江戸川区鹿骨３－１８－８,139.8918,35.71611,JGD2011,03-5666-5678
区市町村,江戸川区立希望の家,134-0013,江戸川区江戸川５－３２－６,139.88287,35.67295,JGD2011,03-3680-1531
営利法人,エスペランサ相談室,134-0081,江戸川区北葛西１－２－１６,139.85341,35.67795,JGD2011,080-5188-7929
営利法人,蜂輪,134-0083,江戸川区中葛西２－７－１２　Ｌｕｘｕｒｙ　ＳＵＮＬＡＫＥ１０８号室,139.87375,35.67287,JGD2011,03-6808-4814
社福法人,「まある」相談支援事業所,134-0083,江戸川区中葛西１－３８－１８,139.87157,35.67128,JGD2011,03-6663-9870
区市町村,江戸川区立障害者支援ハウス,134-0083,江戸川区中葛西２－１１－８,139.87511,35.6732,JGD2011,03-5667-1333
営利法人,ハート　ケア,134-0083,江戸川区中葛西３－１８－１１　ハイツ星１０２,139.8705,35.66444,JGD2011,03-6663-8807
営利法人,ゆーあいスマイル,134-0083,江戸川区中葛西２－１０－１５　２階,139.87411,35.67333,JGD2011,03-6680-2524
他の法人,相談支援センター　ハート花きりん,134-0084,江戸川区東葛西７－２－５　エビス東葛西１０２,139.87317,35.6599,JGD2011,03-3869-1731
他の法人,相談支援センター　こんにちわ,134-0084,江戸川区東葛西７－８－１５　メゾン・ド・フォレ１０３,139.87479,35.65903,JGD2011,03-4285-9773
他の法人,相談支援ＮＰＯ虹の会,134-0085,江戸川区南葛西７－２－３,139.88,35.64702,JGD2011,03-3686-4477
営利法人,いわいだ介護相談室,134-0085,江戸川区南葛西２－６－５－１０２,139.87392,35.65496,JGD2011,03-6808-5115
他の法人,相談支援センターFUREAI（ふれあい）,134-0088,江戸川区西葛西６－２３－３　秀合ビル１階,139.86348,35.66394,JGD2011,080-2218-5211
他の法人,相談支援センターくらふと,134-0091,江戸川区船堀１－４－１０　第２乙女屋マンション６０４,139.86429,35.68621,JGD2011,03-5679-6360
営利法人,相談支援事業所　ＪＯＹ,134-0091,江戸川区船堀３－５－２４－６０２,139.86484,35.68237,JGD2011,03-6808-6188
他の法人,そらら相談支援室,192-0011,八王子市滝山町２－３６２－１　ラディーナ滝山２１２,139.33612,35.69064,JGD2011,042-659-3006
社福法人,まごころ相談室,192-0015,八王子市中野町２６３２,139.32309,35.68126,JGD2011,042-657-2014
他の法人,ぽんぽこ相談室,192-0045,八王子市大和田町２－２０－７,139.36002,35.66538,JGD2011,042-649-2335
他の法人,障害者相談支援センター　ぴあらいふ,192-0046,八王子市明神町４－１４－１　１階,139.34248,35.66002,JGD2011,042-646-4991
社福法人,マインドはちおうじ相談支援センター,192-0054,八王子市小門町７５－７　エイビット小門町ビル３階,139.32355,35.65935,JGD2011,042-620-8851
営利法人,有限会社多摩ヘルパーセンター,192-0081,八王子市横山町８－７,139.33571,35.65919,JGD2011,042-645-1881
他の法人,相談支援センター「タック」,192-0081,八王子市横山町２５－１６　フロイデンビル２階,139.33994,35.66012,JGD2011,042-686-2833
営利法人,美山相談支援事業所,192-0152,八王子市美山町２５５４,139.215,35.70563,JGD2011,090-6798-7302
社福法人,相談支援室ポレポレ,192-0153,八王子市西寺方町７６　八王子福祉園内,139.26318,35.67394,JGD2011,042-651-4703
社福法人,相談支援センター　レガーレ,192-0355,八王子市堀之内１２３６－８,139.38853,35.63586,JGD2011,042-653-9102
他の法人,相談支援センター待夢,192-0362,八王子市松木４８－１０　グランドゥール１０５,139.39453,35.6239,JGD2011,042-682-4670
他の法人,障害者生活支援センター　サポート南多摩,192-0364,八王子市南大沢２－２５　フォレストモール南大沢２０８号室,139.38161,35.61315,JGD2011,042-682-5343
営利法人,相談支援事業所　桜草,192-0902,八王子市上野町９３－１,139.32515,35.65514,JGD2011,042-686-3926
営利法人,障がい者（児）の夢を実現させる相談支援,192-0902,八王子市上野町３４－１１　１Ｆ,139.32635,35.6564,JGD2011,042-686-3472
他の法人,地域生活支援センターあくせす,192-0904,八王子市子安町３－６－７　サザンエイトビル３Ｆ,139.33838,35.65165,JGD2011,042-646-7929
他の法人,相談支援室あん・ぷらん,192-0904,八王子市子安町１－８－３　コーポ森１階,139.3407,35.65323,JGD2011,080-4623-6632
他の法人,まゆにっと,192-0907,八王子市長沼町１３０６－４　長沼通所センター内,139.36113,35.64668,JGD2011,042-656-254
他の法人,ＰＡＳＴＥＬ,192-0911,八王子市打越町３４７－３　安井ビル１０２号,139.35555,35.64502,JGD2011,042-649-9368
営利法人,ウェーブ・フォー・ネット相談室,192-0914,八王子市片倉町３５９－４　パラグアスＦ１階１０２,139.33772,35.64277,JGD2011,042-632-5655
他の法人,わかこま相談支援室,193-0823,八王子市横川町５２１－１,139.30424,35.66472,JGD2011,042-621-2277
営利法人,サポートＮＡＲＳ,193-0823,八王子市横川町５３８－１　馬場レヂデンス２,139.30481,35.66631,JGD2011,042-623-7774
社福法人,八王子地域生活支援室　高尾,193-0834,八王子市東浅川町９１４－６　東浅川ビル１階,139.28595,35.64232,JGD2011,042-629-9088
他の法人,トマリ相談支援研究所,193-0844,八王子市高尾町１６４２　リバーサイド小林２０７,139.27832,35.64283,JGD2011,042-673-4379
他の法人,ぽぴー相談支援センター,193-0844,八王子市高尾町１１１５－１　ハタノコーポ１０３号,139.28328,35.64287,JGD2011,042-673-4480
医療法人,こまぎの相談支援センター,193-0844,八王子市高尾町１６１１－１　ライブトピア高尾２階２０３号,139.25798,35.63302,JGD2011,042-661-2150
社福法人,相談支援事業所　もなか,193-0931,八王子市台町１－２４－２７　１Ｆ,139.32506,35.65041,JGD2011,042-657-2817
社福法人,相談支援室ぱれっと,193-0931,八王子市台町４－３３－１３,139.3183,35.65747,JGD2011,042-634-8511
他の法人,相談支援スペース「ゆめ」,193-0932,八王子市緑町９３５－１５,139.33514,35.64742,JGD2011,042-649-7077
営利法人,障害者自立支援センター「おあしす」,193-0944,八王子市館町３８１－１－１１０,139.29597,35.63596,JGD2011,042-629-4530
社福法人,相談支援センターにんじん・立川,190-0011,立川市高松町２－２７－２７,139.41847,35.70451,JGD2011,042-522-1537
営利法人,相談支援事業所暖,190-0011,立川市高松町１－１７－２０　粕谷ビル２階,139.41808,35.70881,JGD2011,042-512-5868
営利法人,ぼぬーる,190-0012,立川市曙町１－２４－１１　橋本ビル９階,139.40906,35.70009,JGD2011,042-595-9779
その他,立川市社会福祉協議会障害者相談支援事業所,190-0013,立川市富士見町２－３６－４７,139.40184,35.70138,JGD2011,042-540-0822
営利法人,相談支援事業所イロドリ,190-0013,立川市富士見町７－５－１１,139.39839,35.69366,JGD2011,042-548-4808
他の法人,相談支援事業所　介護グループふれあい,190-0021,立川市羽衣町２－４１－１　羽衣第一ビル２階,139.42598,35.69376,JGD2011,042-595-6620
他の法人,イドコロ相談所,190-0021,立川市羽衣町３－１－１２　マンション青３０１,139.42361,35.69176,JGD2011,042-512-8159
他の法人,相談支援事業所　すたんど,190-0022,立川市錦町１－５－１　グランドホープ２０１,139.41689,35.69701,JGD2011,042-511-8012
他の法人,特定指定相談支援事業　自立生活センター・立川,190-0023,立川市柴崎町２－１０－１６　オオノビル２階,139.40877,35.6961,JGD2011,042-525-0879
社福法人,特定相談支援事業所たちふく,190-0023,立川市柴崎町３－１３－１１,139.41185,35.69411,JGD2011,042-527-2721
社福法人,相談支援センター　らいふぱる,190-0034,立川市西砂町４－７５－２,139.35612,35.73581,JGD2011,042-531-0761
社福法人,地域生活支援センターびーと,180-0001,武蔵野市吉祥寺北町４－１１－１６,139.56555,35.71499,JGD2011,0422-54-7666
営利法人,日介センター吉祥寺,180-0003,武蔵野市吉祥寺南町２－２９－１０　三成参番館４階,139.58572,35.70006,JGD2011,0422-70-6905
営利法人,ハートシップ,180-0004,武蔵野市吉祥寺本町１－２８－３　シャルダン吉祥寺１２１号,139.58321,35.70526,JGD2011,0422-29-7830
営利法人,相談支援事業所　ハローワールド,180-0005,武蔵野市御殿山１－６－１１　Ｋ２ビル４階,139.57439,35.70295,JGD2011,0422-26-9503
他の法人,ライフサポートＭＥＷ,180-0006,武蔵野市中町３－４－９　ディアハイム武蔵野ビル１階,139.56412,35.71168,JGD2011,0422-36-3830
社福法人,障害者相談支援事業所ほくと,180-0011,武蔵野市八幡町４－２８－１３,139.55406,35.71962,JGD2011,0422-55-3612
社福法人,地域療育相談室　ハビット,180-0012,武蔵野市緑町２－６－８,139.56013,35.71745,JGD2011,0422-55-8510
営利法人,コット,180-0022,武蔵野市境１－９－９　温泉通りビル２０５,139.54471,35.70451,JGD2011,0422-38-8837
社福法人,相談支援事業所せんかわ,180-0023,武蔵野市境南町４－２０－５,139.53691,35.69858,JGD2011,0422-30-0022
他の法人,相談支援事業所　結い,181-0001,三鷹市井の頭２－２１－１８,139.58401,35.69125,JGD2011,0422-43-8135
区市町村,三鷹市北野ハピネスセンター,181-0003,三鷹市北野１－９－２９,139.58575,35.67978,JGD2011,0422-45-1151
社福法人,めだか相談室,181-0004,三鷹市新川４－９－５,139.57092,35.67205,JGD2011,0422-43-0171
社福法人,障がい者相談センター　つなぐ手,181-0004,三鷹市新川３－２１－１９　はなはなテラス１階,139.56894,35.67791,JGD2011,0422-45-1127
社福法人,相談支援事業所にじアート,181-0004,三鷹市新川４－１１－１３,139.57143,35.67317,JGD2011,0422-43-0727
区市町村,三鷹市子ども発達支援センター,181-0004,三鷹市新川６－３７－１,139.56218,35.68187,JGD2011,0422-45-1122
社福法人,三鷹市障がい者自立支援センターゆー・あい,181-0012,三鷹市上連雀４－１－８,139.55896,35.69746,JGD2011,0422-43-9047
社福法人,ひまわり,181-0013,三鷹市下連雀４－１５－２　ホワイトマンション１０３,139.56152,35.69614,JGD2011,0422-24-7290
他の法人,障がい者計画相談センターくも,181-0013,三鷹市下連雀４－１５－２３,139.56152,35.69614,JGD2011,0422-71-0902
社福法人,野の花,181-0014,三鷹市野崎２－６ー４２,139.54785,35.68307,JGD2011,0422-30-8800
社福法人,相談支援事業所にじネット,181-0015,三鷹市大沢１－６－３,139.54095,35.6707,JGD2011,0422-39-2411
営利法人,じゅうと生活サポートセンター,181-0015,三鷹市大沢１－１６－２６,139.53966,35.67372,JGD2011,0422-26-1772
医療法人,長谷川病院特定相談支援事業所,181-0016,三鷹市深大寺２－３０－１７－２０１,139.54089,35.68616,JGD2011,0422-30-5376
社福法人,相談支援事業所おおぞら,198-0001,青梅市成木２－１３０－２,139.27136,35.83256,JGD2011,0428-74-4192
他の法人,特定相談支援事業所だいもん,198-0014,青梅市大門２－２６１－１　青梅市障がい者サポートセンター内,139.2917,35.79549,JGD2011,0428-30-0152
他の法人,相談支援センターわかば,198-0014,青梅市大門２－２５９－３,139.2917,35.79549,JGD2011,0428-34-9230
社福法人,特定・障害児相談支援事業所じりつ,198-0023,青梅市今井５－２４３４－２,139.32863,35.79336,JGD2011,0428-32-1631
社福法人,相談支援事業所　くらやしき,198-0024,青梅市新町１－８－２,139.29781,35.78582,JGD2011,0428-78-2722
他の法人,相談支援事業所 もしもしすばる,198-0024,青梅市新町３－２０－３　ダイヤパレス１階,139.3018,35.77997,JGD2011,0428-78-0955
営利法人,ケアープラン新町,198-0024,青梅市新町７－６３－５　エルベール新町Ⅱ号館１３３,139.31691,35.78898,JGD2011,0428-30-0085
他の法人,ポラリス相談室,198-0024,青梅市新町７－５－５,139.31595,35.78387,JGD2011,0428-27-4178
他の法人,自立支援塾おうめ・相談室,198-0042,青梅市東青梅３－８－５　葵マンション１０６,139.27614,35.78899,JGD2011,0428-84-0054
営利法人,有限会社アイケアーサービス青梅,198-0042,青梅市東青梅１－７－８,139.2728,35.78878,JGD2011,0428-22-2339
営利法人,もみの木,198-0042,青梅市東青梅６－２－２９　カーサオヤマ１０２号,139.27354,35.79382,JGD2011,0428-78-3691
社福法人,花の里,198-0052,青梅市長淵５－１０８０－２,139.2606,35.77073,JGD2011,0428-25-1641
医療法人,多機能型支援施設　ほたるの里,198-0052,青梅市長淵５－１０８６,139.26384,35.77064,JGD2011,0428-25-1200
社福法人,たましろセンター,198-0052,青梅市長淵５－１４２０－２,139.26022,35.77192,JGD2011,0428-20-0722
営利法人,シエル相談支援センター,183-0004,府中市紅葉丘１－３８－７１,139.51346,35.67672,JGD2011,042-319-0938
社福法人,し～ま,183-0005,府中市若松町１－９－１,139.49915,35.66898,JGD2011,042-365-7361
他の法人,ケアチーム大芽,183-0005,府中市若松町１－２－５　芽生会ＢＬＤ５階,139.49571,35.67023,JGD2011,042-314-7013
社福法人,つくしんぼう,183-0012,府中市押立町１－１７－１３,139.50966,35.65971,JGD2011,042-365-3715
営利法人,地域生活支援センターふらっと,183-0015,府中市清水が丘３－２３－１７　１階,139.50374,35.66653,JGD2011,042-370-1781
営利法人,ＪＰＳ相談支援センター,183-0022,府中市宮西町３－５－４　パークヒル１Ｆ,139.47397,35.67199,JGD2011,042-365-2689
営利法人,相談支援ワンセルフ,183-0022,府中市宮西町２－４－３　アイスバーグビル５階,139.47855,35.67019,JGD2011,080-5376-3420
区市町村,地域生活支援センターみ～な,183-0026,府中市南町５－３８,139.46718,35.65549,JGD2011,042-360-1313
他の法人,コンパス,183-0027,府中市本町１－１５－３　宮ノ森コーポ１０３,139.47881,35.6665,JGD2011,042-319-9937
他の法人,つづれおり,183-0034,府中市住吉町２－１３－３　ベルメゾン住吉第２　２０１,139.45897,35.65796,JGD2011,042-368-2550
他の法人,わの会相談支援,183-0034,府中市住吉町１－６０－１０,139.45995,35.66067,JGD2011,042-319-2688
営利法人,相談支援センター　みさきのいえ,183-0034,府中市住吉町２－１５－９　アローヒルズ府中２０３,139.4581,35.65877,JGD2011,042-368-7155
社福法人,地域生活支援センタープラザ,183-0045,府中市美好町１－７－２　第一市川マンション２０２,139.47237,35.67299,JGD2011,042-358-2288
営利法人,相談室ウェル,183-0045,府中市美好町１－１－１８　石川ビル２０１,139.47334,35.673,JGD2011,042-336-8343
営利法人,相談支援センターリアン,183-0045,府中市美好町３－１３－３　第一グリーンテラス２,139.46597,35.67155,JGD2011,042-340-3078
他の法人,エンパワメントふちゅう,183-0055,府中市府中町２－１０－１１　清田第二ビル１階,139.4821,35.67421,JGD2011,042-334-7511
営利法人,相談支援　やすらぎ,183-0055,府中市府中町２－２１－４　菊正ビル２階１号室,139.48413,35.67514,JGD2011,042-358-8340
社福法人,地域生活支援センターあけぼの,183-0056,府中市寿町３－９－１１　山上ビル１階,139.47357,35.67643,JGD2011,042-358-1085
社福法人,サポートにんな,183-0056,府中市寿町２－２６,139.47429,35.67799,JGD2011,042-306-9099
他の法人,ウイズ相談支援事業所,196-0003,昭島市緑町４－１５－２３,139.34505,35.71532,JGD2011,042-544-1782
社福法人,昭島生活実習所,196-0003,昭島市松原町３－１１－１５,139.34525,35.71742,JGD2011,042-541-8796
社福法人,ゆいのもり相談支援センター,196-0012,昭島市つつじが丘３－５－６－１１４,139.3683,35.71367,JGD2011,042-545-5451
社福法人,昭島市障害者相談支援センター,196-0015,昭島市昭和町４－７－１　昭島市保健福祉センター内,139.36354,35.71101,JGD2011,042-544-5033
他の法人,特定非営利活動法人昭島ひよこ教室,196-0015,昭島市昭和町４－７－１　昭島市保健福祉センター２階,139.36354,35.71101,JGD2011,042-545-3676
社福法人,虹のセンター２５,196-0022,昭島市中神町１１７６－１９－１０１,139.37595,35.7098,JGD2011,042-549-7733
他の法人,特定非営利活動法人自立生活センター・昭島,196-0025,昭島市朝日町３－１８－１２,139.3732,35.70798,JGD2011,042-545-7553
営利法人,めりーらいふ,196-0033,昭島市東町４－９－３,139.39008,35.70107,JGD2011,042-546-4243
他の法人,特定非営利活動法人にこにこ,196-0034,昭島市玉川町３－１７－１３,139.38242,35.70491,JGD2011,042-541-0706
社福法人,地域生活支援センター希望ヶ丘,182-0005,調布市東つつじケ丘２－２９－１,139.57703,35.65601,JGD2011,03-5314-7083
社福法人,ちょうふだぞう,182-0022,調布市国領町３－１９－１,139.56012,35.64961,JGD2011,042-487-4655
営利法人,エアリ,182-0022,調布市国領町１－４０－６　モンターニュ国領３０８,139.55632,35.65046,JGD2011,042-455-1190
その他,社会福祉法人調布市社会福祉協議会相談支援事業所調布市こころの健康支援センター,182-0024,調布市布田５－４６－１,139.54169,35.64561,JGD2011,042-490-8166
その他,社会福祉法人調布市社会福祉協議会相談支援事業所ドルチェ,182-0026,調布市小島町２－４７－１,139.54263,35.65127,JGD2011,042-481-7693
他の法人,銀河ケアサービス,182-0026,調布市小島町１－２１－６　アジャンタ調布２０５,139.54048,35.65479,JGD2011,042-426-4618
他の法人,ＣＩＬちょうふ,182-0026,調布市小島町２－２１－５　１階,139.5388,35.65105,JGD2011,042-446-0683
社福法人,プラントシード,182-0026,調布市小島町１－２２－７,139.5401,35.65489,JGD2011,042-482-2020
営利法人,ケア２１　調布,182-0026,調布市小島町２－５１－９　高野ビル３０１,139.54317,35.65059,JGD2011,042-440-3484
区市町村,調布市子ども発達センター,182-0032,調布市西町２９０－４９,139.52269,35.66634,JGD2011,042-486-1190
区市町村,調布市福祉健康部障害福祉課,182-8511,調布市小島町２－３５－１,139.54089,35.65059,JGD2011,042-481-7094
営利法人,介護支援　友,194-0003,町田市小川５－８－３　,139.47359,35.51851,JGD2011,042-788-2607
他の法人,相談支援事業所うらら,194-0012,町田市金森２－３０－８,139.45793,35.53041,JGD2011,080-3202-7316
営利法人,はる風,194-0012,町田市金森６－７－２１,139.4585,35.52515,JGD2011,042-788-2067
他の法人,障害者生活支援センターまちだや,194-0013,町田市原町田２－２２－２６　プリモ・レガーロ町田１Ｆ,139.45398,35.53925,JGD2011,042-724-8616
社福法人,町田相談支援センター・ビギン,194-0013,町田市原町田５－４－１９,139.44977,35.54497,JGD2011,042-785-4515
営利法人,パーソナルアシスタント町田,194-0013,町田市原町田４－１８－６　マーブルパレス１０２,139.45116,35.54334,JGD2011,042-850-9141
社福法人,合掌苑障がい者支援センター,194-0015,町田市金森東３－１８－１６,139.46605,35.53177,JGD2011,042-706-9624
区市町村,町田市子ども発達センター,194-0021,町田市中町２－１３－１４,139.4437,35.55124,JGD2011,042-726-6570
営利法人,千手　町田,194-0021,町田市中町１－１５－９　ＡＵビル２０３,139.44626,35.54684,JGD2011,042-860-6428
営利法人,セレリアンス・サポート町田,194-0022,町田市森野四丁目１５番１２号　寺田ビル森野Ａ－２１２号室,139.43477,35.55596,JGD2011,042-851-8800
営利法人,相談支援センターアイケア,194-0023,町田市旭町２－１２－２,139.4355,35.55787,JGD2011,042-739-3839
他の法人,みずきの会ケアマネクラブ,194-0032,町田市本町田２７９７,139.44673,35.56751,JGD2011,042-789-3906
社福法人,グリーングラス相談支援事業,194-0035,町田市忠生２－３１－１４　メゾンＮ＆Ｂ３０３,139.41859,35.57944,JGD2011,042-794-6132
社福法人,相談支援センター　ポンテ,194-0037,町田市木曽西２－１７－１６,139.41527,35.56957,JGD2011,042-791-5150
社福法人,地の星なんでも相談室,194-0044,町田市成瀬８－９－１４,139.46825,35.54307,JGD2011,042-710-0050
社福法人,相談支援事業かけはし,194-0202,町田市下小山田町３２６７－２,139.40848,35.58714,JGD2011,042-797-6004
社福法人,とびら,194-0203,町田市図師町１６７７－１,139.42278,35.58761,JGD2011,042-794-4851
社福法人,相談支援センター　すばる町田,194-0203,町田市図師町９７１－２,139.41354,35.58066,JGD2011,090-9142-8621
営利法人,相談支援センター　あい羽,194-0203,町田市図師町１３３２－１５,139.41986,35.58134,JGD2011,042-794-4392
営利法人,相談支援センターさくら,194-0212,町田市小山町１２３４－１,139.37517,35.59633,JGD2011,042-794-8790
社福法人,ＡＴＯＭ相談支援事業,195-0053,町田市能ヶ谷３－２－１　鶴川地域コミュニティ１階,139.48978,35.58489,JGD2011,042-708-8899
社福法人,グッドサポートふくいん鶴川,195-0061,町田市鶴川２－１４－２３,139.46887,35.59015,JGD2011,042-737-7016
社福法人,つるかわ学園相談支援センター　こころ,195-0063,町田市野津田町８５１－１,139.4511,35.58815,JGD2011,042-736-5200
社福法人,共働学舎相談室,195-0064,町田市小野路町１７３３,139.45064,35.59515,JGD2011,042-737-7676
区市町村,小金井市児童発達支援センター　きらり,184-0002,小金井市梶野町１－２－３,139.52858,35.70198,JGD2011,0422-60-1550
区市町村,小金井市障害者地域自立生活支援センター,184-0003,小金井市緑町４－１７－１０,139.51736,35.70864,JGD2011,042-381-8411
他の法人,小金井市精神障害者地域生活支援センターそら,184-0004,小金井市本町２－２０－３０,139.50815,35.7047,JGD2011,042-381-6922
営利法人,にこにこパートナーズ,184-0004,小金井市本町１－２－２０　ＢＬＤ５５　２０５号,139.51059,35.69859,JGD2011,042-401-2925
他の法人,ケアマネジメントセンターうてな,184-0004,小金井市本町５－３７－８,139.50491,35.70475,JGD2011,042-380-9932
社福法人,ふらっとヨハネ,184-0011,小金井市東町５－２４－３,139.52071,35.69318,JGD2011,042-316-1141
他の法人,ＮＰＯ法人Ｐａｓｓｏ　ａ　ｐａｓｓｏ,184-0013,小金井市前原町３－４１－２８,139.505,35.69864,JGD2011,042-385-7401
営利法人,合同会社いちいちのはな,184-0013,小金井市前原町４－２－１－２１４　ウエスト小金井,139.50232,35.68468,JGD2011,042-207-6888
医療法人,武蔵野中央病院相談支援事業所,184-8585,小金井市東町一丁目４４－２６,139.52998,35.69381,JGD2011,0422-31-1231
社福法人,サポートみらい,187-0001,小平市大沼町２－１－３,139.49225,35.73862,JGD2011,042-316-9077
社福法人,テラスこだいら,187-0002,小平市花小金井８－１－１０,139.50266,35.73167,JGD2011,042-433-9330
他の法人,障害者相談支援センター・ぴありす,187-0003,小平市花小金井南町１－１８－４５－１０－１F,139.51126,35.72493,JGD2011,042-467-7235
その他,小平市立あおぞら福祉センター,187-0011,小平市鈴木町１－４７２,139.49841,35.72109,JGD2011,042-326-4980
社福法人,地域生活支援センターあさやけ,187-0031,小平市小川東町４－２－１　小平元気村おがわ東１階,139.47476,35.74061,JGD2011,042-345-1741
社福法人,曙光園　特定相談支援事業所,187-0032,小平市小川町１－５９０,139.44478,35.72746,JGD2011,042-345-2811
社福法人,地域生活支援センター澄水,187-0032,小平市小川町１－４８５,139.44067,35.72841,JGD2011,042-346-7412
社福法人,あい,187-0035,小平市小川西町５－２２－１２,139.45885,35.73432,JGD2011,042-349-2191
その他,小平市立障害者福祉センター,187-0035,小平市小川西町５－２５－１５,139.45882,35.73611,JGD2011,042-343-4976
他の法人,なんでも相談いるおーる,187-0042,小平市仲町２６９－１,139.49104,35.73172,JGD2011,042-308-3732
社福法人,スカイサポートセンター,187-0042,小平市仲町３５７－６,139.48988,35.72856,JGD2011,042-312-1894
その他,小平市障がい者地域自立生活支援センター,187-0043,小平市学園東町１－１９－１３　小平市福祉会館内,139.47797,35.72678,JGD2011,042-341-6555
他の法人,指定特定相談事業所ほっとぽむ,191-0001,日野市栄町２－２－１５　シティハイム日野１０１号,139.39082,35.68188,JGD2011,042-843-3535
営利法人,なごみ在宅介護サービス日野,191-0002,日野市新町１－５－３５　大沢新町ビル２階,139.39061,35.68111,JGD2011,042-589-2660
他の法人,地域相談室ぽらりす,191-0011,日野市日野本町３－１３－１４,139.39584,35.67856,JGD2011,042-848-6208
社福法人,地域生活支援センターゆうき,191-0031,日野市高幡８６４－１５,139.40913,35.66392,JGD2011,042-591-6321
他の法人,日野市障害者生活支援センター　ぴあ・たかはた,191-0031,日野市高幡２－９　ウィステリアガーデン１階,139.41141,35.66241,JGD2011,042-592-5454
他の法人,プラン湧水路,191-0033,日野市百草１０４２－２０　石坂ビル２Ｆ,139.42679,35.64581,JGD2011,042-586-7825
社福法人,相談支援ステーション　ほたる,191-0034,日野市落川２４５－１,139.43015,35.66227,JGD2011,042-593-2431
社福法人,地域生活相談室おあしす,191-0042,日野市程久保８７２－１,139.41302,35.64948,JGD2011,042-591-4016
社福法人,ここななお,191-0062,日野市多摩平２－５－１,139.37981,35.66399,JGD2011,042-843-1088
社福法人,光の家相談支援事業所,191-0065,日野市旭が丘１－１７－１７,139.37268,35.65611,JGD2011,042-581-2340
社福法人,やまばと,191-0065,日野市旭が丘２－４２－５,139.36852,35.66304,JGD2011,042-582-3400
区市町村,日野市発達・教育支援センター,191-0065,日野市旭が丘２－４２－８,139.36852,35.66304,JGD2011,042-589-8877
社福法人,コロニー障害者計画相談支援室,189-0001,東村山市秋津町２－２２－９,139.48753,35.76899,JGD2011,042-394-1111
他の法人,相談支援室アシスト,189-0001,東村山市秋津町２－３２－１５,139.48863,35.77099,JGD2011,042-306-0523
社福法人,地域生活支援センターふれあいの郷,189-0002,東村山市本町２－８－２　プライムビル２０７,139.46729,35.76345,JGD2011,042-397-6400
社福法人,秋津療育園相談支援センター,189-0002,東村山市青葉町３－３１－１,139.4957,35.76981,JGD2011,042-391-1377
他の法人,くおりあ相談室,189-0003,東村山市久米川町３－１２－７,139.47301,35.76684,JGD2011,042-306-4245
社福法人,東京都社会福祉事業団東村山相談支援事業所,189-0012,東村山市萩山町１－３５－１　希望の郷東村山　施設内,139.48201,35.73655,JGD2011,042-312-1386
社福法人,相談支援事業所　ふわり,189-0012,東村山市萩山町１－３５－１　東村山福祉園内,139.48201,35.73655,JGD2011,042-343-8141
社福法人,相談支援センター　こだま,189-0013,東村山市栄町２－９－３２　晃正プラザ３０３,139.47128,35.74983,JGD2011,042-395-1427
営利法人,みのり障害生活支援センター,189-0014,東村山市本町２－２４－１　ラヴィアンオランジュ１１０号,139.46997,35.7594,JGD2011,042-306-0355
社福法人,相談支援事業所トビラ,189-0024,東村山市富士見町３－４－１６,139.45456,35.74862,JGD2011,042-394-1868
社福法人,さやま園相談支援事業所,189-0024,東村山市富士見町２－７－１３,139.45242,35.74027,JGD2011,042-391-3275
社福法人,地域活動支援センター虹,185-0003,国分寺市戸倉４－１４　福祉センター内,139.45554,35.70816,JGD2011,042-321-2200
区市町村,国分寺市立こどもの発達センターつくしんぼ,185-0003,国分寺市戸倉３－１－１,139.4554,35.70756,JGD2011,042-323-7912
社福法人,あいうぃ・生活サポートセンター,185-0013,国分寺市西恋ケ窪２－２１－１５,139.46321,35.70176,JGD2011,042-323-3841
社福法人,地域生活支援センタープラッツ,185-0021,国分寺市南町３－４－４,139.47887,35.69793,JGD2011,042-323-5637
社福法人,ヘルパーステーションびいと,185-0023,国分寺市西元町３－６－１４,139.46991,35.68918,JGD2011,042-316-8523
社福法人,地域活動支援センターつばさ,185-0024,国分寺市泉町２－３－８,139.46869,35.69611,JGD2011,042-321-1212
社福法人,相談支援事業所のぞみ,185-0034,国分寺市光町２－１９－１２　１階,139.43811,35.70435,JGD2011,042-580-2887
社福法人,なびぃ,186-0003,国立市富士見台１－１７－４,139.44754,35.68139,JGD2011,042-571-3103
社福法人,相談支援エプシロン,186-0003,国立市富士見台２－１６－４　トーコービル４０６,139.44635,35.68196,JGD2011,042-505-7021
他の法人,指定相談支援事業所福祉サポートライン,186-0004,国立市中１－１８－３５　国立ヒルズ１０１,139.44275,35.69627,JGD2011,042-573-5939
他の法人,ケアプランセンターたまぷらねっと,186-0004,国立市中１－１４－３０－１,139.44221,35.69704,JGD2011,042-505-5441
営利法人,ハッピーテラス国立,186-0004,国立市北１－５－８　プラース壱番館２階　店舗Ｅ,139.44736,35.69991,JGD2011,042-505-6543
他の法人,相談支援事業ルピナス,186-0005,国立市西２－２０－１０　第２村上ビル２階,139.43581,35.69318,JGD2011,042-573-0933
社福法人,相談支援センター「みなも」,186-0011,国立市谷保６３１２,139.43053,35.68021,JGD2011,042-577-0035
社福法人,指定障害者相談支援事業所　国立,186-0011,国立市谷保３１４０,139.42712,35.67707,JGD2011,042-571-1115
他の法人,ともにーサポート,186-0012,国立市泉５－２０－４,139.43773,35.67789,JGD2011,042-505-7635
その他,福生市社会福祉協議会,197-0004,福生市南田園２－１３－１,139.33234,35.72799,JGD2011,042-552-2121
他の法人,相談支援センター　ウィステリア福生,197-0011,福生市福生２１６９－２　ウィステリア福生,139.33653,35.74402,JGD2011,042-539-4181
他の法人,特定非営利活動法人　青少年自立援助センター　ジョブスペース游,197-0011,福生市福生字武蔵野２３５１－１,139.32147,35.74108,JGD2011,042-553-2575
社福法人,麦わら帽子,197-0011,福生市大字福生２１２５－３,139.3327,35.74394,JGD2011,042-552-2258
営利法人,介護センター　みらい,197-0012,福生市加美平２－１－１３,139.32597,35.74585,JGD2011,042-513-0735
医療法人,地域活動支援センターハッピーウイング,197-0021,福生市東町６－８　ＭＥビル３階,139.32768,35.74402,JGD2011,042-553-9888
他の法人,やなぎ社会福祉事務所,197-0023,福生市志茂１６９－１　ライオンズマンション福生１０５,139.32983,35.73815,JGD2011,042-513-0244
他の法人,地域生活支援センターリヒト,201-0013,狛江市元和泉２－３５－１　あいとぴあセンター３階,139.56741,35.6334,JGD2011,03-3480-2236
その他,狛江市特定相談支援事業所サポート,201-0013,狛江市元和泉２－３５－１　あいとぴあセンター内,139.56741,35.6334,JGD2011,03-5438-3533
社福法人,相談支援センターみずき,201-0014,狛江市東和泉１－３２－２１,139.5768,35.63037,JGD2011,03-5761-4796
社福法人,相談支援にじ,207-0004,東大和市清水３－８５５－２,139.44348,35.75406,JGD2011,042-564-2883
区市町村,東大和市立やまとあけぼの学園,207-0012,東大和市新堀１－１５２３－２,139.44966,35.73903,JGD2011,042-564-5923
他の法人,特定非営利活動法人自立生活センター東大和,207-0014,東大和市南街１－２２－６　シティコート南街１階,139.43205,35.74061,JGD2011,042-567-2622
その他,東大和市精神障害者地域生活支援センター,207-0015,東大和市中央３－９１２－３,139.42656,35.74623,JGD2011,042-564-0891
他の法人,はるもにあ,207-0015,東大和市中央２－１１０１－４３　中央コーポ,139.43036,35.74388,JGD2011,042-565-8981
営利法人,イコールケアマネセンター,207-0016,東大和市仲原１－６－２,139.44435,35.74324,JGD2011,042-567-8215
社福法人,東大和市総合福祉センターは～とふる,207-0022,東大和市桜が丘２－５３－６,139.41815,35.73586,JGD2011,042-516-3981
社福法人,地域生活支援センターどんぐり,204-0004,清瀬市元町１－１３－２４,139.51814,35.7742,JGD2011,042-495-5110
区市町村,清瀬市社会福祉協議会相談支援事業所,204-0013,清瀬市上清戸１－１６－６２,139.52586,35.77559,JGD2011,042-495-5511
社福法人,東京アフターケア協会相談支援事業所,204-0022,清瀬市松山２－１８－２,139.51143,35.77406,JGD2011,042-491-1236
営利法人,たまみずき相談支援事業所　清瀬,204-0022,清瀬市松山２－２－１５　清瀬シティハイム２階,139.51668,35.77045,JGD2011,042-497-8458
営利法人,株式会社みのり,204-0022,清瀬市松山２－５－２０　Ａ－１０１,139.51646,35.77153,JGD2011,042-492-8815
他の法人,スマイルネット,204-0022,清瀬市松山１－１２－１５,139.51796,35.77186,JGD2011,042-497-1651
区市町村,清瀬市子どもの発達支援・交流センター,204-0023,清瀬市竹丘１－１５－８,139.51082,35.76803,JGD2011,042-495-3030
社福法人,清瀬療護園障害者相談支援センター,204-0023,清瀬市竹丘３－１－７２,139.50537,35.76749,JGD2011,042-493-3235
他の法人,日本社会事業大学附属子ども学園,204-0024,清瀬市梅園１－２－５０,139.50775,35.77295,JGD2011,042-491-8131
社福法人,相談支援センター　ひだまり,204-0024,清瀬市梅園３－１－３０,139.50278,35.76933,JGD2011,042-497-8882
社福法人,モナモナ相談支援センター,203-0002,東久留米市神宝町２－１４－２３,139.54446,35.76931,JGD2011,042-420-9663
社福法人,ライフパートナーこぶし,203-0004,東久留米市氷川台２－３１－１９,139.53148,35.76827,JGD2011,042-470-2385
社福法人,広域地域ケアセンター　バオバブ,203-0011,東久留米市大門町２－１３－１１,139.54301,35.76348,JGD2011,042-474-7895
社福法人,すぎのこ相談室,203-0011,東久留米市大門町２－１３－１１,139.54301,35.76348,JGD2011,042-471-4883
他の法人,自立生活センターグッドライフ,203-0014,東久留米市東本町１４－７　滝ビル１階,139.53519,35.7628,JGD2011,042-477-8384
他の法人,相談支援センター　武蔵野の里,203-0014,東久留米市東本町１２－９　貫井総合ビル２０１,139.53535,35.76382,JGD2011,042-472-3155
区市町村,東久留米市立わかくさ学園発達相談室,203-0023,東久留米市南沢２－２０－５１,139.53183,35.74908,JGD2011,042-462-4669
他の法人,相談ステーションむくむく,203-0031,東久留米市南町４－１０－２６,139.52094,35.74663,JGD2011,0424-75-6965
他の法人,相談支援センターくるみ,203-0031,東久留米市南町４－９－２１,139.52266,35.74469,JGD2011,042-420-1850
社福法人,相談支援事業所　すばる,203-0032,東久留米市前沢５－５－８,139.51196,35.74001,JGD2011,042-476-1081
他の法人,特定相談支援事業所　コイノニア,203-0042,東久留米市八幡町２－１２－１５　八幡町コイノニアホーム２０３,139.51288,35.7554,JGD2011,042-470-9009
社福法人,東久留米市地域生活支援センターめるくまーる,203-0052,東久留米市幸町３－６－２　アトモスビル１階,139.51981,35.75675,JGD2011,042-476-1335
区市町村,東久留米市立さいわい福祉センター,203-0052,東久留米市幸町３－９－２８,139.51913,35.75911,JGD2011,042-477-2711
社福法人,イリアンソス相談支援センター,203-0052,東久留米市幸町３－８－２３,139.51871,35.75771,JGD2011,042-477-2833
他の法人,相談支援事業所　まいんど,203-0053,東久留米市本町１－１０－２２,139.53513,35.75712,JGD2011,042-479-4232
他の法人,相談支援センターぬくもり,203-0054,東久留米市中央町２－１－４　清美荘１０２号,139.52336,35.7566,JGD2011,042-477-9891
医療法人,武蔵村山市精神障害者地域活動支援センターお伊勢の森,208-0011,武蔵村山市学園４－５－１　武蔵村山市民総合センター２階,139.40326,35.74613,JGD2011,042-567-7256
その他,武蔵村山市社会福祉協議会特定相談支援事業所,208-0011,武蔵村山市学園４－５－１,139.40326,35.74613,JGD2011,042-590-1501
社福法人,東京小児療育病院地域支援センター,208-0011,武蔵村山市学園４－１０－１,139.39861,35.74409,JGD2011,042-561-2521
他の法人,相談支援センター クローバー,208-0011,武蔵村山市学園１－１１２－８　エステート武蔵村山１階,139.39656,35.74636,JGD2011,042-843-8150
社福法人,相談支援事業所みつふじ,208-0021,武蔵村山市三ツ藤２－３４－１,139.3768,35.75231,JGD2011,042-569-3832
社福法人,あかつきコロニー相談支援センター,208-0023,武蔵村山市伊奈平１－６４－１,139.37785,35.74544,JGD2011,042-560-7840
社福法人,あい武蔵村山,208-0035,武蔵村山市中原４－３－２,139.36366,35.75272,JGD2011,042-520-2195
他の法人,れすと相談支援センター,206-0001,多摩市和田１８７０－２,139.43434,35.64715,JGD2011,042-373-8925
社福法人,マルシェたま　障害者相談支援事業所,206-0011,多摩市関戸４－１９－５　市立健康センター４階,139.44958,35.64898,JGD2011,042-311-2300
他の法人,相談支援センター　あゆーと,206-0012,多摩市貝取４－３－１－１１０,139.43842,35.61452,JGD2011,042-316-9200
社福法人,社会福祉法人桜ヶ丘社会事業協会桜ヶ丘記念病院,206-0021,多摩市連光寺１－１－１,139.45787,35.64739,JGD2011,042-375-6311
社福法人,相談支援センター　くぬぎ,206-0025,多摩市永山３－９　東永山複合施設内,139.44942,35.62371,JGD2011,042-375-2583
その他,社会福祉法人多摩市社会福祉協議会,206-0032,多摩市南野３－１５－１,139.41402,35.61226,JGD2011,042-356-0307
他の法人,特定非営利活動法人多摩市障害者福祉協会,206-0032,多摩市南野３－１５－１　総合福祉センター５階　障害者団体共用室,139.41402,35.61226,JGD2011,042-356-0308
社福法人,啓光相談支援センター,206-0032,多摩市南野３－１５－１　多摩市総合福祉センター１階,139.41402,35.61226,JGD2011,042-376-5044
営利法人,おもと介護多摩事業所,206-0033,多摩市落合１－１－３０,139.4281,35.62768,JGD2011,042-355-8805
社福法人,相談支援センター　しまだ,206-0036,多摩市中沢１－３１－１,139.41023,35.62096,JGD2011,042-374-2071
営利法人,ベック多摩,206-0041,多摩市愛宕４－９－７　ハロッズプラザ１０６,139.42937,35.62897,JGD2011,042-311-0575
営利法人,相談支援センターぽわん,206-0041,多摩市愛宕４－９－２２　池田ビル２階２０３号室,139.42937,35.62897,JGD2011,042-311-0828
社福法人,稲城市障害者総合相談センターマルシェいなぎ,206-0802,稲城市東長沼２１０７－３　ヒルテラス稲城１０３,139.50499,35.63851,JGD2011,042-379-9234
営利法人,ケアセンターあんさんぶる稲城,206-0802,稲城市東長沼８７０　エクセル松本２０３,139.50958,35.64155,JGD2011,042-815-1822
その他,社会福祉法人稲城市社会福祉協議会,206-0804,稲城市百村７,139.49953,35.63996,JGD2011,042-378-3366
営利法人,相談支援センターまはろ,206-0812,稲城市矢野口５４１　美里コーポ１０１,139.5218,35.63861,JGD2011,042-379-8262
社福法人,相談支援事業所I-Me（ｱｲﾐ―）,205-0001,羽村市小作台５－１－１　ルミエール・シモダ１０６,139.29919,35.77337,JGD2011,0428-74-5550
その他,羽村市社会福祉協議会　特定相談支援事業　あおば,205-0002,羽村市栄町２－１８－１ 羽村市福祉センター内,139.31313,35.77059,JGD2011,042-555-1210
社福法人,指定特定相談支援事業所　ゆい,205-0002,羽村市栄町３－３－１,139.31407,35.7719,JGD2011,042-578-0855
他の法人,相談支援事業所つむぎ,205-0017,羽村市羽西３－３－１,139.29642,35.77319,JGD2011,042-511-4280
社福法人,障がい者相談支援センターいまここ,197-0804,あきる野市秋川１－１２－１　エスポワールⅢ番館１－Ｂ,139.28821,35.72985,JGD2011,042-595-5720
社福法人,あきる野市障がい者相談支援センター,197-0814,あきる野市二宮６７０－５　秋川健康会館１階,139.30292,35.72922,JGD2011,042-559-0368
他の法人,をとん,197-0814,あきる野市油平９８番地　第一中村ビル３０１号,139.28651,35.72517,JGD2011,042-532-0305
営利法人,株式会社ひまわり,197-0814,あきる野市二宮２２６７,139.31401,35.72902,JGD2011,042-550-6151
営利法人,悠優ヘルパーセンター,197-0823,あきる野市野辺３０５－６,139.31206,35.72249,JGD2011,042-532-3273
営利法人,ケアサポートセンターかしの木,197-0825,あきる野市雨間２５４－６　センターヴィレッジ５０１,139.29018,35.72854,JGD2011,042-518-7841
社福法人,西多摩地域生活相談室,197-0831,あきる野市下代継９４－６,139.28168,35.72675,JGD2011,090-9804-9239
社福法人,上代継在宅地域支援センター,197-0832,あきる野市上代継８４－６,139.27722,35.73187,JGD2011,042-559-2241
営利法人,たまみずき相談支援ひばり,188-0003,西東京市北原町１－３８－２,139.54637,35.73877,JGD2011,042-497-4850
社福法人,さくらの園,188-0004,西東京市西原町４－５－６　西東京市西原総合教育施設内,139.52879,35.73684,JGD2011,042-452-6005
他の法人,自立生活企画,188-0011,西東京市田無町５－６－２０　第２和光ビル２０２,139.53665,35.73223,JGD2011,042-462-5999
医療法人,地域活動支援センター　ハーモニー,188-0011,西東京市田無町４－１７－１４,139.53592,35.72918,JGD2011,042-452-2773
社福法人,地域活動支援センター　ブルーム,188-0011,西東京市田無町５－５－１２,139.53619,35.73098,JGD2011,042-452-3085
営利法人,株式会社ケアワーク北多摩,188-0011,西東京市田無町５－８－１５,139.53902,35.73129,JGD2011,042-461-8230
他の法人,相談支援センターたなし,188-0011,西東京市田無町３－３－７－８０１,139.54077,35.73124,JGD2011,042-468-3061
他の法人,ミモザ,188-0012,西東京市南町１－１４－１３－２０３,139.54584,35.72612,JGD2011,042-452-9202
他の法人,ととろクラブ 相談室,188-0014,西東京市芝久保町２－２２－３２－２０５,139.5201,35.726,JGD2011,042-452-3467
他の法人,ＹＬひばりが丘相談所,202-0002,西東京市ひばりが丘北３－４－３－３０４,139.5464,35.75237,JGD2011,090-6000-4789
他の法人,相談室　こころ,202-0005,西東京市住吉町３－１２－１９,139.54733,35.75027,JGD2011,042-424-7775
他の法人,相談支援事業所スワロウ,202-0012,西東京市東町４－１０－２３　フレックスヴィラ１１０号,139.56602,35.74425,JGD2011,042-438-8097
他の法人,保谷障害者福祉センター,202-0015,西東京市保谷町１－６－２０,139.55544,35.73482,JGD2011,042-463-9861
他の法人,相談支援事業所　ポラリス,202-0023,西東京市新町１－１４－１０,139.54405,35.71494,JGD2011,042-252-3103
その他,社会福祉法人瑞穂町社会福祉協議会,190-1211,西多摩郡瑞穂町石畑２００８,139.35938,35.77695,JGD2011,042-557-0165
他の法人,地域活動支援センター ひまわり,190-1221,西多摩郡瑞穂町箱根ケ崎８０６－１,139.34462,35.78111,JGD2011,042-557-5145
社福法人,フラップ,190-1221,西多摩郡瑞穂町箱根ケ崎字武蔵野９４０,139.342,35.77872,JGD2011,042-568-0966
社福法人,相談　日の出舎,190-0182,西多摩郡日の出町平井３０３０,139.25609,35.7477,JGD2011,042-597-1451
その他,太陽の家相談支援センター,190-0182,西多摩郡日の出町平井２７３７,139.25629,35.74184,JGD2011,042-597-2811
他の法人,あるって,190-0182,西多摩郡日の出町平井３２６１－２,139.25958,35.74183,JGD2011,042-519-9761
社福法人,ひのきのその,190-0213,西多摩郡檜原村５３５４－６,139.16281,35.72683,JGD2011,042-598-3113
他の法人,相談支援事業所「つづみ草」,198-0212,西多摩郡奥多摩町氷川９５４－１１,139.09344,35.8236,JGD2011,0428-83-8145
社福法人,さかみち,198-0213,西多摩郡奥多摩町海沢５６４,139.12495,35.78701,JGD2011,0428-83-3402
社福法人,特定相談支援事業所おおしまふじくら,100-0101,大島町元町字馬の背１２８番,139.35989,34.76034,JGD2011,04992-2-2386
社福法人,大島恵の園　相談支援事業所めぐみ,100-0211,大島町差木地１,139.39543,34.693,JGD2011,04992-4-1611
他の法人,相談支援　のびのび,100-1401,八丈島八丈町大賀郷４４３６番地３５,139.76569,33.11713,JGD2011,04996-9-5817
