"経営","施設名","郵便番号","所在地","経度","緯度","座標系","電話番号"
"営利法人","相談支援事業所　Ｍｏｉ","101-0051","千代田区神田神保町２－３　神田古書センタービル６階","139.757239","35.695697","JGD2011","03-6261-6175"
"他の法人","特定非営利活動法人ホープ","102-0071","千代田区富士見２－３－７　タカオカビル１０１","139.745153","35.699613","JGD2011","03-3221-4266"
"区市町村","中央区立福祉センター","104-0044","中央区明石町１２番１号","139.777035","35.666506","JGD2011","03-6278-8642"
"区市町村","中央区立知的障害者生活支援施設レインボーハウス明石","104-0044","中央区明石町１－６","139.776716","35.669292","JGD2011","03-6226-1099"
"区市町村","中央区立福祉センター障害児相談支援事業所","104-0044","中央区明石町１２－１","139.777035","35.666506","JGD2011","03-3545-9311"
"営利法人","相談支援事業所ヒューマングロー東銀座","104-0045","中央区築地４－１２－２　ライオンズマンション７０１","139.771222","35.66557","JGD2011","070-1260-3246"
"社福法人","新橋はつらつ太陽","105-0004","港区新橋６－１９－２","139.753738","35.661192","JGD2011","03-3433-0181"
"営利法人","コスモスケアステーション","105-0004","港区新橋６－５－４　ＤＩＫマンション新橋８０３号","139.754418","35.662134","JGD2011","03-5405-1910"
"営利法人","ケアネスト","105-0012","港区芝大門１－１１－９","139.752779","35.658312","JGD2011","03-3433-0270"
"社福法人","港区立障害保健福祉センター　地域活動支援センター","105-0014","港区芝１－８－２３","139.755574","35.651618","JGD2011","03-5439-2511"
"他の法人","特定非営利活動法人　みなと障がい者福祉事業団","105-0014","港区芝１－８－２３　港区立障害福祉保健センター内","139.755574","35.651618","JGD2011","03-5439-8062"
"社福法人","社会福祉法人　家庭授産奨励会　西麻布作業所","106-0031","港区西麻布３－１９－１６","139.725665","35.659619","JGD2011","03-3408-1545"
"他の法人","ＧＩＦＴライフプランナー","106-0045","港区麻布十番２－１３－２　アザブクマイビル３０２","139.735225","35.655001","JGD2011","050-3558-9822"
"営利法人","ハッピーテラスケアサポート芝浦","108-0023","港区芝浦４－１２－３１","139.749103","35.640017","JGD2011","03-6435-4738"
"他の法人","訪問介護事業所エブリィ","108-0073","港区三田２－１１－７－２０２","139.744478","35.650176","JGD2011","03-6435-2323"
"営利法人","ケアコーディネーション","108-0073","港区三田２－２－２７－４０４","139.738578","35.649735","JGD2011","03-6453-9336"
"営利法人","有限会社すばる介護センター","108-0074","港区高輪３丁目２番３号　Ｔ３２３プレイスビル２Ｆ","139.732682","35.635553","JGD2011","03-5789-2786"
"他の法人","麻布メンタルヘルス指定相談支援事業所","108-0074","港区高輪１－４－８","139.734898","35.642988","JGD2011","03-5424-1004"
"社福法人","港区立精神障害者地域活動支援センター","108-0074","港区高輪１－４－８","139.734898","35.642988","JGD2011","03-5798-4660"
"営利法人","プロキオン","160-0011","新宿区若葉１－４","139.724125","35.686641","JGD2011","03-3359-0128"
"区市町村","新宿区立子ども総合センター","160-0022","新宿区新宿７－３－２９","139.712681","35.701003","JGD2011","03-3232-0679"
"営利法人","相談支援事業所　Ｋａｉｅｎ新宿","160-0023","新宿区西新宿６－２－３　新宿アイランドアネックス２０７","139.69413","35.693615","JGD2011","050-2018-2040"
"営利法人","ホートンケアサービス","160-0023","新宿区西新宿４－３２－１１　新宿セントビラ永谷７１３号","139.688862","35.687071","JGD2011","03-6300-6483"
"区市町村","新宿区基幹相談支援センター","160-8484","新宿区歌舞伎町１丁目４－１　新宿区役所本庁舎２階障害者福祉課","139.703463","35.69389","JGD2011","03-5273-4302"
"営利法人","社会福祉支援研究所","169-0075","新宿区高田馬場１－４－２１","139.70957","35.711094","JGD2011","03-6233-7851"
"社福法人","地域プラザ　ふらっと","112-0006","文京区小日向２－１６－１５","139.734582","35.710581","JGD2011","03-5940-2822"
"営利法人","タオ","113-0001","文京区白山１－３２－１１　鈴木ビル１０１","139.752472","35.720049","JGD2011","090-4123-2330"
"営利法人","だんござかハウス　相談支援係","113-0022","文京区千駄木２－３３－８","139.763135","35.724461","JGD2011","03-3823-2844"
"他の法人","相談支援事業所　リリーフ","113-0034","文京区湯島３－２０－９－４０１","139.767666","35.705651","JGD2011","03-6240-1977"
"区市町村","文京区児童発達支援センター","113-0034","文京区湯島４－７－１０","139.765768","35.708848","JGD2011","03-5800-2591"
"他の法人","特定非営利活動法人　自立生活センターたいとう","110-0012","台東区竜泉３－１９－７　１階","139.792452","35.725678","JGD2011","03-5603-0821"
"社福法人","つばさ相談支援センター","110-0016","台東区台東１－２５－５　台東複合施設いきいきプラザ３階","139.77784","35.70188","JGD2011","03-6795-0230"
"他の法人","相談支援センターほおずき","111-0021","台東区日本堤１－３２－３","139.796676","35.725561","JGD2011","03-3871-4123"
"社福法人","障害者支援施設　浅草ほうらい","111-0022","台東区清川２丁目１４番地７号","139.801304","35.72717","JGD2011","03-5808-0067"
"他の法人","相談支援センターアップル","111-0031","台東区千束３－２０－２４","139.792285","35.723372","JGD2011","03-3874-7922"
"他の法人","相談支援センターつなぐ","111-0032","台東区浅草３－９－２　ランドール浅草１０２","139.794491","35.717054","JGD2011","03-6458-1872"
"他の法人","特定非営利活動法人トータルサポートたいとう","111-0032","台東区浅草５－１５－２","139.795016","35.720598","JGD2011","03-5808-7855"
"区市町村","台東区松が谷福祉会館","111-0036","台東区松が谷１丁目４番１２号","139.785425","35.711304","JGD2011","03-3842-2672"
"他の法人","かけはし","111-0053","台東区浅草橋１－３２－６　コスモス浅草橋酒井ビル２階","139.785482","35.698555","JGD2011","03-3864-7003"
"営利法人","ほしのき相談支援","130-0002","墨田区業平５－１１－１０　岩楯ビル１０２","139.816495","35.708097","JGD2011","03-6456-1594"
"営利法人","相談支援事業所ジョイサポート","130-0003","墨田区横川５－１０－１　プリメール柳島１１８","139.81642","35.705555","JGD2011","03-5809-7291"
"営利法人","ハーツ相談支援事業所","130-0011","墨田区石原３－１－１","139.802745","35.699117","JGD2011","03-5819-4383"
"営利法人","らいふ十人会","130-0021","墨田区緑４－５－１０","139.806728","35.693184","JGD2011","03-3634-1217"
"営利法人","ラック鐘ヶ淵","131-0032","墨田区東向島２－３６－１１　２０２号室","139.818167","35.721594","JGD2011","03-5630-2235"
"営利法人","エリアサポートすみだ","131-0033","墨田区向島３－３５－１３　ブランニューハウス１階","139.809953","35.712666","JGD2011","03-5637-8195"
"区市町村","すみだ福祉保健センター相談支援事業所","131-0033","墨田区向島３－３６－７","139.810759","35.713374","JGD2011","03-5608-3715"
"営利法人","ラック立花","131-0043","墨田区立花１－２３　２号棟１０１号室","139.830724","35.706589","JGD2011","03-5631-7151"
"営利法人","本所相談支援事業所","131-0044","墨田区文花３－１４－４","139.825938","35.712011","JGD2011","03-5655-3820"
"営利法人","あしたば相談支援事業所","131-0045","墨田区押上１－４３－３","139.816536","35.709966","JGD2011","03-6456-1669"
"営利法人","ラックすみだ","131-0046","墨田区京島１－４７－１７","139.821589","35.718336","JGD2011","03-5655-7508"
"営利法人","あそかライフサービス株式会社","135-0002","江東区住吉１－１６－１３　富士工第２ビル３階","139.812897","35.689035","JGD2011","03-5669-7511"
"営利法人","グッドワン","135-0002","江東区住吉１－１４－１１","139.813466","35.688454","JGD2011","03-6284-0411"
"他の法人","乳幼児親子教室","135-0003","江東区猿江１－１８－９－２０４","139.811683","35.687024","JGD2011","03-3635-4626"
"区市町村","江東区こども発達扇橋センター","135-0011","江東区扇橋３－７－２","139.820443","35.682685","JGD2011","03-3648-3760"
"他の法人","たんぽぽクラブ","135-0014","江東区石島５－７　深川ビル１階２０１号室","139.811966","35.680375","JGD2011","03-5690-4300"
"他の法人","なかよし指定訪問介護事業所","135-0032","江東区福住２－４－１","139.79391","35.677755","JGD2011","03-5639-9188"
"他の法人","こぴあクラブ","135-0041","江東区冬木６－２０","139.801603","35.673386","JGD2011","03-3630-1363"
"営利法人","ライフアーク相談支援センター","135-0042","江東区木場６－１０－６　ＴＫＹビル３階","139.805822","35.668345","JGD2011","03-6666-6240"
"区市町村","江東区こども発達センター","135-0043","江東区塩浜２－５－２０","139.805383","35.661932","JGD2011","03-5632-2591"
"営利法人","あそかライフサービス　辰己営業所","135-0053","江東区辰巳１－２－９－１０３号　辰己団地９号棟店舗","139.808297","35.650056","JGD2011","03-3522-8666"
"営利法人","スマートキッズ江東相談支援センター","136-0071","江東区亀戸１－３１－７","139.825678","35.694709","JGD2011","03-5858-8032"
"営利法人","カレッジケア","136-0071","江東区亀戸６－３０－４－１１０７号","139.827986","35.696337","JGD2011","03-5875-2188"
"営利法人","城東訪問介護","136-0072","江東区大島３－１５－１３","139.828991","35.690743","JGD2011","03-5628-3377"
"営利法人","さくら・介護ステーション大島","136-0072","江東区大島７－１０－５　梅田ビル１階","139.838729","35.692238","JGD2011","03-6807-0790"
"営利法人","有限会社ケア・けんこう","136-0073","江東区北砂６－１９－３","139.838266","35.684927","JGD2011","03-5617-8240"
"営利法人","ツクイ江東北砂","136-0073","江東区北砂６－２１－４　紅ビル２０１","139.837918","35.684333","JGD2011","03-5665-1601"
"営利法人","江東ヘルパーステーション","136-0076","江東区南砂２－３７－１０－４０７","139.825453","35.670393","JGD2011","03-5606-9255"
"他の法人","相談支援事業所パルレ","140-0003","品川区八潮５－９－１１","139.752285","35.598211","JGD2011","070-6661-9303"
"社福法人","グロー障害者相談支援センター","140-0004","品川区南品川５－１０－４３　楓ハイツ３階","139.73961","35.609842","JGD2011","03-6873-5424"
"営利法人","ケアサークル恵愛障害者相談支援センター","140-0014","品川区大井３－１７－８　大井本通りビル","139.731203","35.602054","JGD2011","03-3771-6767"
"営利法人","ケアメイト品川居宅介護支援事業所","140-0015","品川区西大井２－４－１４","139.722503","35.59964","JGD2011","03-3772-1331"
"区市町村","品川区　障害者福祉課","140-8715","品川区広町２－１－３６","139.730241","35.608836","JGD2011","03-5742-6389"
"区市町村","目黒区児童発達支援センター　相談支援ひまわり","152-0001","目黒区中央町２－２３－２４","139.690941","35.630827","JGD2011","03-3714-1617"
"営利法人","アトリエそうだん","152-0003","目黒区碑文谷１－１１－１５","139.691005","35.621315","JGD2011","03-6452-2946"
"営利法人","福祉相談事務所　エール","152-0004","目黒区鷹番２－２０－１３　ＲＳ牛山２０３","139.686203","35.6294","JGD2011","03-4291-0955"
"営利法人","ナイスケア目黒相談支援センター","152-0033","目黒区大岡山１－５－１５　ＮＣビル２階","139.68442","35.610685","JGD2011","03-3717-3120"
"他の法人","たんぽぽの会　相談支援","153-0053","目黒区五本木３－３２－８","139.681284","35.629744","JGD2011","03-6412-8372"
"他の法人","ふれんず","153-0061","目黒区中目黒５－２８－２１　ＳＶ祐天寺ビル３Ｆ","139.694391","35.636071","JGD2011","03-3793-1871"
"他の法人","相談支援事業所ここん","143-0016","大田区大森北５－１６－１－１３１０","139.724043","35.580817","JGD2011","03-5767-0022"
"営利法人","相談支援　山王ケアサポート中央","143-0024","大田区中央１－２１－５　フタバビル２０１","139.71981","35.579814","JGD2011","03-6809-9003"
"他の法人","ＮＰＯ法人結ぶ会","143-0024","大田区中央５－８－１４","139.7081","35.581322","JGD2011","03-6755-4349"
"営利法人","あいりすキッズ","143-0026","大田区西馬込１－３２－１５　共信ビル３０３","139.70333","35.589785","JGD2011","03-4400-2756"
"医療法人","おおた相談支援センター","144-0031","大田区東蒲田２－１－１３　アストラルＨＴＫ１２階","139.72633","35.563","JGD2011","03-6424-9020"
"営利法人","ケア２１　大田","144-0052","大田区蒲田４－４１－１　大熊ビル１階","139.719042","35.559786","JGD2011","03-5480-3521"
"他の法人","TOMOソーシャルサポートネット","144-0052","大田区蒲田１－２４－１７","139.719511","35.564664","JGD2011","03-5480-7391"
"他の法人","障がい者相談支援事業所らっこ","144-0053","大田区蒲田本町２－１２－１　松井ビル１階","139.719506","35.556498","JGD2011","03-6909-4480"
"営利法人","リトル　コールケア　相談支援事業所","145-0066","大田区南雪谷４－７－１３　１０１号室","139.682022","35.588807","JGD2011","03-6421-9856"
"他の法人","あかしろきいろ子ども発達相談るーむ","146-0082","大田区池上４－３０－９－３０１","139.705203","35.573232","JGD2011","03-6410-6701"
"他の法人","麻布メンタルヘルス指定相談支援事業所大田支局","146-0082","大田区池上６－１０－１１　遠藤ビル２０２","139.703498","35.571371","JGD2011","03-6410-9995"
"区市町村","大田区立こども発達センターわかばの家　相談支援事業所","146-0083","大田区千鳥３－７－５","139.690366","35.573002","JGD2011","03-5741-9088"
"営利法人","特定相談支援事業所　ワークスタッフ鵜の木","146-0091","大田区鵜の木２－１７－３","139.679562","35.576165","JGD2011","03-5741-8239"
"営利法人","森の実相談室","146-0094","大田区東矢口１－１７－１１　蓮沼ビル１階","139.707068","35.564475","JGD2011","050-3786-8535"
"社福法人","重症心身障害児療育相談センター","154-0005","世田谷区三宿２－３０－９","139.672903","35.650927","JGD2011","03-3413-6781"
"営利法人","相談支援センター架け橋","154-0012","世田谷区駒沢５－１５－１５","139.654778","35.622558","JGD2011","03-6805-9397"
"営利法人","ナイスケア世田谷相談支援センター","154-0012","世田谷区駒沢２－８－６","139.659147","35.633526","JGD2011","03-5433-2240"
"営利法人","桜新町総合支援サービス","154-0014","世田谷区新町２－７－２　富岡ビル３階","139.650148","35.629371","JGD2011","03-5799-4919"
"他の法人","自立生活センターハンズ世田谷","154-0021","世田谷区豪徳寺１－３２－２１　スマイルホーム豪徳寺１階","139.649664","35.652896","JGD2011","03-5450-2861"
"他の法人","相談支援センター　かりんとう","154-0021","世田谷区豪徳寺１－４１－６","139.648102","35.655032","JGD2011","03-6413-9668"
"他の法人","相談支援センターわんぱく","154-0023","世田谷区若林２－３９－２－２階","139.662001","35.650369","JGD2011","03-6450-8229"
"営利法人","シモキタステーション","155-0032","世田谷区代沢２－２８－８－１ＦＡ","139.668381","35.658276","JGD2011","03-5787-8705"
"社福法人","まつばらけやき相談支援センター","156-0043","世田谷区松原６－４３－１７　松原けやき寮内","139.649311","35.656198","JGD2011","03-6265-7140"
"区市町村","総合福祉センター相談支援事業所","156-0043","世田谷区松原６－４１－７","139.649747","35.656426","JGD2011","03-5376-3415"
"営利法人","おおきなき明大前","156-0043","世田谷区松原２－３８－９　明大前グランドハイツ１階","139.647924","35.668519","JGD2011","03-5329-5801"
"営利法人","相棒相談支援センター","156-0043","世田谷区松原１－３４－１９－３０６","139.651307","35.666836","JGD2011","03-6379-0415"
"他の法人","東京総合福祉","156-0045","世田谷区桜上水１－１－３－１０４","139.633979","35.657842","JGD2011","03-6318-4222"
"社福法人","子どもの生活研究所","156-0055","世田谷区船橋１－３０－９","139.620908","35.648043","JGD2011","03-3426-2386"
"社福法人","相談支援　ここから","157-0061","世田谷区北烏山３－１１－５","139.60245","35.673914","JGD2011","03-5315-7887"
"他の法人","相談室にじのこ","157-0062","世田谷区南烏山６－３－９","139.599998","35.669459","JGD2011","03-5314-2488"
"営利法人","相談支援ルーム　きたみ","157-0067","世田谷区喜多見８－１５－３５","139.589372","35.635358","JGD2011","03-5438-2776"
"営利法人","オリーブ・ケア千歳台","157-0071","世田谷区千歳台３－２８－４－１０１","139.613172","35.65282","JGD2011","03-3482-8421"
"社福法人","相談支援センターあい","157-0072","世田谷区祖師谷３－２１－１","139.604615","35.642849","JGD2011","03-6411-2289"
"区市町村","世田谷区発達障害相談・療育センター相談支援事業所","157-0074","世田谷区大蔵２－１０－１８","139.612803","35.634633","JGD2011","03-5727-2235"
"営利法人","エムツー・サポート指定特定相談支援事業所","158-0081","世田谷区深沢１－４１－１１－２階","139.660203","35.6186","JGD2011","03-5752-0641"
"医療法人","相談支援事業所　青い鳥","158-0083","世田谷区奥沢７－１２－２５－２階","139.664042","35.607318","JGD2011","03-5758-6331"
"他の法人","なかまっち相談室","158-0091","世田谷区中町２－１７－２１","139.644763","35.611081","JGD2011","03-6411-6597"
"営利法人","相談支援　ツナカン","158-0095","世田谷区瀬田１－７－１３","139.631506","35.615014","JGD2011","090-3204-9945"
"区市町村","渋谷区子ども発達相談センター","150-0001","渋谷区神宮前３－１８－３３","139.709272","35.670937","JGD2011","03-3405-9658"
"社福法人","宮代学園相談支援センター","150-0012","渋谷区広尾４－２－１２","139.722279","35.655159","JGD2011","03-6427-6540"
"社福法人","パールケア","150-0035","渋谷区鉢山町３－２７","139.698709","35.652756","JGD2011","03-5458-4816"
"区市町村","渋谷区障害者福祉センター代々木の杜","151-0053","渋谷区代々木２－３５－１","139.697725","35.684158","JGD2011","03-5371-1550"
"他の法人","障がい者相談支援センター　樹音","151-0053","渋谷区代々木１－３８－８－４７","139.701116","35.682833","JGD2011","03-6276-1407"
"営利法人","障害児相談支援事業所　さち","151-0071","渋谷区本町２－５－１１　三山ビル２階","139.683515","35.684004","JGD2011","03-6276-5851"
"他の法人","東京総合福祉","151-0073","渋谷区笹塚１－６１－８－８２３","139.663545","35.673033","JGD2011","03-6318-4220"
"社福法人","社会福祉法人中野あいいく会　中部すこやか障害者相談支援事業所","164-0011","中野区中央３－１９－１","139.674176","35.7004","JGD2011","03-3367-7810"
"社福法人","ふらっとなかの","164-0012","中野区本町５－４０－１４","139.668269","35.691709","JGD2011","03-6805-6580"
"営利法人","相談支援事業所あいだっく","164-0012","中野区本町３－１９－１１　ライフピアハラ１階","139.674302","35.69537","JGD2011","03-6276-3903"
"社福法人","中野区療育センターゆめなりあ","164-0013","中野区弥生町５－５－２","139.666333","35.686165","JGD2011","03-6382-4781"
"他の法人","南部すこやか障害者相談支援事業所","164-0013","中野区弥生町５－１１－２６","139.668377","35.688192","JGD2011","03-5340-7888"
"他の法人","北部すこやか障害者相談支援事業所","165-0022","中野区江古田４－３１－１０","139.661418","35.724616","JGD2011","03-5942-5800"
"他の法人","まっしろキャンバス","165-0027","中野区野方５－２８－１","139.653441","35.719461","JGD2011","03-6753-5566"
"社福法人","鷺宮すこやか障害者相談支援事業所","165-0033","中野区若宮３－５８－１０","139.640337","35.722082","JGD2011","03-6265-5770"
"社福法人","相談支援事業所　なでしこ","166-0002","杉並区高円寺北１－２８－１","139.657789","35.709012","JGD2011","03-5345-6741"
"他の法人","発達支援ルーム　にこっと","166-0002","杉並区高円寺北３－４０－１３　ＢＩＧ　ＶＡＬＬＥＹ２階","139.64657","35.710514","JGD2011","03-6265-5777"
"他の法人","ＮＰＯ法人　すぎなみ障害者生活支援コーディネートセンター","166-0003","杉並区高円寺南４－２７－４　高円寺ホワイトレジデンス２０２号","139.649826","35.704132","JGD2011","03-3315-2110"
"営利法人","相談支援事業所　ＨＵＧ　はぐ","166-0003","杉並区高円寺南４－４５－４　高円寺南サマリアマンション７０４","139.650475","35.704921","JGD2011","03-5307-8989"
"営利法人","朝焼け相談支援事業所","166-0003","杉並区高円寺南２－３７－１４","139.654417","35.701307","JGD2011","03-6454-6736"
"医療法人","相談支援事業所　リリーフ","166-0004","杉並区阿佐谷南３－３７－１３　大同ビル４０３号","139.635649","35.704573","JGD2011","03-5335-1233"
"区市町村","杉並区児童発達相談係","166-0004","杉並区阿佐谷南１－１４－８","139.63711","35.699774","JGD2011","03-5307-0371"
"営利法人","キラキラステーション","166-0004","杉並区阿佐谷南２－１２－２","139.638999","35.703568","JGD2011","03-6454-6513"
"営利法人","ケア２１　堀之内","166-0013","杉並区堀ノ内２－２７－１２　パレドール方南町１０３","139.654581","35.690075","JGD2011","03-5305-6552"
"営利法人","ヘルプメイト井草相談支援部","167-0021","杉並区井草３－２－４　レヂオンス井荻３０３","139.613914","35.724876","JGD2011","03-5382-1663"
"社福法人","八成相談支援事業所","167-0021","杉並区井草２－２５－４","139.619555","35.72855","JGD2011","03-3395-7531"
"営利法人","株式会社　よりみち","167-0032","杉並区天沼３－２９－１４　魚市ビル３階","139.620411","35.706375","JGD2011","03-3392-0915"
"社福法人","いたる相談室","167-0032","杉並区天沼１－１５－１８","139.630027","35.707697","JGD2011","03-6383-5571"
"営利法人","地域福祉研究所","167-0032","杉並区天沼１－２８－１１","139.629508","35.708322","JGD2011","03-3220-0329"
"社福法人","しゃろーむ杉並","167-0032","杉並区天沼２－４－１　井上ビル２０３号","139.623386","35.705323","JGD2011","03-5335-7690"
"他の法人","相談支援　ＯＫプラネット","167-0034","杉並区桃井２－１－６　シャトレ・オギ１－Ｃ号","139.610631","35.710622","JGD2011","03-6913-8607"
"社福法人","杉並障害者自立生活支援センターすだち","167-0035","杉並区今川２－１４－１２","139.609034","35.718062","JGD2011","03-5310-3362"
"営利法人","福は家相談室","167-0041","杉並区善福寺４－１７－６","139.590874","35.719906","JGD2011","03-6913-8824"
"営利法人","ケアセンターこもれび","167-0051","杉並区荻窪１－３２－３","139.618531","35.693654","JGD2011","050-3559-4195"
"他の法人","相談支援事業所　木の実","167-0052","杉並区南荻窪１－５－１１　１階","139.617259","35.694962","JGD2011","03-5941-7351"
"他の法人","相談支援事業所かすみ草","168-0063","杉並区和泉３－２２－１５　グランヴェール和泉１０１","139.647741","35.677813","JGD2011","03-6265-7991"
"社福法人","永福南社会福祉ガーデン　相談支援事業所","168-0064","杉並区永福１－７－６","139.642103","35.669383","JGD2011","03-6379-3011"
"営利法人","あおいサポートステーション","168-0065","杉並区浜田山３－２５－１６　エスカイア浜田山１０２","139.629234","35.682073","JGD2011","03-6795-8149"
"区市町村","杉並区立こども発達センター","168-0072","杉並区高井戸東１－１８－５","139.619729","35.682622","JGD2011","03-5317-5661"
"営利法人","Link福祉相談局","170-0013","豊島区東池袋１－２５－１７","139.716233","35.728078","JGD2011","03-5957-1179"
"営利法人","障害児相談支援事業所・アニマートとしま","170-0013","豊島区東池袋２－２２－４　市川ビル１０１","139.722279","35.731095","JGD2011","03-5927-1939"
"営利法人","イルカ相談支援事業所","171-0014","豊島区池袋２－３５－５　ウチダビル２階","139.706586","35.733447","JGD2011","03-3988-2688"
"営利法人","相談支援センターさくら","171-0043","豊島区要町１－２８－２０","139.697259","35.735138","JGD2011","03-5935-4944"
"区市町村","豊島区立西部子ども家庭支援センター","171-0044","豊島区千早４－６－１４","139.682466","35.737684","JGD2011","03-5966-3131"
"他の法人","生活サポートセンター・こっとん","171-0051","豊島区長崎２－１５－１６　１階","139.693196","35.728783","JGD2011","03-3959-5941"
"社福法人","相談支援事業　ゆきわりそう","171-0052","豊島区南長崎６－１９－５","139.680286","35.72976","JGD2011","03-6908-3455"
"公益法人","あすか山訪問看護ステーション","114-0001","北区東十条１－９－１２　溝口ビル１階","139.731483","35.760689","JGD2011","03-5959-3121"
"営利法人","スマイルハート王子","114-0003","北区豊島６－７－１６　モリヤマンション３０１","139.746779","35.764475","JGD2011","03-5959-0770"
"営利法人","株式会社かいごのきもち","114-0015","北区中里１－１５－１","139.750629","35.737481","JGD2011","03-5834-7267"
"他の法人","つみき相談室","114-0022","北区王子本町１－１９－１","139.733005","35.753856","JGD2011","03-3908-7166"
"社福法人","就労・生活支援センター飛鳥晴山苑","114-0024","北区西ケ原４－５１－１","139.735978","35.74141","JGD2011","03-3940-9181"
"区市町村","東京都北区立子ども発達支援センターさくらんぼ園発達相談室","114-0032","北区中十条１－２－１８","139.729536","35.757603","JGD2011","03-3905-7112"
"社福法人","ドリームヴイ相談支援センター","114-0034","北区上十条２－１－１２","139.722164","35.757492","JGD2011","03-3906-7753"
"営利法人","リーフ介護ステーション","114-0034","北区上十条３－２５－８－３０１","139.717903","35.762421","JGD2011","03-5963-6422"
"社福法人","つみき相談室","114-0034","北区上十条１－１９－６","139.723289","35.759352","JGD2011","03-5948-9554"
"営利法人","障がい者相談支援センターしらゆり","115-0044","北区赤羽南１－３－１　?橋ビル４Ｆ","139.722847","35.7761","JGD2011","03-3598-6310"
"営利法人","ヘルパーステーション赤羽","115-0045","北区赤羽２－６９－２","139.722749","35.782491","JGD2011","03-3598-8690"
"営利法人","宮本相談支援センター","116-0001","荒川区町屋２－１４－９　メゾンドカスターナ１０１","139.778805","35.744492","JGD2011","03-5692-1610"
"区市町村","荒川区立障害者福祉会館","116-0002","荒川区荒川２－５７－８","139.783264","35.740549","JGD2011","03-3803-6221"
"営利法人","トラム相談支援事業所","116-0002","荒川区荒川６－６４－９　Ｋ’ｓハウス２０１","139.775992","35.742418","JGD2011","03-5855-2087"
"区市町村","荒川区立精神障害者地域生活支援センター","116-0012","荒川区東尾久５－４５－１１","139.766383","35.748694","JGD2011","03-3819-3113"
"営利法人","荒川自立支援センター","116-0013","荒川区西日暮里５－３４－２　日金ビル６階","139.767793","35.73306","JGD2011","03-6806-5249"
"区市町村","荒川区障害者福祉課","116-8501","荒川区荒川２丁目２－３","139.783373","35.736083","JGD2011","03-3802-3111"
"区市町村","東京都板橋区立加賀福祉園","173-0003","板橋区加賀１－７－２","139.718715","35.754192","JGD2011","03-3579-2366"
"営利法人","レインボーブリッジ板橋ケアセンター","173-0004","板橋区板橋３－５－１５","139.712265","35.750628","JGD2011","03-5943-2951"
"営利法人","相談支援　フォレストサポート","173-0004","板橋区板橋３－２６－６　リバティオザワ１階","139.713465","35.750231","JGD2011","03-6905-6626"
"営利法人","ケーアイサポート介護事業部","173-0012","板橋区大和町１０－１１　パラストネオ板橋２０２","139.706171","35.758716","JGD2011","03-6905-1054"
"営利法人","泰心訪問介護センター","173-0015","板橋区栄町３０－１５","139.700344","35.754278","JGD2011","03-5944-2555"
"営利法人","介護センターともに","173-0015","板橋区栄町２０－５　小田嶋ビル１階","139.703183","35.753708","JGD2011","03-5943-1655"
"営利法人","よつば介護","173-0016","板橋区中板橋２２－９","139.697033","35.755358","JGD2011","03-5944-1766"
"社福法人","心身障害児総合医療療育センター","173-0037","板橋区小茂根１－１－１０","139.682715","35.747517","JGD2011","03-3974-2146"
"社福法人","志村ゆめの園　障害者相談支援センター","174-0043","板橋区坂下１－１１－３－１０２","139.683197","35.778727","JGD2011","03-3966-2548"
"他の法人","東京ＹＷＣＡキッズガーデン","174-0043","板橋区坂下１－３４－２５","139.684505","35.780993","JGD2011","03-5914-1854"
"営利法人","株式会社ユーモア","174-0064","板橋区中台１－４４－４","139.677034","35.767486","JGD2011","03-3550-0239"
"営利法人","アイサービス","174-0071","板橋区常盤台２－３３－４－１０１","139.686789","35.763309","JGD2011","03-5918-9561"
"営利法人","ヘルパーステーション上板橋","174-0071","板橋区常盤台４－２２－１２","139.678498","35.763395","JGD2011","03-5945-9511"
"営利法人","ハートケア相談支援センター","174-0072","板橋区南常盤台１－３４－９　高橋ビル１階","139.688248","35.757388","JGD2011","03-5917-6777"
"営利法人","ふれあいパーク","174-0072","板橋区南常盤台２－９－１３","139.685409","35.756963","JGD2011","03-6789-1260"
"営利法人","すこやかサポート雅","174-0074","板橋区東新町２－２０－１","139.680748","35.754219","JGD2011","03-5917-1473"
"営利法人","株式会社福ぶくろ介護のたくみ","174-0076","板橋区上板橋２－３０－２","139.674293","35.762326","JGD2011","03-6906-4182"
"他の法人","相談支援事業所　わくわくリンク","175-0045","板橋区西台４－４－１１","139.667493","35.769708","JGD2011","03-6915-7859"
"営利法人","さくらヘルプケア","175-0082","板橋区高島平１－４８－５－１０２","139.668871","35.784284","JGD2011","03-3935-2201"
"他の法人","生活サポート　こころ","175-0082","板橋区高島平１－４８－６　１階","139.668651","35.784287","JGD2011","03-6913-0242"
"営利法人","株式会社ケアプラン徳丸","175-0084","板橋区四葉２－１９－６","139.650161","35.781312","JGD2011","03-5967-0770"
"営利法人","相談支援センターftlアクセス","175-0094","板橋区成増２－２４－３　バーチヒルズ１０６","139.630007","35.779198","JGD2011","070-5550-4261"
"営利法人","シルバーハートひまわり相談支援事業所","175-0094","板橋区成増１－５－１１","139.632588","35.773251","JGD2011","03-6904-2680"
"社福法人","かすたねっと相談支援事業所","176-0001","練馬区練馬２－１－９","139.65604","35.741336","JGD2011","03-3991-2259"
"社福法人","ねりま相談支援事業所みらい","176-0024","練馬区中村１－７－１０　マーベラスＡ１０１号","139.647638","35.731992","JGD2011","03-3577-8658"
"営利法人","かがやき相談支援事業所","176-0025","練馬区中村南２－１８－１４　マウントスクウエア１０１号室","139.641934","35.727026","JGD2011","03-3990-7531"
"社福法人","未来こどもランドすまいる相談支援室","177-0041","練馬区石神井町３－２７－１４－２０７","139.603294","35.743001","JGD2011","03-3995-5575"
"他の法人","相談支援事業所さくら","177-0044","練馬区上石神井３－１６－２５","139.596076","35.731208","JGD2011","03-5903-9807"
"他の法人","相談支援事業所陽(てぃーら)","177-0045","練馬区石神井台７－２６－５","139.578036","35.731607","JGD2011","03-6904-8965"
"営利法人","たまみずき相談支援事業所","177-0045","練馬区石神井台３－２－１８","139.593515","35.742956","JGD2011","03-5923-9223"
"営利法人","ヘルプメイト関町相談支援部","177-0051","練馬区関町北４－２－１２　ワイズビル","139.576153","35.728063","JGD2011","03-3928-0099"
"他の法人","相談支援事業所スプラウト","177-0051","練馬区関町北２－２９－９　七尾屋ビル２０１号室","139.575978","35.727516","JGD2011","03-6904-9753"
"他の法人","ケアセンター彩り","178-0063","練馬区東大泉６－１８－１８","139.586135","35.744484","JGD2011","03-3867-6239"
"区市町村","練馬区立こども発達支援センター","179-0072","練馬区光が丘３－１－１","139.630961","35.754201","JGD2011","03-3975-6251"
"社福法人","障害者相談支援事業所　あかり","179-0075","練馬区高松２－２６－６","139.631497","35.750937","JGD2011","03-5848-3061"
"営利法人","相談支援事業所　あしたも笑顔","120-0006","足立区谷中２－１０－１　小倉ビル１階","139.832429","35.776212","JGD2011","03-5849-3440"
"他の法人","相談室あだち","120-0036","足立区千住仲町２４－２","139.800853","35.744929","JGD2011","03-5813-7211"
"営利法人","相談支援センター　えにし","121-0051","足立区神明１－６－２","139.830059","35.792982","JGD2011","03-5856-2950"
"他の法人","ぷらちな相談支援センター","121-0055","足立区加平１－８－２３","139.826032","35.774848","JGD2011","03-5697-9200"
"営利法人","ひるがお足立","121-0061","足立区花畑４－２３－８","139.810277","35.804494","JGD2011","03-5856-6703"
"営利法人","相談支援事業所夢工房","121-0061","足立区花畑１－３５－１５　メゾンエスポワール１０１","139.817088","35.800497","JGD2011","03-3860-6309"
"営利法人","のんの相談支援事業所","121-0063","足立区東保木間２－８－１６　章江二番館１階","139.811669","35.79332","JGD2011","03-5856-6941"
"営利法人","ハートぽっぽ相談支援事業所","121-0064","足立区保木間１－５－２１","139.805111","35.789587","JGD2011","03-3850-8487"
"他の法人","相談支援ＳＯ・ＳＩ・ＲＥ・ＭＩ","121-0064","足立区保木間２－２－１　オオサキ竹ノ塚マンション１階","139.802675","35.793867","JGD2011","03-6687-7535"
"社福法人","竹の塚相談支援センター","121-0813","足立区竹の塚７－１９－９","139.795945","35.800822","JGD2011","03-5831-1770"
"営利法人","日介センター足立東","121-0813","足立区竹の塚５－１－１４","139.797684","35.793648","JGD2011","03-5851-3520"
"営利法人","株式会社ベル訪問介護ステーション","121-0814","足立区六月３－３－４","139.790796","35.785737","JGD2011","03-3850-6334"
"医療法人","成仁　相談支援事業所","121-0815","足立区島根３－２－１","139.796318","35.778733","JGD2011","050-3734-5406"
"区市町村","足立区障がい福祉センター自立生活支援室","121-0816","足立区梅島３－３１－１９","139.792921","35.777505","JGD2011","03-5681-0132"
"営利法人","しっぷす相談支援事業所","121-0822","足立区西竹の塚１－１４－１６　紺屋ビル２０１","139.788793","35.793884","JGD2011","03-5647-6977"
"他の法人","ぽぽらーと相談室","121-0836","足立区入谷１－１６－１３","139.766872","35.805459","JGD2011","03-5888-5302"
"営利法人","スマイル相談支援センター","123-0841","足立区西新井１－３８－１１","139.780333","35.78246","JGD2011","03-5838-2825"
"社福法人","うめだ・あけぼの子ども相談支援センター","123-0851","足立区梅田７－１２－１５","139.800899","35.76922","JGD2011","03-3848-1197"
"他の法人","相談室とまりぎ","123-0873","足立区扇１－４４－１５","139.776915","35.766673","JGD2011","03-5809-5388"
"営利法人","ケアステーションダッシュ","124-0003","葛飾区お花茶屋１－５－１０","139.836885","35.748624","JGD2011","03-6661-3370"
"区市町村","葛飾区自立生活支援センター","124-0006","葛飾区堀切３丁目３４－１","139.834522","35.744335","JGD2011","03-5698-1315"
"区市町村","葛飾区子ども発達センター","124-0006","葛飾区堀切３－３４－１","139.834522","35.744335","JGD2011","03-5698-1324"
"営利法人","花しょうぶ指定特定相談支援事業所","124-0006","葛飾区堀切６－５－１１　１階","139.830011","35.752267","JGD2011","03-6671-1880"
"営利法人","フタバ介護サービス","124-0011","葛飾区四つ木４－２８－１１","139.835611","35.739625","JGD2011","03-5698-2841"
"他の法人","相談支援事業さくら","124-0011","葛飾区四つ木５－６－７","139.838294","35.740716","JGD2011","03-6657-7945"
"他の法人","相談支援センターおおぞら","124-0021","葛飾区細田５－１６－１１","139.876299","35.738242","JGD2011","03-6458-0127"
"営利法人","広伸会相談支援事業所","124-0023","葛飾区東新小岩５－１８－１　１階","139.857049","35.72331","JGD2011","03-3694-3398"
"営利法人","相談支援室　ひまわり","124-0023","葛飾区東新小岩５－１６－１１－２０２","139.855882","35.72334","JGD2011","03-5654-7026"
"他の法人","風の子相談室","125-0031","葛飾区西水元５－１１－３","139.854533","35.78446","JGD2011","03-3600-0701"
"他の法人","にじいろ相談支援事業所","125-0052","葛飾区柴又７－１４－４","139.879159","35.759842","JGD2011","03-6801-7851"
"営利法人","オリーブ相談支援事業所","125-0061","葛飾区亀有３－１６－１５","139.848545","35.763541","JGD2011","03-5629-5177"
"社福法人","相談支援事業所ひかり","125-0061","葛飾区亀有２－２２－１１","139.85232","35.760061","JGD2011","03-6231-2262"
"区市町村","葛飾区子ども総合センター","125-0062","葛飾区青戸４丁目１５－１４","139.850589","35.751567","JGD2011","03-3602-1388"
"営利法人","きらら介護サービス亀有","125-0062","葛飾区青戸８－９－１６","139.851834","35.756234","JGD2011","03-5650-2735"
"営利法人","ケアステーション大空","132-0001","江戸川区新堀２－３２－１０　コンビニエンスオフィス稲毛１号","139.893193","35.704143","JGD2011","03-5664-6027"
"他の法人","地域活動支援センター　はるえ野","132-0003","江戸川区春江町２－４１－８","139.890744","35.699504","JGD2011","03-5664-6070"
"営利法人","永仁介護サービス　瑞江相談支援事業所","132-0003","江戸川区春江町３－５１－４","139.891288","35.697255","JGD2011","03-3698-4441"
"営利法人","有限会社　椿ケアステーション","132-0003","江戸川区春江町３－２９－１２","139.886933","35.694988","JGD2011","03-3676-1180"
"社福法人","江東園ケアセンターつばき　えぽっく","132-0003","江戸川区春江町２－５－１５","139.887083","35.700762","JGD2011","03-5636-6211"
"営利法人","ウィット相談支援室","132-0011","江戸川区瑞江４－４８－２","139.894896","35.69323","JGD2011","03-5243-6065"
"他の法人","特定非営利活動法人　江戸川在宅支援グループ","132-0013","江戸川区江戸川３－１７","139.893205","35.686433","JGD2011","03-5243-5577"
"社福法人","江東園さわやか相談室　宙","132-0014","江戸川区東瑞江１－１１－５","139.899527","35.688733","JGD2011","03-5664-1801"
"営利法人","わだつみケアサービス","132-0015","江戸川区西瑞江３－９－１０３","139.892416","35.687511","JGD2011","03-5243-9202"
"営利法人","にじいろ相談支援事業所","132-0021","江戸川区中央４－２５－１６　石井ビル２階","139.867615","35.708736","JGD2011","03-5879-3820"
"営利法人","あるぷす相談室","132-0021","江戸川区中央３－７－１３","139.871825","35.712867","JGD2011","03-3656-8851"
"営利法人","ケア　あんじゅ","132-0022","江戸川区大杉５－２０－１","139.877689","35.708871","JGD2011","03-6795-9937"
"営利法人","東京福祉交通サービス株式会社　相談支援センター","132-0023","江戸川区西一之江３－１２－３０","139.875768","35.6927","JGD2011","03-3674-3432"
"営利法人","日本リック相談支援一之江事業所","132-0024","江戸川区一之江４－６－２２","139.879228","35.690029","JGD2011","03-5879-2630"
"営利法人","ゆたか福祉サービス","132-0024","江戸川区一之江３－７－１１　プレジデント１０２","139.885111","35.688071","JGD2011","03-5879-6973"
"他の法人","相談支援センターぽこ・あ・ぽこ","132-0031","江戸川区松島３－４２－１１","139.864635","35.711711","JGD2011","03-6231-4278"
"他の法人","地域活動支援センターえどがわ","132-0031","江戸川区松島３－４６－１０　かとりコーポ１０１","139.865904","35.709844","JGD2011","03-5879-0708"
"営利法人","ひまわり介護サービス","132-0031","江戸川区松島１－４３－１４　小森ビル１階","139.867707","35.705095","JGD2011","03-5879-2614"
"営利法人","永仁介護サービス　平井相談支援事業所","132-0035","江戸川区平井４－１－１９","139.847148","35.703905","JGD2011","03-3683-4441"
"区市町村","江戸川区立みんなの家","133-0044","江戸川区本一色３－３８－３","139.872578","35.720763","JGD2011","03-5662-3411"
"区市町村","江戸川区鹿本育成室","133-0044","江戸川区本一色２－１０－１５","139.872933","35.718194","JGD2011","03-3653-6153"
"他の法人","ＨＡＬＯ（ハロ）相談支援センター","133-0044","江戸川区本一色１－２８－７","139.869448","35.715528","JGD2011","03-5607-7883"
"営利法人","トロールケアサービス","133-0051","江戸川区北小岩５－１－９","139.885671","35.741091","JGD2011","03-5612-1306"
"営利法人","でこぽん","133-0051","江戸川区北小岩１－１０－１　サンライズⅡ１０３","139.889656","35.736245","JGD2011","03-5612-4451"
"営利法人","赤とんぼ","133-0052","江戸川区東小岩５－１６－６　ライトハイツ２階","139.887615","35.731959","JGD2011","03-6801-7006"
"他の法人","相談支援センター　カピリナ","133-0052","江戸川区東小岩２－２３－３","139.893401","35.726883","JGD2011","03-6801-7048"
"営利法人","あいしんケア相談支援センター","133-0054","江戸川区上篠崎３－２－２　金子ハイツ１０１","139.898609","35.710136","JGD2011","03-3678-0094"
"他の法人","いきいきサポートケアプラン","133-0056","江戸川区南小岩３－５－４","139.884457","35.724797","JGD2011","03-5622-7575"
"営利法人","なでしこプランセンター","133-0056","江戸川区南小岩３－２５－１４　パスカルビル２０５号室","139.888701","35.725202","JGD2011","03-5876-8228"
"営利法人","マミー相談支援","133-0056","江戸川区南小岩３－２０－２","139.886912","35.726488","JGD2011","03-6318-5091"
"営利法人","相談支援事業所　けいプラン","133-0057","江戸川区西小岩１－２１－１６　エーチワイ江戸川２０１","139.880424","35.73449","JGD2011","03-6657-8951"
"社福法人","江東園さわやか相談室　海","133-0061","江戸川区篠崎町７－１８－８","139.901795","35.707362","JGD2011","03-5636-4611"
"他の法人","ＳＴＥＰえどがわ","133-0065","江戸川区南篠崎町３－９－７－１Ｆ","139.898904","35.695572","JGD2011","03-3676-7422"
"他の法人","相談支援センターむくむく","133-0073","江戸川区鹿骨１－５６－１","139.891265","35.709536","JGD2011","03-5636-5131"
"営利法人","東京ケア","133-0073","江戸川区鹿骨３－１８－８","139.891971","35.716107","JGD2011","03-5666-5678"
"区市町村","江戸川区立希望の家","134-0013","江戸川区江戸川５－３２－６","139.882976","35.673036","JGD2011","03-3680-1531"
"営利法人","蜂輪","134-0083","江戸川区中葛西２－７－１２","139.874307","35.672788","JGD2011","03-6808-4814"
"区市町村","江戸川区立障害者支援ハウス","134-0083","江戸川区中葛西２－１１－８","139.875032","35.673425","JGD2011","03-5667-1333"
"社福法人","｢まある｣相談支援事業所","134-0083","江戸川区中葛西１－３８－１８","139.871208","35.671255","JGD2011","03-6663-9870"
"営利法人","ハートケア","134-0083","江戸川区中葛西３－１８－１１　ハイツ星１０２号","139.870461","35.664911","JGD2011","03-6663-8807"
"営利法人","ゆーあいスマイル","134-0083","江戸川区中葛西２－１０－１５　２階","139.874432","35.673072","JGD2011","03-6680-2524"
"他の法人","相談支援センター　こんにちわ","134-0084","江戸川区東葛西７－８－１５　メゾン・ド・フォレ１０３","139.874572","35.65899","JGD2011","03-4285-9773"
"他の法人","相談支援ＮＰＯ虹の会","134-0085","江戸川区南葛西７－２－３","139.882261","35.647153","JGD2011","03-3686-4477"
"営利法人","いわいだ介護相談室","134-0085","江戸川区南葛西２－６－５－１０２","139.873528","35.655224","JGD2011","03-6808-5115"
"他の法人","相談支援センターＦＵＲＥＡＩ（ふれあい）","134-0088","江戸川区西葛西６－２３－３　秀合ビル１Ｆ","139.863209","35.664064","JGD2011","080-2218-5211"
"他の法人","相談支援センターくらふと","134-0091","江戸川区船堀１－４－１０","139.864536","35.686253","JGD2011","03-5679-6360"
"他の法人","ぽんぽこ相談室","192-0045","八王子市大和田町２－２０－７","139.359596","35.665101","JGD2011","042-649-2335"
"他の法人","障害者相談支援センター　ぴあらいふ","192-0046","八王子市明神町４－１４－１　１階","139.342334","35.659863","JGD2011","042-646-4991"
"他の法人","相談支援スペース「ゆめ」","192-0054","八王子市小門町８－２７　サンビレッジ１階","139.326971","35.65901","JGD2011","042-649-7077"
"他の法人","相談支援センター　｢タック｣","192-0081","八王子市横山町２５－１６　フロイデンビル２階","139.340226","35.660212","JGD2011","042-686-2833"
"営利法人","美山相談支援事業所","192-0152","八王子市美山町２５５４","139.230166","35.703388","JGD2011","090-6798-7302"
"営利法人","障がい者（児）の夢を実現させる相談支援","192-0902","八王子市上野町３４－１１　１階","139.326277","35.656576","JGD2011","042-686-3472"
"営利法人","ウェーブ・フォー・ネット相談室","192-0914","八王子市片倉町３５９－４　パラグアスＦ１階１０２号","139.338226","35.642803","JGD2011","042-632-5655"
"他の法人","わかこま相談支援室","193-0823","八王子市横川町５２１－１","139.304304","35.664664","JGD2011","042-621-2277"
"営利法人","サポートＮＡＲＳ","193-0823","八王子市横川町５３８－１","139.304331","35.666405","JGD2011","042-623-7774"
"他の法人","トマリ相談支援研究所","193-0844","八王子市高尾町１６４２","139.277737","35.643094","JGD2011","042-673-4379"
"社福法人","相談支援事業所もなか","193-0931","八王子市台町１－２４－２７　１階","139.325649","35.650535","JGD2011","042-657-2817"
"社福法人","相談支援室ぱれっと","193-0931","八王子市台町４－３３－１３","139.318544","35.65749","JGD2011","042-634-8511"
"営利法人","障害者而立支援センター「おあしす」","193-0944","八王子市館町３８１－１－１１０","139.295675","35.635395","JGD2011","042-629-4530"
"社福法人","相談支援センターにんじん・立川","190-0011","立川市高松町２－２７－２７","139.418956","35.703776","JGD2011","042-522-1537"
"営利法人","相談支援事業所暖","190-0011","立川市高松町１－１７－２０　粕谷ビル２階","139.418015","35.708761","JGD2011","042-512-5868"
"他の法人","相談支援事業所　介護グループふれあい","190-0021","立川市羽衣町２－４１－１　羽衣第一ビル２階","139.426056","35.694049","JGD2011","042-595-6620"
"他の法人","特定指定相談支援事業　自立生活センター・立川","190-0023","立川市柴崎町２－１０－１６　オオノビル２Ｆ","139.408882","35.696268","JGD2011","042-525-0879"
"社福法人","相談支援センター　らいふぱる","190-0034","立川市西砂町４－７５－２","139.355911","35.735837","JGD2011","042-531-0761"
"社福法人","地域生活支援センター　びーと","180-0001","武蔵野市吉祥寺北町４－１１－１６","139.565901","35.71575","JGD2011","0422-54-7666"
"営利法人","相談支援事業所ハローワールド","180-0005","武蔵野市御殿山１－６－１１　Ｋ２ビル４階","139.574918","35.702877","JGD2011","042-226-9030"
"社福法人","地域療育相談室　ハビット","180-0012","武蔵野市緑町２－６－８","139.561899","35.716931","JGD2011","0422-55-8510"
"社福法人","相談支援事業所せんかわ","180-0023","武蔵野市境南町４－２０－５","139.536946","35.698446","JGD2011","0422-30-0022"
"他の法人","相談支援事業所　結い","181-0001","三鷹市井の頭２－２１－１８","139.584342","35.691187","JGD2011","0422-43-8135"
"区市町村","三鷹市北野ハピネスセンター","181-0003","三鷹市北野一丁目９番２９号","139.586148","35.679899","JGD2011","0422-48-6331"
"社福法人","障がい者相談センター　つなぐ手","181-0004","三鷹市新川３－２１－１９　はなはなテラス１階","139.569528","35.678271","JGD2011","0422-45-1127"
"社福法人","相談支援事業所にじアート","181-0004","三鷹市新川４－１１－１３","139.57133","35.673208","JGD2011","0422-43-0727"
"区市町村","三鷹市子ども発達支援センター","181-0004","三鷹市新川６－３７－１","139.561834","35.681774","JGD2011","0422-45-1122"
"営利法人","じゅうと生活サポートセンター","181-0015","三鷹市大沢１－１６－２６","139.539844","35.673994","JGD2011","0422-26-1772"
"社福法人","相談支援事業所おおぞら","198-0001","青梅市成木２－１３０－２","139.271746","35.832507","JGD2011","0428-74-4192"
"他の法人","特定相談支援事業所だいもん","198-0014","青梅市大門２－２６１－１","139.29145","35.795681","JGD2011","0428-30-0152"
"他の法人","相談支援センターわかば","198-0014","青梅市大門２－２５９－３","139.291306","35.795176","JGD2011","0428-34-9230"
"社福法人","特定・障害児相談支援事業所じりつ","198-0023","青梅市今井５－２４３４－２","139.328378","35.793435","JGD2011","0428-32-1631"
"社福法人","相談支援事業所　くらやしき","198-0024","青梅市新町１－８－２","139.297739","35.786022","JGD2011","0428-78-2722"
"他の法人","相談支援事業所　もしもしすばる","198-0024","青梅市新町３－２０－３","139.302077","35.78002","JGD2011","0428-78-0955"
"営利法人","ケアープラン新町","198-0024","青梅市新町７－６３－５","139.316854","35.7888","JGD2011","0428-30-0085"
"他の法人","ポラリス相談室","198-0024","青梅市新町７－５－５","139.315835","35.783836","JGD2011","0428-27-4178"
"営利法人","有限会社アイケアーサービス青梅","198-0042","青梅市東青梅１－７－８","139.27393","35.788243","JGD2011","0428-22-2339"
"営利法人","もみの木","198-0042","青梅市東青梅６－２－２９－１０２","139.273071","35.793787","JGD2011","0428-78-3691"
"営利法人","シエル相談支援センター","183-0004","府中市紅葉丘１－３８－７１","139.513683","35.676926","JGD2011","042-319-0938"
"社福法人","つくしんぼう","183-0012","府中市押立町１－１７－１３","139.509261","35.659686","JGD2011","042-365-3715"
"営利法人","地域生活支援センターふらっと","183-0015","府中市清水が丘３－２３－１７　１Ｆ","139.503473","35.66631","JGD2011","042-370-1781"
"営利法人","ＪＰＳ相談支援センター","183-0022","府中市宮西町３－５－４　パークヒル１階","139.473958","35.67182","JGD2011","042-365-2689"
"営利法人","相談支援ワンセルフ","183-0022","府中市宮西町２－４－３　アイスバーグビル５階","139.478447","35.670176","JGD2011","080-5376-3420"
"区市町村","地域生活支援センターみ～な","183-0026","府中市南町５－３８","139.467787","35.654888","JGD2011","042-360-1313"
"他の法人","コンパス","183-0027","府中市本町１－１５－３　宮ノ森コーポ１０３","139.478636","35.666671","JGD2011","042-319-9937"
"他の法人","つづれおり","183-0034","府中市住吉町２－１３－３　ベルメゾン住吉第２　２０１号","139.458746","35.658032","JGD2011","042-368-2550"
"他の法人","わの会相談支援","183-0034","府中市住吉町１－６０－１０","139.460032","35.660743","JGD2011","042-319-2688"
"営利法人","相談室ウェル","183-0045","府中市美好町１－１－１８　石川ビル２０１","139.472983","35.67307","JGD2011","042-336-8343"
"営利法人","相談支援センターリアン","183-0045","府中市美好町３－１３－３　第一グリーンテラス２","139.466048","35.671917","JGD2011","042-340-3078"
"営利法人","相談支援　やすらぎ","183-0055","府中市府中町２－２１－４","139.484541","35.675137","JGD2011","042-358-8340"
"社福法人","地域生活支援センターあけぼの","183-0056","府中市寿町３－９－１１　山上ビル１階","139.473828","35.676392","JGD2011","042-358-1085"
"社福法人","昭島生活実習所","196-0003","昭島市松原町３－１１－１５","139.344846","35.717217","JGD2011","042-541-8796"
"他の法人","ウイズ相談支援事業所","196-0004","昭島市緑町４－１５－２３","139.345004","35.71534","JGD2011","042-544-1782"
"社福法人","ゆいのもり相談支援センター","196-0012","昭島市つつじが丘３－５－６－１１４","139.368094","35.71339","JGD2011","042-545-5451"
"社福法人","昭島市障害者相談支援センター","196-0015","昭島市昭和町４－７－１　昭島市保健福祉センター内","139.364125","35.710835","JGD2011","042-544-5033"
"他の法人","特定非営利活動法人　昭島ひよこ教室","196-0015","昭島市昭和町４－７－１","139.364125","35.710835","JGD2011","042-545-3676"
"社福法人","虹のセンター２５","196-0025","昭島市朝日町３－７－１８","139.374568","35.707658","JGD2011","042-549-7733"
"他の法人","特定非営利活動法人自立生活センター・昭島","196-0025","昭島市朝日町３－１８－１２","139.373463","35.707985","JGD2011","042-545-7553"
"営利法人","めりーらいふ","196-0033","昭島市東町４－９－３","139.390314","35.701225","JGD2011","042-546-4243"
"他の法人","特定非営利活動法人にこにこ","196-0034","昭島市玉川町３－１７－１３","139.382626","35.704903","JGD2011","042-541-0706"
"営利法人","エアリ","182-0022","調布市国領町１－４０－６　モンターニュ国領３０８","139.556016","35.650377","JGD2011","042-455-1190"
"その他","社会福祉法人調布市社会福祉協議会相談支援事業所調布市こころの健康支援センター","182-0024","調布市布田５－４６－１","139.54184","35.645684","JGD2011","042-490-8166"
"他の法人","銀河ケアサービス","182-0026","調布市小島町１－２１－６　アジャンタ調布２０５","139.54047","35.654599","JGD2011","042-426-4618"
"その他","社会福祉法人調布市社会福祉協議会相談支援事業所ドルチェ","182-0026","調布市小島町２－４７－１","139.542753","35.651397","JGD2011","042-490-6675"
"他の法人","ＣＩＬちょうふ","182-0026","調布市小島町２－２１－５　１階","139.538804","35.650986","JGD2011","042-446-0683"
"営利法人","ケア２１　調布","182-0026","調布市小島町２－５１－９","139.543195","35.65028","JGD2011","042-440-3484"
"区市町村","調布市子ども発達センター","182-0032","調布市西町２９０－４９","139.522529","35.666277","JGD2011","042-486-1190"
"区市町村","調布市福祉健康部障害福祉課","182-8511","調布市小島町２丁目３５－１","139.540682","35.650627","JGD2011","042-481-7094"
"他の法人","障害者生活支援センターまちだや","194-0013","町田市原町田２－２２－２６　プリモ・レガーロ町田１Ｆ","139.453845","35.538918","JGD2011","042-724-8616"
"区市町村","町田市子ども発達センター","194-0021","町田市中町２－１３－１４","139.444459","35.551569","JGD2011","042-726-6570"
"他の法人","相談支援事業所　うらら","194-0022","町田市森野２－４－１４　メゾンボヌール１０１","139.437668","35.547266","JGD2011","080-3202-7316"
"営利法人","相談支援センター　アイケア","194-0023","町田市旭町２－１２－２","139.435735","35.557835","JGD2011","042-739-3839"
"他の法人","みずきの会ケアマネクラブ","194-0032","町田市本町田２７９７","139.445584","35.566426","JGD2011","042-789-3906"
"社福法人","相談支援センター　ポンテ","194-0037","町田市木曽西２－１７－１６","139.415397","35.570011","JGD2011","042-791-5150"
"社福法人","相談支援事業　かけはし","194-0202","町田市下小山田町３２６７－２","139.410634","35.585665","JGD2011","042-797-6004"
"区市町村","小金井市児童発達支援センター　きらり","184-0002","小金井市梶野町１－２－３","139.528755","35.701987","JGD2011","0422-60-1550"
"区市町村","小金井市障害者地域自立生活支援センター","184-0003","小金井市緑町４－１７－１０","139.517392","35.708678","JGD2011","042-381-8411"
"営利法人","にこにこパートナーズ","184-0004","小金井市本町１－２－２０　ＢＬＤ５５　２０５号","139.511179","35.698646","JGD2011","042-401-2925"
"社福法人","ふらっとヨハネ","184-0011","小金井市東町５－２４－３","139.520959","35.693072","JGD2011","042-316-1141"
"他の法人","NPO法人　Passo　a　Passo","184-0013","小金井市前原町３－４１－２８","139.505705","35.698218","JGD2011","042-385-7401"
"営利法人","合同会社いちいちのはな","184-0013","小金井市前原町４－２－１－２１４　ウエスト小金井","139.501894","35.684308","JGD2011","042-207-6888"
"社福法人","テラスこだいら","187-0002","小平市花小金井８－１－１０","139.50204","35.731692","JGD2011","042-433-9330"
"他の法人","障がい者相談支援センターぴありす","187-0003","小平市花小金井南町１－１８－４５－１０－１階","139.511792","35.725029","JGD2011","042-461-7001"
"その他","小平市立あおぞら福祉センター","187-0011","小平市鈴木町１－４７２","139.497493","35.720067","JGD2011","042-326-4980"
"社福法人","地域生活支援センター澄水","187-0032","小平市小川町１－４８５","139.440373","35.727651","JGD2011","042-346-7412"
"社福法人","ＮＰＯあい","187-0035","小平市小川西町五丁目２２番１２号","139.458429","35.734376","JGD2011","042-349-2191"
"その他","小平市立障害者福祉センター","187-0035","小平市小川西町５－２５－１５","139.458943","35.736612","JGD2011","042-343-4976"
"他の法人","なんでも相談いるおーる","187-0042","小平市仲町２６９－１　サンハイム小山１０２","139.490468","35.730897","JGD2011","042-308-3732"
"社福法人","スカイサポートセンター","187-0042","小平市仲町３５７－６","139.489696","35.728267","JGD2011","042-312-1894"
"その他","小平市障がい者地域自立生活支援センター","187-0043","小平市学園東町１－１９－１３　小平市福祉会館内","139.478114","35.726567","JGD2011","042-341-6555"
"他の法人","指定特定相談事業所　ほっとぽむ","191-0001","日野市栄町２－２－１５　シティハイム日野１０１号","139.390732","35.681775","JGD2011","042-843-3535"
"営利法人","なごみ在宅介護サービス日野","191-0002","日野市新町１－５－３５　大沢新町ビル２階","139.391165","35.681356","JGD2011","042-589-2660"
"他の法人","プラン湧水路","191-0033","日野市百草１０４２－２０　石坂ビル２Ｆ","139.424588","35.646305","JGD2011","042-506-5265"
"社福法人","地域生活相談室　おあしす","191-0042","日野市程久保８７２－１","139.415328","35.651401","JGD2011","042-591-4016"
"社福法人","やまばと","191-0065","日野市旭が丘２－４２－５","139.369165","35.663135","JGD2011","042-582-3400"
"区市町村","日野市発達・教育支援センター","191-0065","日野市旭が丘２－４２－８","139.368756","35.662991","JGD2011","042-589-8877"
"他の法人","くおりあ相談室","189-0003","東村山市久米川町３－１２－７","139.47301","35.766095","JGD2011","042-306-4245"
"社福法人","相談支援事業所　ふわり","189-0012","東村山市萩山町１－３５－１　東京都東村山福祉園内","139.482663","35.737102","JGD2011","042-343-8141"
"社福法人","相談支援センター　こだま","189-0013","東村山市栄町２－９－３２　晃生プラザ３０３","139.471716","35.749458","JGD2011","042-395-1427"
"営利法人","みのり障害生活支援センター","189-0014","東村山市本町二丁目２４番地１","139.469633","35.759163","JGD2011","042-306-0355"
"社福法人","相談支援事業所トビラ","189-0024","東村山市富士見町３－４－１６","139.454413","35.748711","JGD2011","042-394-1868"
"社福法人","地域活動支援センター虹","185-0003","国分寺市戸倉４－１４　福祉センター内","139.455311","35.708513","JGD2011","042-324-7475"
"区市町村","こどもの発達センターつくしんぼ","185-0003","国分寺市戸倉３－１－１","139.455022","35.707935","JGD2011","042-323-7912"
"社福法人","ヘルパーステーション　びいと","185-0023","国分寺市西元町３－６－１４","139.469341","35.689448","JGD2011","042-316-8523"
"社福法人","国分寺市障害者センター　地域活動支援センターつばさ","185-0024","国分寺市泉町２－３－８","139.468855","35.696398","JGD2011","042-321-1212"
"社福法人","相談支援事業所のぞみ","185-0034","国分寺市光町２－１９－１２　１階","139.437816","35.704462","JGD2011","042-580-2887"
"営利法人","ハッピーテラス国立駅前","186-0001","国立市北１－５－８　プラース壱番館２階　店舗Ｅ","139.44686","35.699974","JGD2011","042-505-6543"
"社福法人","相談支援エプシロン","186-0003","国立市富士見台２－１６－４　トーコービル４０６","139.44606","35.681835","JGD2011","042-505-7021"
"他の法人","指定相談支援事業所福祉サポートライン","186-0004","国立市中１－１８－３５","139.442493","35.696469","JGD2011","042-573-5987"
"他の法人","相談支援事業ルピナス","186-0005","国立市西２－２０－１０　第２村上ビル２階","139.436072","35.693372","JGD2011","042-573-0933"
"社福法人","相談支援センター「みなも」","186-0011","国立市谷保６３１２","139.429501","35.680959","JGD2011","042-577-2557"
"その他","福生市社会福祉協議会","197-0004","福生市南田園２－１３－１","139.332271","35.727485","JGD2011","042-552-2121"
"営利法人","介護センター　みらい","197-0012","福生市加美平２－１－１３","139.325585","35.745674","JGD2011","042-513-0735"
"他の法人","やなぎ社会福祉事務所","197-0023","福生市志茂１６９－１","139.329216","35.737823","JGD2011","042-513-0244"
"その他","狛江市特定相談支援事業所サポート","201-0013","狛江市元和泉２－３５－１　あいとぴあセンター内","139.567777","35.6333","JGD2011","03-5438-3533"
"社福法人","相談支援センターみずき","201-0014","狛江市東和泉１－３２－２１","139.575946","35.6304","JGD2011","03-5761-4796"
"社福法人","相談支援にじ","207-0004","東大和市清水３－８５５－２","139.443224","35.753549","JGD2011","042-564-2883"
"区市町村","東大和市立やまとあけぼの学園","207-0012","東大和市新堀１－１５２３－２","139.45173","35.741078","JGD2011","042-564-5923"
"他の法人","特定非営利活動法人　自立生活センター・東大和","207-0014","東大和市南街１－２２－６","139.43169","35.740497","JGD2011","042-567-2622"
"他の法人","はるもにあ","207-0015","東大和市中央２－１１０１－４３","139.431595","35.742638","JGD2011","042-565-8981"
"営利法人","イコールケアマネセンター","207-0016","東大和市仲原１－６－２","139.444269","35.743644","JGD2011","042-567-8215"
"社福法人","東大和市総合福祉センターは～とふる","207-0022","東大和市桜が丘２－５３－６","139.41938","35.734917","JGD2011","042-516-3981"
"区市町村","清瀬市社会福祉協議会相談支援事業所","204-0013","清瀬市上清戸一丁目１６番６２号","139.527664","35.773265","JGD2011","042-495-5511"
"営利法人","たまみずき相談支援事業所　清瀬","204-0022","清瀬市松山２－２－１５　清瀬シティハイム２階","139.516287","35.769838","JGD2011","042-497-8458"
"営利法人","株式会社みのり","204-0022","清瀬市松山２－５－２０","139.515484","35.770685","JGD2011","042-492-8815"
"区市町村","清瀬市子どもの発達支援・交流センター","204-0023","清瀬市竹丘１－１５－８","139.511101","35.76811","JGD2011","042-495-3030"
"他の法人","日本社会事業大学附属　子ども学園","204-0024","清瀬市梅園１－２－５０","139.50729","35.773956","JGD2011","042-491-8131"
"他の法人","自立生活センターグッドライフ","203-0014","東久留米市東本町１４－７　滝ビル１階","139.535341","35.762608","JGD2011","042-477-8384"
"区市町村","東久留米市立わかくさ学園発達相談室","203-0023","東久留米市南沢２－２０－５１","139.531389","35.749635","JGD2011","042-462-4669"
"他の法人","相談ステーションむくむく","203-0031","東久留米市南町４－１０－２６","139.520471","35.746057","JGD2011","042-475-6965"
"他の法人","相談支援センター　くるみ","203-0031","東久留米市南町４－９－２１","139.52214","35.744366","JGD2011","042-420-1850"
"社福法人","イリアンソス相談支援センター","203-0052","東久留米市幸町３－８－２３","139.51912","35.758264","JGD2011","042-477-2833"
"他の法人","相談支援センターぬくもり","203-0054","東久留米市中央町２－１－４　清美荘１０２号","139.523606","35.757328","JGD2011","042-477-9891"
"社福法人","東京小児療育病院地域支援センター","208-0011","武蔵村山市学園４－１０－１","139.398104","35.744062","JGD2011","042-561-2521"
"他の法人","相談支援センター　クローバー","208-0011","武蔵村山市学園１－１１２－８　エステート武蔵村山２０５","139.396723","35.746232","JGD2011","042-843-8150"
"社福法人","あかつきコロニー相談支援センター","208-0023","武蔵村山市伊奈平１－６４－１","139.377814","35.74547","JGD2011","042-560-7840"
"他の法人","れすと相談支援センター","206-0001","多摩市和田１８７０－２","139.433824","35.64695","JGD2011","042-373-8925"
"社福法人","マルシェたま　障害者相談支援事業所","206-0011","多摩市関戸４－１９－５　市立健康センター４階","139.449511","35.649044","JGD2011","042-311-2300"
"他の法人","相談支援センター　あゆーと","206-0012","多摩市貝取４－３－１－１１０","139.438525","35.61459","JGD2011","042-316-9200"
"他の法人","相談支援センター　くぬぎ","206-0025","多摩市永山３－９　東永山複合施設内","139.449454","35.623381","JGD2011","042-375-2583"
"社福法人","相談支援センター　しまだ","206-0036","多摩市中沢１－３１－１","139.411496","35.621988","JGD2011","042-374-2071"
"営利法人","ベック多摩","206-0041","多摩市愛宕４丁目９番７号　ハロッズプラザ１０６号室","139.429069","35.628824","JGD2011","042-311-0575"
"営利法人","相談支援センターぽわん","206-0041","多摩市愛宕４－９－２２　池田ビル２階２０３号室","139.428953","35.628657","JGD2011","042-311-0828"
"社福法人","稲城市障害者総合相談センター　マルシェいなぎ","206-0802","稲城市東長沼２１０７－３　ヒルテラス稲城１０３","139.505008","35.638601","JGD2011","042-379-9234"
"営利法人","ケアセンターあんさんぶる稲城","206-0802","稲城市東長沼８７０　エクセル松本２０３","139.502244","35.646547","JGD2011","042-815-1822"
"社福法人","社会福祉法人　稲城市社会福祉協議会","206-0804","稲城市百村７番地","139.499861","35.639609","JGD2011","042-378-3366"
"営利法人","相談支援センターまはろ","206-0812","稲城市矢野口５４１　美里コーポ１０１","139.521587","35.638471","JGD2011","042-379-8262"
"他の法人","相談支援事業所　つむぎ","205-0017","羽村市羽西３－３－１","139.296461","35.77374","JGD2011","042-511-4280"
"社福法人","障がい者相談支援センターいまここ","197-0804","あきる野市秋川１－１２－１","139.288155","35.729386","JGD2011","042-595-5720"
"営利法人","株式会社ひまわり","197-0814","あきる野市二宮２２６７","139.313553","35.729345","JGD2011","042-550-6151"
"社福法人","あきる野市障がい者相談支援センター","197-0814","あきる野市二宮６７０－５　秋川健康会館１階","139.30241","35.729398","JGD2011","042-559-0368"
"営利法人","悠優ヘルパーセンター","197-0823","あきる野市野辺３０５－６","139.312326","35.722785","JGD2011","042-532-3273"
"営利法人","ケアサポートセンターかしの木","197-0825","あきる野市雨間２５４－６　センターヴィレッジ５０１","139.290844","35.728522","JGD2011","042-518-7841"
"他の法人","をとん","197-0827","あきる野市油平９８　第一中村ビル３０１号","139.287958","35.726045","JGD2011","042-532-0305"
"社福法人","西多摩地域生活相談室","197-0831","あきる野市下代継９４－６　２階","139.281845","35.727103","JGD2011","090-9804-9239"
"社福法人","上代継在宅地域支援センター","197-0832","あきる野市上代継８４－６","139.27824","35.730411","JGD2011","042-559-2241"
"営利法人","たまみずき相談支援ひばり","188-0003","西東京市北原町１－３８－２","139.545997","35.738011","JGD2011","042-497-4850"
"社福法人","さくらの園","188-0004","西東京市西原町４－５－６　西東京市西原総合教育施設内","139.528381","35.737214","JGD2011","042-452-6005"
"社福法人","地域活動支援センター　ブルーム","188-0011","西東京市田無町５－５－１２","139.536209","35.731809","JGD2011","042-452-3085"
"他の法人","自立生活企画","188-0011","西東京市田無町５－６－２０","139.537392","35.732042","JGD2011","042-462-5999"
"営利法人","株式会社　ケアワーク北多摩","188-0011","西東京市田無町五丁目８番１５号","139.539281","35.731681","JGD2011","042-461-8230"
"他の法人","ととろクラブ　相談室","188-0014","西東京市芝久保町２－２２－３２－２０５","139.52061","35.726248","JGD2011","042-452-3467"
"他の法人","ＹＬひばりが丘相談所","202-0002","西東京市ひばりが丘北３－４－３－３０４","139.546393","35.752357","JGD2011","090-6000-4789"
"他の法人","相談室　こころ","202-0005","西東京市住吉町３－１２－１９","139.547429","35.750249","JGD2011","042-424-7775"
"他の法人","相談支援事業所　ポラリス","202-0023","西東京市新町１－１４－１０","139.54427","35.714883","JGD2011","042-252-3103"
"社福法人","フラップ","190-1221","西多摩郡瑞穂町箱根ケ崎字武蔵野９４０","139.332152","35.791903","JGD2011","042-568-0966"
"他の法人","あるって","190-0182","西多摩郡日の出町平井３２６１番地２","139.259791","35.74192","JGD2011","042-519-9761"
"社福法人","ひのきのその","190-0213","西多摩郡檜原村５３５４番６","139.159673","35.725814","JGD2011","042-598-3113"
"他の法人","相談支援事業所「つづみ草」","198-0212","西多摩郡奥多摩町氷川９５４－１１","139.092192","35.803526","JGD2011","0428-83-8145"
