区市町村通番,所管地域,名称,ヨミガナ,電話番号,ＦＡＸ番号,郵便番号,住所,緯度,経度,座標系,対応時間帯,特記事項,施設種別／地域包括支援センター,施設種別／ブランチ・サブセンター,施設種別／在宅介護支援センター,施設種別／その他相談窓口,相談内容／高齢者の異変,相談内容／消費者被害のおそれ
1,市内全域,武蔵野市地域包括支援センター（基幹型）,ﾑｻｼﾉｼﾁｲｷﾎｳｶﾂｼｴﾝｾﾝﾀｰ(ｷｶﾝｶﾞﾀ),0422-60-1947,0422-51-9218,180-8777,武蔵野市緑町2-2-28／（武蔵野市役所内）,35.717499,139.566452,JGD2011,月曜日～金曜日8時30分～17時15分,,〇,,,,〇,
2,吉祥寺東町、吉祥寺南町、御殿山1丁目,ゆとりえ在宅介護・地域包括支援センター,ﾕﾄﾘｴｻﾞｲﾀｸｶｲｺﾞ･ﾁｲｷﾎｳｶﾂｼｴﾝｾﾝﾀｰ,0422-72-0313,0422-72-0321,180-0003,武蔵野市吉祥寺南町4-25-5,35.69886,139.591843,JGD2011,月曜日～土曜日8時30分～17時15分,,〇,,〇,,〇,
3,吉祥寺本町、御殿山2丁目,吉祥寺本町在宅介護・地域包括支援センター,ｷﾁｼﾞｮｳｼﾞﾎﾝﾁｮｳｻﾞｲﾀｸｶｲｺﾞ･ﾁｲｷﾎｳｶﾂｼｴﾝｾﾝﾀｰ,0422-23-1213,0422-23-1238,180-0004,武蔵野市吉祥寺本町4-20-13,35.706207,139.571945,JGD2011,月曜日～土曜日8時30分～17時15分,,〇,,〇,,〇,
4,中町、西久保、緑町、八幡町,高齢者総合センター在宅介護・地域包括支援センター,ｺｳﾚｲｼｬｿｳｺﾞｳｾﾝﾀｰｻﾞｲﾀｸｶｲｺﾞ･ﾁｲｷﾎｳｶﾂｼｴﾝｾﾝﾀｰ,0422-51-1974,0422-51-1982,180-0012,武蔵野市緑町2-4-1,35.715225,139.562561,JGD2011,月曜日～土曜日8時30分～17時15分,,〇,,〇,,〇,
5,吉祥寺北町,吉祥寺ナーシング  ホーム在宅介護・地域包括支援センター,ｷﾁｼﾞｮｳｼﾞﾅｰｼﾝｸﾞﾎｰﾑｻﾞｲﾀｸｶｲｺﾞ･ﾁｲｷﾎｳｶﾂｼｴﾝｾﾝﾀｰ,0422-20-0847,0422-20-0802,180-0001,武蔵野市吉祥寺北町2-9-2,35.712109,139.578995,JGD2011,月曜日～土曜日8時30分～17時15分,,〇,,〇,,〇,
6,関前、境、桜堤,桜堤ケアハウス在宅介護・地域包括支援センター,ｻｸﾗﾂﾞﾂﾐｹｱﾊｳｽｻﾞｲﾀｸｶｲｺﾞ･ﾁｲｷﾎｳｶﾂｼｴﾝｾﾝﾀｰ,0422-36-5133,0422-36-6868,180-0021,武蔵野市桜堤1-9-9,35.711014,139.533569,JGD2011,月曜日～土曜日8時30分～17時15分,,〇,,〇,,〇,
7,境南町,武蔵野赤十字在宅介護・地域包括支援センター,ﾑｻｼﾉｾｷｼﾞｭｳｼﾞｻﾞｲﾀｸｶｲｺﾞ･ﾁｲｷﾎｳｶﾂｼｴﾝｾﾝﾀｰ,0422-32-3155,0422-33-9521,180-0023,武蔵野市境南町1-26-1 武蔵野赤十字病院内,35.697906,139.548782,JGD2011,月曜日～土曜日8時30分～17時15分,,〇,,〇,,〇,
8,市内全域,武蔵野市消費生活センター,ﾑｻｼﾉｼｼｮｳﾋｾｲｶﾂｾﾝﾀｰ,(代表)0422-21-2972／(相談専用)0422-21-2971,0422-51-5535,180-0004,武蔵野市吉祥寺本町1-10-7 武蔵野商工会館3階,35.7057,139.578735,JGD2011,月曜日～金曜日9時～16時,,,,,〇,,〇
