区市町村通番,所管地域,名称,ヨミガナ,電話番号,ＦＡＸ番号,郵便番号,住所,緯度,経度,座標系,対応時間帯,特記事項,施設種別／地域包括支援センター,施設種別／ブランチ・サブセンター,施設種別／在宅介護支援センター,施設種別／その他相談窓口,相談内容／高齢者の異変,相談内容／消費者被害のおそれ
1,稲城市全域,稲城市役所,ｲﾅｷﾞｼﾔｸｼｮ,042-378-2111／(内線:227・228),,206-8601,稲城市東長沼2111,35.634766,139.504257,JGD2011,平日8時30分～17時15分,,,,,〇,〇,〇
2,坂浜、平尾,地域包括支援センターひらお,ﾁｲｷﾎｳｶﾂｼｴﾝｾﾝﾀｰﾋﾗｵ,042-331-6088,042-350-5578,206-0823,稲城市平尾2-49-20,35.608284,139.493622,JGD2011,平日、土曜日8時30分～17時30分,,〇,,,,〇,〇
3,押立、矢野口,地域包括支援センターやのくち,ﾁｲｷﾎｳｶﾂｼｴﾝｾﾝﾀｰﾔﾉｸﾁ,042-370-2202,042-370-2203,206-0812,稲城市矢野口1804-3,35.637142,139.519409,JGD2011,平日、土曜日8時30分～17時30分,,〇,,,,〇,〇
4,大丸、東長沼、百村,地域包括支援センターエレガントもむら,ﾁｲｷﾎｳｶﾂｼｴﾝｾﾝﾀｰｴﾚｶﾞﾝﾄﾓﾑﾗ,042-379-5500,042-379-5131,206-0804,稲城市百村255,35.635826,139.492508,JGD2011,平日、土曜日8時30分～17時30分,,〇,,,,〇,〇
5,向陽台、長峰、若葉台,地域包括支援センターこうようだい,ﾁｲｷﾎｳｶﾂｼｴﾝｾﾝﾀｰｺｳﾖｳﾀﾞｲ,042-370-0040,042-378-6901,206-0803,稲城市向陽台3-4-4,35.638111,139.486679,JGD2011,平日、土曜日8時30分～17時30分,,〇,,,,〇,〇
6,市内全域,稲城市消費生活センター,ｲﾅｷﾞｼｼｮｳﾋｾｲｶﾂｾﾝﾀｰ,042-378-3738,,206-0804,稲城市百村2111 パルシステム生活協同組合連合会稲城事務センター3階,35.637047,139.491272,JGD2011,平日9時30分～12時／13時～15時30分,,,,,〇,,〇
