区市町村別完了地区一覧,,,,,,,,,,,,,,,,,,,,,,,
区市町村,施行者,地 　 区　  名,施行地区　,"面積
（ha）","総事業費
（億円）","都市計画
決定告示
年月日","施行
認可告示
年月日","換地処分
公告年月日",終了または解散認可年月日,整理前公共用地,,,,整理後公共用地,,,,保留地,合算減歩率,公共減歩率,保留地減歩率,国土調査法第19条第5項承認,備考
,,,,,,,,,,㎡,道路,公園,その他,㎡,道路,公園,その他,（㎡）,（％）,（％）,（％）,,
千代田,個人,有楽町駅前,千代田区有楽町二丁目の一部,0.9,3.3,S55.12.5,S56.10.6,S63.10.20,H1.3.29,,,,,,,,,,―,―,―,,
千代田,個人,有楽町一丁目地区,千代田区有楽町一丁目の一部,1.4,40.2,―,H24.8.24,H30.8.31,H30.12.3,,,,,,,,,,0,0,0,,
千代田,組合,千代田区飯田町,千代田区飯田橋二丁目、三丁目の各一部,5,92.7,―,H11.3.16,H14.6.5,H14.9.13,,,,,,,,,,20.8,14.6,6.2,○,
中央,個人,臨海部開発晴海三丁目西,中央区晴海三丁目の一部,4.1,0.2,H5.7.19,H14.3.14,H14.3.28,H14.8.1,,,,,,,,,,0.1,―,0.1,,
中央,組合,晴海二丁目,中央区晴海二丁目の一部,13.2,61.9,H5.7.19,H16.2.24,H24.8.6,H24.10.25,"8,911.56",162.07,"8,749.49",-,"23,247.38","14,497.79","8,749.59",-,"7,250.15",17.5,11.6,5.9,,
中央,都市機構,湊二丁目,中央区港二丁目の一部,1.8,36.4,H19.2.9,H23.5.17,H28.2.29,,5458,4310,-,1148,6489,4049,-,2441,1490,20.5,8.4,12.1,,
港/品川,個人,品川駅東口,港区港南一丁目、二丁目、品川区北品川一丁目の各一部,13.7,350,―,H8.3.18,H15.1.14,H20.3.31,"14,892.00","14,624.19",267.81,-,"52,883.93","38,596.16","4,634.67","9,653.10","11,811.01",40.8,31.1,9.7,○,
港,個人,南青山二丁目,港区南青山二丁目の一部,0.3,6,―,H11.12.27,H13.11.12,H13.12.20,,,,,,,,,,1.6,1.6,―,,
港,個人,虎ノ門四丁目西,港区虎ノ門二丁目、四丁目、六本木一丁目の各一部,1.3,5.2,―,H14.3.1,H18.8.31,H18.9.29,,,,,,,,,,4.7,4.7,―,,
港,個人,田町駅東口北地区,港区芝浦一丁目、三丁目の各一部,7.7,81.5,―,H23.7.15,H27.12.1,H29.3.17,"20,382.00","15,780.00","4,602.00",-,"22,920.00","16,120.00","6,800.00",-,-,4.5,4.5,―,,
港,個人,愛宕山周辺地区,港区愛宕一丁目、虎ノ門三丁目の各一部,0.7,0.3,―,H28.7.4,R2.12.16,R4.6.30,378.81,378.81,-,-,385.02,8.49,376.53,－,－,0.1,0.1,―,,
港,組合,芝三丁目東,港区芝三丁目、五丁目の各一部,2.3,17.3,―,H9.4.7,H11.11.11,H12.3.27,"2,048.68","2,048.68",-,-,"5,632.84","5,632.84",-,-,753.48,20.5,16.9,3.6,,
港,組合,赤坂一丁目,港区赤坂一丁目の一部,1,19.3,―,H13.10.1,H16.2.16,H16.3.31,,,,,,,,,,21.9,10.2,11.7,,
新宿,個人,富久町,新宿区富久町の一部,0.5,0.5,―,H10.3.31,H11.12.16,H12.2.25,,,,,,,,,,1.6,1.6,―,,
新宿,個人,富久町第二,新宿区富久町の一部,0.3,2.1,―,H11.10.15,H12.6.19,H15.3.31,,,,,,,,,,―,―,―,,
新宿/渋谷,個人,霞ヶ丘町付近地区,新宿区霞ヶ丘町、渋谷区神宮前二丁目の各一部,2.8,3.5,―,H28.10.12,R1.12.23,R2.11.19,"15,280.12",－,"15,280.12",－,"16,047.60",741.05,"15,306.55",－,－,6,6,―,,
新宿,組合,東京オペラシティ,新宿区西新宿三丁目の一部,1.7,0.9,―,H3.12.20,H11.9.29,H11.12.21,,,,,,,,,,10,10,―,,
台東,個人,東上野二丁目,台東区東上野二丁目の一部,0.4,0.2,―,H15.2.24,H17.12.15,H18.3.30,167.27,167.27,-,-,174.36,174.36,-,-,-,0.2,0.2,―,,
台東,個人,根岸三丁目中央,台東区根岸三丁目の一部,0.3,0.5,―,H21.5.28,H24.11.6,H24.12.21,425,379,-,46,690,682,-,8,-,10.6,10.6,―,,
台東,個人,御徒町駅北口西地区,台東区上野三丁目の一部,0.2,0.5,―,H24.3.9,H26.6.6,H26.9.12,127.78,127.78,-,-,127.78,127.78,-,-,-,―,―,―,,
台東,組合,御徒町駅南口西,台東区上野三丁目の一部,1.1,3.9,―,H19.1.4,H22.2.15,H22.6.9,"1,211.44","1,211.44",-,-,"1,211.44",295.17,916.27,-,-,―,―,―,○,
墨田,組合,押上・業平橋駅周辺,墨田区押上一丁目、向島一丁目の各一部,6.4,99.3,H17.3.3,H17.12.16,H24.10.1,H25.3.14,"2,163.31",989.85,-,"1,173.46","16,600.12","14,669.88",834.51,"1,095.73","3,496.14",28.9,5.6,23.2,,
江東,個人,豊洲二丁目,江東区豊洲二丁目、五丁目の各一部,23.6,103.7,―,H15.11.17,H19.7.6,H19.9.28,,,,,,,,,,23.1,11.1,12,,
目黒,個人,目黒四丁目,目黒区目黒四丁目の一部,0.2,1.7,―,H11.10.15,H13.3.8,H13.3.26,,,,,,,,,,―,―,―,,
大田,組合,石川町,大田区石川町及び雪谷町の各一部（大田区石川町二丁目の一部）,3.6,0.1,―,S33.3.11,S41.3.12,S41.12.24,,,,,,,,,,23.4,15,8.4,,
世田谷,個人,北烏山七丁目,世田谷区北烏山七丁目の一部,0.7,2,S44.5.8,H11.1.29,H13.2.9,H13.6.29,,,,,,,,,,39.7,35.4,4.3,,
世田谷,個人,成城四丁目,世田谷区成城四丁目の一部,3.8,4.5,S44.5.8,H12.12.8,H14.11.28,H15.2.24,,,,,,,,,,40,40,―,○,
世田谷,個人,千歳台六丁目,世田谷区千歳台六丁目の一部,1.3,2.2,S44.5.8,H16.12.15,H18.5.23,H18.8.22,,,,,,,,,,21.2,15.7,5.5,○,
世田谷,個人,太子堂円泉ヶ丘,世田谷区太子堂三丁目の一部,0.2,0.3,―,H19.5.31,H22.2.2,H22.3.10,669,669,-,-,687,687,-,-,-,1.3,1.3,―,,
世田谷,個人,補助第154号線第Ⅵ期,世田谷区世田谷四丁目の一部,0,1.3,―,H22.12.9,H24.4.19,H24.5.31,28.17,28.17,-,-,28.17,28.17,-,-,-,―,―,―,,
世田谷,個人,北烏山三丁目,世田谷区北烏山三丁目の一部,0.8,0.9,S44.5.8,H22.12.14,H24.1.23,H24.3.27,782.85,782.85,-,-,"1,682.76","1,432.76",250,-,255,15.4,12,3.4,○,
世田谷,個人,補助第154号線第Ⅱ期,世田谷区世田谷四丁目の一部,0.1,1.1,―,H23.3.17,H25.3.8,H25.3.28,138,138,-,-,375.62,375.62,-,-,-,33.4,33.4,―,,
世田谷,個人,千歳台二丁目北,世田谷区千歳台二丁目の一部,0.6,1.1,S44.5.8,H26.8.4,H29.1.12,H29.3.30,69.4,69.4,-,-,"1,008.33",836.33,172,-,272,21.5,16.7,4.8,○,
世田谷,個人,祖師谷六丁目,世田谷区祖師谷六丁目の一部,0.3,1.1,S44.5.8,H30.11.28,R2.2.20,R2.3.12,94.66,94.66,-,-,762.73,671.01,91.72,-,275.05,31.8,22.6,9.3,,
世田谷,組合,東松原,世田谷区松原町四丁目の一部（世田谷区松原六丁目）,3.6,0.4,―,S33.3.18,S37.3.13,S37.10.16,,,,,,,,,,23.4,15,8.4,,
世田谷,組合,世田谷五丁目,世田谷区世田谷五丁目、砧町の各一部（世田谷区桜丘五丁目、千歳台一丁目、砧二丁目の各一部）,27.8,2.8,―,S34.1.6,S42.8.1,S43.6.20,,,,,,,,,,19,18,1,,
世田谷,組合,希望丘,世田谷区船橋町、廻沢町、八幡山の各一部,85.2,60.5,―,S40.10.5,H2.5.30,H2.11.19,,,,,,,,,,21.5,19.7,1.9,,
世田谷,組合,砧,砧町の一部（世田谷区砧四丁目、六丁目の各一部）,13.1,10.5,―,S43.5.9,S54.11.27,S55.12.25,,,,,,,,,,16.6,11.6,5,,
世田谷,組合,田直,世田谷区大蔵五丁目の一部,2,9.3,S44.5.8,S56.3.31,H2.5.14,H2.11.30,920.15,920.15,-,-,"6,590.56","5,075.23","1,515.33",-,584.32,32.9,29.8,3.1,,
世田谷,組合,鎌田前耕地,世田谷区鎌田三丁目、岡本二丁目の各一部,14.9,42.6,S44.5.8,S57.9.10,H13.10.29,H14.2.22,,,,,,,,,,19,17.5,1.5,○,
世田谷,組合,打越,世田谷区大蔵五丁目、六丁目の各一部,2.2,12.1,S44.5.8,S58.3.10,H6.2.7,H6.11.22,,,,,,,,,,24.8,20.8,4,,
世田谷,組合,宇奈根西部,世田谷区宇奈根二丁目、喜多見一丁目の各一部,10.4,34.8,S44.5.8,S60.9.10,H13.3.9,H13.11.16,,,,,,,,,,27.6,26.4,1.2,○,
世田谷,組合,喜多見南部,世田谷区喜多見一丁目の一部,6.9,27.1,S44.5.8,S61.4.11,H8.9.18,H9.3.24,,,,,,,,,,20.8,19.1,1.8,,
世田谷,組合,宇奈根東部,世田谷区宇奈根一丁目の一部,4.4,21.9,S44.5.8,S63.9.26,H15.7.7,H15.10.22,,,,,,,,,,27.1,23.7,3.4,○,
世田谷,組合,大道北,世田谷区上祖師谷六丁目の一部,5.8,28.6,S44.5.8,H4.3.25,H15.6.12,H16.2.2,,,,,,,,,,26.3,24.9,1.7,○,
世田谷,組合,世田谷区砧五丁目,世田谷区砧五丁目の一部,1.7,6.9,―,H8.12.11,H12.2.4,H12.7.19,187.08,187.08,-,-,"3,521.30","2,520.76","1,000.54",-,441.14,23,20.3,2.7,○,
世田谷,組合,喜多見宮之原,世田谷区喜多見四丁目の一部,1.6,7.5,S44.5.8,H9.12.26,H14.2.25,H14.7.2,,,,,,,,,,32,26.3,5.7,○,
世田谷,組合,千歳台二丁目,世田谷区千歳台二丁目の一部,2,4.7,S44.5.8,H12.12.8,H15.9.1,H16.3.30,,,,,,,,,,24.7,21.2,3.5,○,
世田谷,組合,喜多見東,世田谷区喜多見三丁目の一部,5.4,27.8,S44.5.8,H14.3.12,H24.3.28,H25.2.7,"6,222.72","2,359.85",-,"3,862.87","15,149.04","13,529.93","1,619.11",-,"3,062.87",25.3,18.8,6.5,,
渋谷,個人,円山町,渋谷区円山町の一部,0.3,0.6,―,H12.3.30,H14.8.5,H14.10.17,,,,,,,,,,1.1,1.1,―,,
渋谷,個人,よよぎ一丁目五十三番街,渋谷区代々木一丁目の一部,0.6,1.4,―,H16.1.21,H19.5.14,H19.6.29,,,,,,,,,,0.5,0.5,―,,
渋谷,個人,渋谷二丁目21地区,渋谷区渋谷二丁目の一部,1,2.6,―,H20.5.27,H24.2.16,H24.7.18,547.17,547.17,-,-,570.77,570.77,-,-,-,0.2,0.2,―,,
渋谷,組合,渋谷駅南街区,渋谷区渋谷三丁目の一部,1,36.5,―,H26.5.27,H30.3.15,H30.10.1,"1,859.00","1,859.00",-,-,"2,911.91","2,911.91",-,-,847.5,23.1,12.8,10.4,,
渋谷,個人,渋谷区道玄坂二丁目４,渋谷区道玄坂二丁目の一部,0.6,51.8,―,H30.5.1,R5.6.12,R5.9.29,119.77,119.77,-,-,203.12,203.12,-,-,-,1.4,1.4,―,,
中野,個人,弥生町三丁目,中野区弥生町三丁目の一部,0.6,0.9,―,H28.4.21,H30.11.7,H30.12.13,"2,573.00",-,-,"2,573.00","3,070.00","1,740.00","1,330.00",-,-,16.7,16.7,―,,
杉並,個人,和泉四丁目,杉並区和泉四丁目の一部,1.7,3.7,S44.5.8,S51.5.11,S54.7.3,S55.4.22,,,,,,,,,,21.4,21.1,0.4,,
杉並,個人,高井戸東一丁目北,杉並区高井戸東一丁目の一部,3.6,不詳,―,H17.12.1,H20.9.29,H20.12.19,,,,,,,,,,10.8,10.8,―,○,
杉並,個人,高井戸東一丁目南,杉並区高井戸東一丁目の一部,4.9,不詳,S44.5.8,H17.12.1,H20.9.29,H20.12.19,521.36,521.36,-,-,"24,507.69","8,149.73","16,357.96",-,-,50,50,―,○,
北,個人,豊島五・六丁目,北区豊島五丁目、六丁目の各一部,2.3,1.1,―,H17.10.27,H19.2.28,H19.3.30,,,,,,,,,,2.2,2.2,―,,
板橋,組合,上赤塚,板橋区上赤塚町、成増町、下赤塚町の各一部,25,1.6,―,S33.8.26,S43.12.5,S46.4.17,,,,,,,,,,22.2,15.1,7,,
板橋,組合,徳丸石川（第一工区）,板橋区徳丸本町、徳丸町、下赤塚町の各一部,9.5,6.4,―,S38.7.23,S53.1.31,H1.9.27,,,,,,,,,,27.8,19.6,8.2,,
板橋,組合,西徳,板橋区志村西台町、西台一丁目、西台三丁目、徳丸本町の各一部,39.4,29.7,―,S38.11.16,S59.8.31,S61.2.19,,,,,,,,,,23,18.9,4.2,,
板橋,組合,徳丸が丘,板橋区徳丸町、徳丸本町の各一部,43.9,49,―,S40.11.30,H2.11.14,H3.10.5,"49,112.25","42,997.31",-,"6,114.94","139,639.94","103,121.67","36,170.02",348.25,"13,885.53",26.8,23.2,3.6,,
板橋,組合,大門,板橋区下赤塚町、上赤塚町の各一部（赤塚五丁目、七丁目、八丁目及び下赤塚町の各一部）,29.7,30.9,―,S40.12.7,H10.1.12,H13.11.6,,,,,,,,,,27.6,26.7,0.9,,
板橋,組合,徳丸石川（第二工区）,板橋区徳丸本町、四葉町、徳丸町、下赤塚町の各一部,19,36.1,―,S43.7.6,S63.10.31,H1.9.27,,,,,,,,,,25.9,20,5.9,,
板橋,組合,三園二丁目,板橋区三園二丁目の一部,0.4,1.8,S40.6.7,H10.4.30,H12.2.8,H12.12.21,,,,,,,,,,32.6,5.3,27.3,,
板橋,組合,赤塚三丁目,板橋区赤塚三丁目の一部,1,2.5,―,H18.3.31,H20.8.5,H21.3.2,,,,,,,,,,33.1,24.4,8.8,○,
板橋,都市機構,板橋,東京都板橋区,332.4,79.7,S40.6.7,S41.12.28,S47.3.31,,,,,,,,,,,29.5,22.6,6.9,,
練馬,個人,三原台三丁目,練馬区三原台三丁目の一部,1.7,3.3,S44.5.8,H4.4.23,H7.5.8,H8.3.18,,,,,,,,,,24.8,24.6,0.2,,
練馬,個人,西大泉一丁目,練馬区西大泉一丁目の一部,1.4,2.5,S44.5.8,H8.7.24,H10.4.30,H10.8.3,,,,,,,,,,19.3,19.3,―,,
練馬,個人,石神井台六丁目,練馬区石神井台六丁目の一部,0.7,1.7,S44.5.8,H16.4.1,H17.6.27,H17.9.13,,,,,,,,,,26.1,21.5,4.5,,
練馬,個人,早宮四丁目南,練馬区早宮四丁目の一部,0.4,2.6,―,H18.4.3,H21.10.19,H22.3.30,0,0,0,-,996.31,778.51,217.8,-,-,27.5,27.5,―,○,
練馬,個人,田柄二丁目,練馬区田柄二丁目の一部,0.4,0.8,S44.5.8,H26.5.15,H28.4.19,H28.10.28,184.58,-,-,184.58,959.8,941.18,-,18.62,110.01,22.5,19.7,2.8,,
練馬,個人,田柄二丁目北,練馬区田柄二丁目の一部,0.6,2.1,―,H26.5.15,H28.5.16,H28.10.28,,,,,,,,,,33.4,26.2,7.2,,
練馬,個人,土支田一丁目,練馬区土支田一丁目の一部,2.2,5.6,S44.5.8,H26.5.15,H28.10.19,H29.2.8,589.67,589.67,-,-,"4,784.38","3,480.32","1,304.06",-,"1,564.00",27.3,19.8,7.4,,
練馬,個人,大泉学園町二丁目,練馬区大泉学園町二丁目の一部,0.6,3.3,S44.5.8,H27.4.21,H28.11.18,H29.3.24,93.35,-,-,93.35,"1,248.32",865.39,381.62,1.31,968.34,33.9,18.4,15.5,,
練馬,個人,三原台二丁目東,練馬区三原台二丁目の一部,1.2,2.8,S44.5.8,H28.4.26,H.29.11.28,H.30.3.15,8.71,-,-,8.71,"2,764.09","2,041.06",723.03,-,444.03,26.6,22.9,3.7,,
練馬,個人,大泉学園町四丁目,練馬区大泉学園町四丁目の一部,1,3.3,S44.5.8,H29.12.27,R1.8.22,R1.12.11,-,-,-,-,"2,428.69","1,828.68",600.01,"2,428.69",888.64,33.7,24.6,9,,
練馬,組合,大泉町二丁目,練馬区大泉二丁目の一部,2.2,14.7,S44.5.8,S59.8.23,H1.12.6,H2.8.24,,,,,,,,,,35.9,35,0.9,,
練馬,組合,高松谷原,練馬区高松四丁目、五丁目、谷原一丁目の各一部,10.4,35.5,S44.5.8,S61.11.5,H7.2.23,H7.3.14,,,,,,,,,,23.3,22.1,1.2,,
練馬,組合,土支田三丁目,練馬区土支田三丁目の一部,1.8,4.2,S44.5.8,H1.12.13,H6.6.13,H7.2.16,,,,,,,,,,24.9,24.2,0.7,,
練馬,組合,西大泉六丁目,練馬区西大泉六丁目の一部,3.6,7.8,S44.5.8,H2.10.2,H6.11.11,H7.3.31,,,,,,,,,,27.7,27.2,0.5,,
練馬,組合,中里,練馬区大泉町一丁目の一部,4.3,11.3,S44.5.8,H5.12.6,H10.2.13,H10.3.31,,,,,,,,,,25.8,25,0.8,,
練馬,組合,西大泉四丁目,練馬区西大泉四丁目の一部,4.8,8.3,S44.5.8,H8.10.7,H13.6.13,H13.12.10,,,,,,,,,,26.8,24.6,2.2,,
練馬,組合,三原台二丁目,練馬区三原台二丁目の一部,3.1,5.9,S44.5.8,H10.1.16,H14.11.20,H15.11.7,-,-,-,-,"6,528.01","4,647.99","1,880.02",-,"1,221.03",24.9,21,3.9,○,
練馬,組合,西大泉四丁目西,練馬区西大泉四丁目の一部,1.6,3.5,S44.5.8,H11.3.30,H13.9.13,H14.1.15,,,,,,,,,,21.3,18.2,3.1,,
練馬,組合,大泉町一丁目,練馬区大泉一丁目の一部,2,5.1,S44.5.8,H12.3.30,H17.2.17,H17.7.20,,,,,,,,,,31.3,26.3,5,,
練馬,組合,早宮四丁目,練馬区早宮四丁目の一部,1.9,4.9,S44.5.8,H18.4.3,H21.10.19,H22.3.30,849.6,849.6,-,-,"4,584.99","3,459.80","1,125.19",-,"1,019.90",26.6,20.9,5.7,○,
練馬,組合,中里中央,練馬区大泉町一丁目の一部,3.9,11.7,S44.5.8,H20.4.3,H24.8.9,H25.1.30,"2,400.80","2,400.80",-,-,"12,576.92","9,450.80","3,126.12",-,"1,821.38",32.7,27.8,4.9,○,
足立,個人,小台一丁目,足立区小台一丁目の一部,2.4,7,―,H14.3.29,H20.7.31,H20.9.25,340,340,-,-,"2,542.00","1,997.00",-,545,-,9.2,9.2,―,○,
足立,個人,千住大橋駅前街区,足立区千住橋戸町の一部,0.3,1.8,―,H24.11.20,H26.5.19,H26.7.15,301,301,-,-,301,301,-,-,373,12.6,―,12.6,,
足立,組合,綾瀬(第一工区）,足立区普賢寺町、伊藤谷本町、葛飾区上千葉町の各一部（足立区綾瀬二丁目の全部及び足立区綾瀬一丁目、葛飾区小菅四丁目の各一部）,37.4,4.4,―,S34.4.4,S43.3.31,S45.5.6,,,,,,,,,,25.3,19.4,5.8,,S35.3.19工区分け
足立,組合,北三谷,足立区北三谷町、蒲原町の各一部（足立区東綾瀬三丁目の全部及び東綾瀬一丁目、二丁目、東和一丁目、三丁目の各一部）,61.1,6.4,―,S34.11.26,S44.7.5,S47.11.10,,,,,,,,,,29.9,26.6,3.2,,
足立,組合,西新井町（第一工区）,足立区西新井一丁目、二丁目、四丁目から六丁目の各一部,28.4,2.1,―,S35.3.1,S45.3.18,H2.9.28,,,,,,,,,,27.8,19.9,7.9,,
足立,組合,綾瀬(第二工区）,足立区普賢町、伊藤谷本町、五兵衛町、伊藤谷東町、北三谷町の各一部（足立区綾瀬三丁目、五丁目の全部及び綾瀬四丁目、六丁目、七丁目、東綾瀬一丁目、二丁目の各一部）,69.6,9.8,―,S35.3.19,S44.9.4,S45.5.6,,,,,,,,,,33.3,28.1,5.1,,
足立,組合,花畑町,足立区花畑町、保木間町の各一部（足立区花畑二丁目から五丁目、保木間五丁目の各一部）,71.7,65.9,―,S36.12.12,H10.9.16,H13.3.7,,,,,,,,,,29,22.5,6.5,,
足立,組合,西新井町（第二工区）,足立区西新井町、栗原町、伊興町諏訪木の各一部（足立区西新井三丁目の全部及び西新井二丁目、四丁目から七丁目、谷在家一丁目の各一部）,65.8,20.7,―,S36.12.12,H1.10.30,H2.9.28,,,,,,,,,,31.5,28,3.6,,
足立,組合,保木間,足立区保木間町の一部（足立区保木間一丁目、二丁目の各一部）,31,4.9,―,S36.12.12,S45.2.28,S48.9.28,,,,,,,,,,32.2,29.2,3,,
足立,組合,江北西部,足立区上沼田町、北堀之内町、北鹿浜町の各一部（足立区鹿浜三丁目、四丁目、堀ノ内二丁目の全部及び鹿浜一丁目、二丁目、五丁目、六丁目、加賀一丁目、堀ノ内一丁目の各一部）,148.6,43.6,―,S37.1.6,S63.8.4,H1.2.13,,,,,,,,,,32.6,26.8,5.8,,
足立,組合,江北椿,足立区上沼田町、北堀之内町、北鹿浜町の各一部（足立区椿一丁目、二丁目）,14.7,2.6,―,S38.9.9,S43.7.31,S43.11.14,,,,,,,,,,30.1,25.7,4.4,,
足立,組合,谷在家町,足立区谷在家町、上沼田町、高野町、北宮城町、西新井町、北鹿浜町、北堀之内町の各一部（足立区西新井六丁目、七丁目、西新井本町二丁目、谷在家一丁目、二丁目、鹿浜七丁目、江北五丁目から七丁目の各一部）,58,19.3,―,S39.2.11,S60.8.26,S61.11.5,,,,,,,,,,31.5,29.9,1.6,,
足立,組合,東加平,足立区加平町、五兵衛町、内匠町、花畑町、辰沼町の各一部（足立区加平二丁目、三丁目の全部及び加平一丁目、綾瀬七丁目、谷中二丁目、四丁目の各一部）,47.3,12.7,―,S39.2.11,S46.10.22,S47.8.26,,,,,,,,,,28.9,24.2,4.7,,
足立,組合,栗原・六月町(第一工区）,足立区栗原町、六月町、島根町の各一部（足立区栗原二丁目、六月三丁目の全部及び栗原一丁目、竹の塚一丁目の各一部）,34.4,5,―,S39.9.26,S56.9.30,H7.10.23,,,,,,,,,,27.7,25.2,2.4,,
足立,組合,東栗原,足立区六町、東栗原、西加平町、竹塚町、小右衛門町、東島根町、六月町の各一部（足立区一ツ家一丁目から四丁目、西加平二丁目の各一部）,61.1,21.3,―,S41.5.12,S58.1.26,S58.8.19,,,,,,,,,,23.3,20.9,2.4,,
足立,組合,淵江,足立区保木間町、花畑町の各一部（足立区保木間三丁目の全部及び花畑一丁目、三丁目、四丁目、保木間一丁目、二丁目、四丁目、五丁目、東保木間一丁目、二丁目、南花畑五丁目の各一部）,118,65,―,S42.2.16,H13.5.15,H14.11.1,"86,740.94","55,441.94",-,"31,299.00","314,136.88","245,889.50","60,719.80","7,527.58","41,314.68",24.6,20.8,3.8,,
足立,組合,花畑鷲宿,足立区花畑町の一部（足立区花畑六丁目、七丁目の各一部）,6.3,1.3,―,S42.4.1,S46.12.1,S47.5.1,,,,,,,,,,26.5,23.3,3.1,,
足立,組合,江北北部,足立区加賀皿沼町、谷在家町、北堀之内町、上沼田町、北鹿浜町、入谷町、舎人町の各一部（足立区加賀二丁目、皿沼一丁目、二丁目、鹿浜八丁目、谷在家三丁目の全部及び加賀一丁目、鹿浜五丁目から七丁目、谷在家一丁目、二丁目、皿沼三丁目、入谷七丁目、入谷町、舎人町、西伊興町一丁目の各一部）,152.1,132.8,―,S42.4.18,H12.4.10,H13.12.27,"116,562.75","87,311.75",204,"29,047.00","449,389.39","359,744.06","79,175.14","10,470.19","37,734.80",26.9,24.1,2.6,,
足立,組合,花畑東部,足立区花畑町、保木間町の各一部（足立区保木間町、花畑町、花畑一丁目、南花畑一丁目、三丁目、五丁目の各一部）,97.1,70.6,―,S42.11.25,H22.8.20,H27.3.13,"94,488.19","47,330.09",-,"47,158.10","262,516.27","206,954.21","44,363.02","11,199.04","31,514.25",22.8,19.2,3.6,,
足立,組合,下谷中,足立区下谷中町、上谷中町、北山谷町、●●寺町の各一部（足立区谷中一丁目、二丁目、綾瀬六丁目、七丁目の各一部）,19,7.9,―,S43.5.4,S51.7.2,S52.6.4,,,,,,,,,,30.6,26.2,4.3,,
足立,組合,中川,足立区佐野二丁目、辰沼一丁目の全部及び辰沼二丁目、六木一丁目、谷中五丁目、大谷田五丁目の各一部,48.6,24.3,―,S43.5.11,S58.10.8,S60.7.1,,,,,,,,,,22,17.1,4.9,,
足立,組合,大谷田上,足立区大谷田町、佐野町、上谷中町、先●町、神明町の各一部（足立区大谷田二丁目、四丁目、五丁目、谷中五丁目、佐野一丁目の各一部）,35.2,38.6,―,S43.6.20,H6.5.26,H8.1.18,,,,,,,,,,28.9,24.1,4.8,,
足立,組合,大谷田谷中,足立区谷中三丁目の全部及び谷中二丁目、四丁目、大谷田三丁目、四丁目、五丁目の各一部,52.8,32,―,S43.6.20,S59.3.30,S60.7.16,,,,,,,,,,26.1,19.6,6.5,,
足立,組合,栗原・六月町(第二工区）,足立区栗原町、西新井町の各一部（足立区栗原三丁目、四丁目の各一部）,24.5,34.3,S44.5.8,S45.7.8,H6.6.1,H7.10.23,,,,,,,,,,20,16.9,3.2,,
足立,組合,六木,足立区六木町、神明町の各一部（足立区六木三丁目）,27.9,25.6,S44.5.8,S47.4.1,S62.7.1,H1.1.25,,,,,,,,,,25.1,18.8,6.3,,
足立,組合,桑袋,足立区花畑八丁目の一部,5.9,33.5,S44.5.8,S61.9.11,H16.2.2,H16.3.18,"3,530.95","2,722.93",-,808.02,"16,747.23","11,218.40","4,720.81",808.02,"4,507.29",32,23.8,8.1,,
足立,都市機構,竹の塚,東京都足立区,100,8.9,S34.3.31,S36.1.26,S42.3.31,,,,,,,,,,,16.9,11.3,5.6,,
葛飾,個人,東新小岩二丁目,葛飾区東新小岩二丁目の一部,2,3.7,S44.5.8,H11.5.12,H12.10.27,H13.3.14,,,,,,,,,,19.1,19.1,―,○,
葛飾,個人,葛飾区新宿六丁目,葛飾区新宿六丁目、南水元一丁目の各一部,23.9,59.1,―,H18.2.8,H19.12.19,H20.2.6,,,,,,,,,,18.4,10,8.4,,
葛飾,組合,上千葉砂原町,葛飾区亀有一丁目、砂原町、上千葉町の各一部,45.8,5.5,―,S34.8.29,S44.6.26,S45.1.23,,,,,,,,,,21.7,15.8,5.9,,
葛飾,組合,奥戸,葛飾区細田町、奥戸新町、奥戸本町、高砂一丁目の各一部,45.1,15.1,―,S37.2.15,S49.9.2,S52.3.31,,,,,,,,,,29.7,2.3,6.4,,
葛飾,組合,鎌倉町,葛飾区鎌倉町の一部,9.9,2,―,S39.9.30,S43.11.14,S44.4.12,,,,,,,,,,26.7,25.2,1.6,,
葛飾,組合,水元第一,葛飾区水元小合町、水元小合新町、水元小合上町、水元猿町の各一部,109,27.5,―,S42.9.12,H5.8.10,H6.3.28,,,,,,,,,,1.3,-0.5,1.9,,
葛飾,組合,上新,葛飾区水元小合上町、水元小合新町の各一部,17.4,13.7,S44.5.8,S49.12.3,S59.6.18,S59.12.12,,,,,,,,,,17,11.1,5.9,,
葛飾,組合,奥戸四丁目,葛飾区奥戸四丁目、東新小岩四丁目の各一部,7.8,10,S44.5.8,S61.1.21,H5.4.12,H5.11.19,,,,,,,,,,6.7,4.7,2.1,,
江戸川,個人,西葛西二丁目,江戸川区西葛西二丁目の一部,1.7,0.5,S40.6.18,H11.10.15,H12.5.26,H14.1.9,,,,,,,,,,0,0,―,,
江戸川,組合,新堀,江戸川区一之江一丁目、春江町一丁目、西瑞江一丁目の各一部,33.1,14.3,―,S42.9.12,S54.11.30,S55.7.28,,,,,,,,,,23.9,19,4.8,,
江戸川,組合,東小松川南,江戸川区東小松川一丁目及び東船堀町の各一部,7.5,3.5,―,S42.11.25,S46.8.23,S47.12.5,,,,,,,,,,29.8,18.9,11,,
江戸川,組合,東小松川北,江戸川区東小松川二丁目の一部,6.2,2.3,―,S42.11.25,S48.11.2,S49.5.20,,,,,,,,,,26.5,17.7,8.8,,
江戸川,組合,宇喜田,江戸川区宇喜田町、長島町、桑川町の各一部,68.3,44,―,S42.12.28,S61.5.23,S62.3.30,,,,,,,,,,23.4,15.8,7.6,,
江戸川,組合,小島,江戸川区小島町一丁目、二丁目、新田一丁目、二丁目、宇喜田町の各一部,94.5,45.5,―,S42.12.28,S56.5.27,S57.3.17,,,,,,,,,,24.1,19,5.1,,
江戸川,組合,新田,江戸川区新田一丁目、二丁目、葛西一丁目、二丁目、宇喜田町の各一部,86.2,46.4,―,S42.12.28,S60.6.28,S61.1.31,,,,,,,,,,24,19.1,5,,
江戸川,組合,長島,江戸川区長島町、宇喜田町、葛西一丁目の各一部,42.2,14.7,―,S42.12.28,S56.3.3,S56.7.25,,,,,,,,,,17.8,11.6,6.2,,
江戸川,組合,葛西,江戸川区葛西一丁目、長島町の各一部,93,166.5,S40.6.18,S44.12.6,H22.1.8,H25.5.21,"107,076.46","28,521.14",-,"78,555.32","290,406.47","261,470.09","28,936.38",-,"30,201.42",26,22.3,3.7,○,
江戸川,組合,堀江,江戸川区堀江町の全域,152.3,122.7,S40.6.18,S45.5.20,S57.10.12,S58.3.31,,,,,,,,,,28.3,23.2,5.1,,
江戸川,組合,春江,江戸川区春江町二丁目及び西瑞江一丁目の各一部,40.4,45.7,S44.5.8,S46.12.28,H4.8.27,H6.3.28,,,,,,,,,,13.9,10.3,3.6,,
江戸川,組合,小岩陣地,江戸川区東小岩一丁目、南小岩二丁目、鹿骨町、西篠崎町、北篠崎町の各一部,12.3,0.4,―,S54.1.11,S54.9.10,S55.7.29,,,,,,,,,,8.1,8.1,―,,
江戸川,組合,東葛西,江戸川区東葛西八丁目、九丁目の各一部,38.9,83.6,S40.6.18,S62.8.10,H21.4.28,H24.1.16,"54,290.52","9,340.41",-,"44,950.11","72,948.01","55,035.12","11,925.13","5,987.76","12,073.52",9.1,5.6,3.5,○,
江戸川,組合,西篠崎,江戸川区西篠崎一丁目、二丁目の各一部,2.9,0.9,S44.5.8,H18.12.25,H24.6.6,H26.3.28,"8,090.84","2,246.62","5,126.00",718.22,"9,882.00","5,052.00","4,830.00",-,-,3.4,3.4,―,○,
八王子,個人,大和田台,八王子市大和田町字中原の全部及び字石川道、上山之上、宅地通、上宅地添（八王子市富士見町）,14.9,1.3,―,S35.2.25,S35.6.28,S37.5.17,,,,,,,,,,23,23,―,,
八王子,個人,南楢原,八王子市楢原町（清川町）,14.3,1.6,―,S39.12.15,S40.2.20,,,,,,,,,,,23.9,23.9,―,,
八王子,個人,戸吹北,八王子市戸吹町の一部,23.2,19.9,H19.12.27,H20.4.14,H22.1.27,H22.6.25,,,,,,,,,,6.4,6.4,―,,
八王子,個人,叶谷東部,八王子市叶谷町の一部,1.1,2.1,―,H21.6.12,H22.11.22,H23.2.28,,,,,,,,,,48.4,21,27.3,,
八王子,個人,大塚望地,八王子市大塚、鹿島の各一部,0.7,3,―,H24.2.23,H26.4.14,H26.7.14,,,,,,,,,,60.6,22.2,38.5,,
八王子,組合,大塚,八王子市大塚字１、字3、字10～14、字19、字20の各一部（八王子市大塚の一部）,18.6,20.7,―,S48.8.16,S55.2.14,S55.11.11,,,,,,,,,,35.2,26.6,8.6,,
八王子,組合,長沼,八王子市長沼町の一部,4.9,7,―,S54.3.10,S57.8.31,S57.11.8,,,,,,,,,,20.9,15.3,5.6,,
八王子,組合,駒木野,八王子市裏高尾町の一部,3.1,5.2,―,S56.3.31,S59.5.15,S59.5.19,,,,,,,,,,32.3,17.5,14.8,,
八王子,組合,長房,八王子市長房町の一部,1.9,3.6,―,S56.3.31,S58.11.25,S59.3.12,,,,,,,,,,31.2,19.9,11.3,,
八王子,組合,八王子市片倉,八王子市片倉町、打越町の各一部,26.4,82.6,S57.1.21,S57.2.27,H6.1.14,H7.3.15,,,,,,,,,,29.1,22.2,6.9,,
八王子,組合,寺田中央,八王子市寺田町の一部,3.5,6.4,―,S59.6.1,S62.10.31,S63.3.31,,,,,,,,,,25.8,13.3,12.5,,
八王子,組合,釜貫,八王子市片倉町の一部,10.7,57.7,―,S63.3.23,H7.9.22,H8.3.29,,,,,,,,,,35,24.1,10.9,,
八王子,組合,天野,八王子市大塚、東中野一号、二号、三号の各一部（八王子市大塚、東中野の各一部）,7.1,40.2,―,H1.6.16,H9.11.28,H10.3.31,,,,,,,,,,29.4,27.1,2.3,,
八王子,組合,天野谷戸,八王子市大塚、東中野三号～七号までの各一部（八王子市大塚、東中野の各一部）,10.6,58.6,―,H1.9.21,H9.11.28,H10.3.27,,,,,,,,,,38.7,28.2,10.5,,
八王子,組合,小比企・時田,八王子市木比企町、片倉町の各一部,9.3,30.5,―,H2.11.5,H11.11.19,H12.3.28,,,,,,,,,,29.5,21.3,8.2,,
八王子,組合,楢原東部,八王子市楢原町の一部,6.4,19.7,―,H4.3.25,H8.10.11,H9.3.31,,,,,,,,,,31.4,24.2,7.2,,
八王子,組合,楢原西部,八王子市楢原町、犬目町の各一部,7.8,11.7,―,H14.10.8,H21.5.15,H21.9.28,"3,737.49","3,737.49",-,-,"17,861.68","13,461.02","4,400.66",-,"9,032.67",31.4,19.2,12.2,○,
八王子,組合,八王子インター北,八王子市左入町、梅坪町、滝山町一丁目の各一部,15.4,45.1,―,H25.1.23,H28.3.11,H29.6.14,"9,663.61","9,029.23",,634.38,"30,277.92","19,310.43","10,195.69",771.8,"36,699.00",39.7,14.3,25.4,,
八王子,都市機構,北八王子,東京都八王子市,107,2.7,S34.8.27,S36.3.10,S41.3.8,,,,,,,,,,,25,7.2,17.8,,
八王子,都市機構,宇津木台,東京都八王子市,77,185.3,S55.1.22,S56.7.15,S63.5.31,,,,,,,,,,,38.1,33.9,4.2,,
八王子,都市機構,南八王子,東京都八王子市,394.3,"2,560.30",S60.12.10,S63.10.8,H20.3.28,,,,,,,,,,,43.7,36.1,7.6,○,
八王子,住宅供給公社,打越南部,八王子市北野台五丁目、打越町の各一部,19.8,"5,704.30",S63.6.17,H1.4.10,H9.8.18,,,,,,,,,,,48.1,41.1,7,,公社施行
立川,都市機構,立川基地跡地関連,立川市緑町、泉町、?松町一丁目、三丁目の各一部,58.8,210.8,H7.5.15,H9.3.31,H18.12.11,,,,,,,,,,,22.5,19.5,3,○,
昭島/立川,都市機構,立川基地跡地昭島,昭島市福島町、築地町、中神町及び立川市泉町の各一部,66.1,101.1,H24.3.2,H25.1.24,H30.12.19,,23275,15201,-,8074,223878,99397,65144,59337,57513,41.4,31.5,10,,
青梅,組合,青梅,青梅市大字勝沼、大字河辺、大字東青梅の各一部,56.7,2.3,―,S28.12.24,S39.11.5,,,,,,,,,,,22.9,17.4,5.5,,
,組合,城前,青梅市師岡字筑間、字城前、字大塚、勝沼字柿沢の各一部（青梅市大字師岡の一部）,12.7,2.6,―,S40.6.8,S47.1.31,S47.5.22,,,,,,,,,,22.1,12.9,9.2,,
青梅,都市機構,青梅羽村,東京都青梅市・羽村市,166.2,6.8,S36.12.25,S39.1.16,S41.8.1,,,,,,,,,,,18.8,5.8,13,,
府中,個人,府中市小野宮農住組合,府中市住吉町三丁目の一部,1.6,5.5,―,H9.9.24,H12.9.29,H13.3.16,,,,,,,,,,31.8,22.2,9.6,,
府中,組合,府中市四谷三丁目,府中市四谷三丁目の一部,3,3.8,S40.6.7,S56.3.9,S58.11.30,S59.3.24,,,,,,,,,,29.2,27.9,1.3,,
府中,組合,西府,府中市西府町一丁目、二丁目、本宿町一丁目、二丁目、日新町一丁目の各一部,12.8,8.5,―,H15.3.12,H25.8.16,H26.5.12,"19,093.82","15,647.39",-,"3,446.43","37,172.73","26,146.60","7,705.78","3,320.35","8,072.44",24,16.6,7.4,○,
府中,組合,日新町四丁目,府中市日新町四丁目の一部,4.2,8.9,S40.6.18,H22.4.28,H26.8.29,H27.6.12,"6,940.03","4,579.44",-,"2,360.59","12,430.30","9,578.76","2,550.49",301.05,"3,950.04",26.7,15.5,11.2,,
昭島,個人,福島町矢崎地区,昭島市福島町二丁目の一部,1.5,4.3,―,H26.8.7,H29.2.7,H29.3.24,"1,457.30",804.76,-,652.54,"3,791.35","2,850.87",-,940.48,"3,506.33",41.2,16.6,24.7,,
調布,組合,仙川駅南,調布市仙川町一丁目の一部,2.3,5.9,―,H8.2.26,H11.10.29,H11.12.1,,,,,,,,,,22.1,20.7,1.4,,
調布,組合,布田六丁目,調布市布田六丁目の一部,2.8,5.1,―,H13.7.26,H17.1.11,H17.3.31,"1,875.39","1,402.67",-,472.72,"6,149.52","4,441.54",853.99,853.99,"1,110.14",20.3,16.1,4.2,,
調布,組合,調布市国領北浦,調布市国領町四丁目の一部,1,3.5,―,H25.4.30,H26.12.19,H27.3.13,609.43,609.43,-,-,"3,146.48","2,518.46",628.02,-,"1,010.29",36.1,25.8,10.3,,
町田,個人,三蔵寺橋,町田市高ヶ坂字2号の一部（町田市高ヶ坂三丁目１６２の一部、２１０、２１１及び２１５）,1,2,―,H12.12.28,H14.6.25,H14.10.11,,,,,,,,,,54.3,37,17.3,,
町田,個人,能ヶ谷藤の木,町田市能ヶ谷町字三号の一部（町田市能ヶ谷三丁目の一部）,0.6,3,―,H21.2.13,H23.2.18,H23.3.24,776.82,651.72,-,125.1,"2,371.94","2,011.29",360.65,-,"1,265.21",54.7,30.5,24.2,,
町田,個人,南町田駅周辺地区,町田市鶴間二丁目、三丁目の各一部,18.2,40.7,H28.8.5,H28.11.28,R4.7.20,R4.9.30,"82,747.51","19,788.39","59,898.92","6,060.20","83,032.69","15,280.80","65,623.25","2,128.64",－,0.3,0.3,―,,
町田,組合,小川第一,町田市小川字4号、字16号～18号までの全部及び小川字１号～字3号、字5号、字9号、字13号～15号、成瀬字1号の各一部（町田市つくし野一、三、四丁目及びつくし野二丁目の各一部）,95.1,11.4,―,S40.7.6,S43.10.15,S44.4.10,,,,,,,,,,37.8,16.3,21.5,,
町田,組合,小川第二,町田市小川の一部（町田市南つくし野一丁目から四丁目、つくし野二丁目及び小川一、四丁目の各一部）,70.6,15.2,―,S43.10.1,S46.11.1,S47.5.22,,,,,,,,,,41.1,20.1,20.9,,
町田,組合,真光寺広袴,町田市真光寺二、三丁目、広袴一丁目から三丁目の各一部（町田市真光寺二、三丁目、広袴一丁目から三丁目の各一部）,22.1,29.3,―,S44.7.1,H11.2.26,H12.3.28,,,,,,,,,,26.9,18.3,8.6,,
町田,組合,小川蜂谷戸,町田市小川字3号、字5号、字6号、字7号、金森字13号の各一部（町田市小川一丁目から四丁目の各一部）,30.6,12.1,―,S44.8.25,S47.10.24,S49.4.21,,,,,,,,,,42.9,19.9,22.9,,
町田,組合,成瀬,町田市成瀬台一丁目、三丁目、四丁目の全部及び成瀬台二丁目、成瀬一丁目、二丁目の各一部（町田市成瀬台一、三、四丁目及び成瀬台二丁目及び成瀬一、三丁目の各一部）,92.2,43.5,―,S45.3.6,S50.10.20,S51.4.22,,,,,,,,,,46.5,18.3,28.3,,
町田,組合,小川蜂谷戸第二,町田市小川町5号、6号、7号、金森12号の各一部（町田市小川一丁目から四丁目の各一部）,22.4,13.5,―,S45.12.19,S49.3.19,S49.7.17,,,,,,,,,,46.5,19.4,27.8,,
町田,組合,南町田第一,町田市鶴間字8号～12号、字17号、字18号の各一部（町田市鶴間二、三丁目及び鶴間一丁目の一部）,38.9,18.4,―,S47.5.13,S50.4.9,S50.12.23,,,,,,,,,,45.6,31.7,13.9,,
町田,組合,成瀬南,町田市成瀬字２号、字7号、字８号の全部及び成瀬字１号、字３号から６号、字8号から１１号、字３１号、字３２号、小川字２号、字３号の各一部（町田市南成瀬一、三から七丁目、南成瀬二、八丁目及び成瀬が丘一から三丁目の各一部）,99.8,120.5,―,S47.9.1,S54.6.9,S55.10.24,,,,,,,,,,41.8,20.4,21.4,,
町田,組合,成瀬中央,町田市成瀬字１５号、字１６号、字２８号、字２９号、字３０号の各一部（町田市成瀬一、二丁目の各一部,23.2,33.3,―,S48.4.12,S54.3.3,S54.11.10,,,,,,,,,,53,20.4,32.5,,
町田,組合,南町田第二,町田市鶴間字6号～字9号の一部（町田市鶴間一丁目の一部）,4.3,3.9,―,S52.9.7,S54.6.4,S54.10.6,,,,,,,,,,30.3,17.1,13.2,,
町田,組合,上谷戸,町田市金森字７号、字１３号の各一部（町田市金森１１００から金森１１０３）,1.7,2.9,―,S53.9.20,S54.4.7,S54.11.21,,,,,,,,,,40.6,15.9,24.7,,
町田,組合,成瀬西,町田市成瀬字１２号から１４号、字１６号の各一部（町田市成瀬一丁目の一部及び成瀬２１８０から３０５０）,15.6,43.8,―,S54.8.10,S59.11.22,S60.3.27,,,,,,,,,,53.4,25.7,27.6,,
町田,組合,三輪,町田市三輪町字１６号から１８号、字２０号、字２３号から２９号の各一部（町田市三輪緑山一丁目から四丁目の各一部）,71.3,166.1,―,S56.10.29,S63.11.26,H1.3.29,,,,,,,,,,42.8,26.8,16,,
町田,組合,竹桜,町田市下小山田町字鳥居松の全部及び字宮の前、字金原、字向台、字富貴谷、字熊の堂、字谷、字竹の内の各一部（町田市下小山田町４０００から４０３６）,9.9,22.6,―,S57.10.5,S61.12.4,S62.11.18,,,,,,,,,,57.6,32.9,24.7,,
町田,組合,高ヶ坂,町田市高ヶ坂字６号から８号、成瀬字１０号の各一部（町田市南成瀬二丁目、高ヶ坂七丁目の一部）,6.2,22.6,―,S58.6.29,H1.1.21,H1.3.29,,,,,,,,,,43.5,34.6,8.9,,
町田,組合,馬駈,町田市図師町字3号、字7号、忠生四丁目の各一部（町田市図師町字三号５８４から６１６）,6.8,23.2,―,S58.10.8,H1.1.28,H1.3.29,,,,,,,,,,36.7,24.1,12.7,,
町田,組合,京浜団地,町田市小川字２号、字３号、字６号、字７号、成瀬字4号、字8～10号、金森字７号、字１３号の各一部（町田市成瀬が丘一から三丁目、小川一、二丁目の一部及び金森１８７９、１９２４）,31,2.5,―,S60.4.18,S61.11.15,H1.2.13,,,,,,,,,,16.1,16.1,―,,
町田,組合,金井,町田市金井町字８号から１０号、字２４号から２６号の各一部（町田市金井一、二丁目の各一部）,18.7,81.4,―,S60.7.8,H3.10.11,H4.3.19,,,,,,,,,,49.8,31.1,18.7,,
町田,組合,金井関山,町田市金井町字３号から５号、字９号、大蔵町字関山、野津田町字川島の各一部（町田市金井三、四丁目、薬師台三丁目の各一部、大蔵町字関山３１７８から３１８４及び野津田町字川島３５３１から３５６０）,27.4,119.9,―,S62.2.10,H6.1.14,H6.3.30,,,,,,,,,,51,33.5,17.5,,
町田,組合,下小山田,町田市下小山田町字丁八反、字山谷、字御新造、字清長寺谷、字罕場及び字枝畠の各一部（町田市下小山田町２７２０から２８１０）,14.5,62.5,―,H2.11.30,H9.1.31,H9.3.31,,,,,,,,,,49,33.4,15.6,,
町田,組合,成瀬東,町田市成瀬字２７号及び字２８号の各一部（町田市成瀬台二丁目及び成瀬三丁目の各一部）,13.2,54.4,―,H3.9.3,H8.9.6,H9.3.24,,,,,,,,,,47.1,42.2,4.9,,
町田,組合,三輪沢谷戸,町田市三輪緑山一丁目、四丁目の各一部（町田市三輪緑山一丁目、四丁目の各一部）,18.1,75,―,H5.10.12,H9.10.31,H10.3.27,,,,,,,,,,53,39.3,13.7,,
町田,組合,野津田中央,町田市野津田町字田中前及び字袋の各一部（町田市野津田町２５３４から２５４４）,4.1,17.2,―,H5.10.12,H11.2.19,H13.9.6,,,,,,,,,,46.5,28.7,17.8,,
町田,組合,野津田薬師池下,町田市野津田町字田中前の一部（町田市野津田町字田中前２４０５から２４１５）,3.5,11.5,―,H5.12.21,H11.2.5,H11.9.8,,,,,,,,,,40.7,30.3,10.4,,
町田,組合,上小山田杉谷戸,町田市上小山田町字一号、字四号、字五号、字十三号、字十九号の各一部（町田市上小山田町３０００から３０９３）,22.9,103.6,―,H6.9.1,H20.4.18,H20.9.30,"18,623.65","10,719.12",-,"7,904.53","87,929.58","44,117.56","37,690.01","6,122.01","58,080.80",60.5,32.9,27.6,○,
町田,組合,相原町根岸,町田市相原町字根岸の一部（町田市相原町字根岸２８９０から２８９８）,1.9,7.3,―,H7.11.1,H11.6.11,H11.11.29,,,,,,,,,,41.8,21.2,20.6,,
町田,組合,小山町馬場,町田市小山町字二号から字四号の各一部（町田市小山町４６５０から４６９２）,5.6,40,―,H7.12.6,H17.9.9,H17.12.15,"4,364.28","2,582.45",-,"1,781.83","21,135.33","11,524.12","4,090.40","5,520.81","21,794.04",75,32.6,42.4,,
町田,組合,能ヶ谷東部,町田市能ヶ谷町字四号から字七号、字一六号の各一部（町田市能ヶ谷四、五、六丁目の各一部）,25.2,118.2,―,H9.3.6,H16.2.27,H16.8.23,,,,,,,,,,56.2,39.8,16.4,○,
町田,組合,能ヶ谷,町田市能ヶ谷町及び広袴町の各一部（町田市能ヶ谷四、六、七丁目の各一部及び広袴町９００）,7.2,39.6,―,H9.9.11,H14.11.8,H15.3.18,,,,,,,,,,46.5,23.3,23.2,,
町田,組合,木曽横町,町田市木曽町の一部（町田市木曽西四丁目１５４８から１６２１）,1,3.2,―,H9.9.11,H11.9.22,H12.1.12,,,,,,,,,,38.7,23.8,14.9,,
町田,組合,金井中央,町田市金井五丁目の一部（町田市金井五丁目の一部）,5.4,33.2,―,H12.11.9,H17.4.25,H17.9.13,,,,,,,,,,67.4,28.6,38.8,○,
町田,組合,小山町田端,町田市小山町字三十号、字三十一号の各一部（町田市小山町４６００から４６０９）,1.7,11.1,―,H13.2.15,H17.2.10,H17.3.31,,,,,,,,,,69.5,28.6,40.9,○,
町田,組合,野津田丸山,町田市野津田町字丸山、山崎町字五号の各一部（町田市野津田町３５７０から３５８５、山崎町９５１）,3.6,9.2,―,H13.3.16,H18.10.20,H19.2.28,,,,,,,,,,60,35.3,24.7,○,
町田,組合,大蔵,町田市大蔵町字関山、野津田町字川島の各一部（町田市大蔵町３５００から３５１１、野津田町字川島３６００から３６０４）,2.5,17.3,―,H13.7.19,H16.2.6,H16.8.18,,,,,,,,,,61.1,33.4,27.8,,
町田,組合,小山御嶽堂沼,町田市小山町字九号、字十号、字十七号の各一部（町田市小山町５０００から５０５１）,8.3,35.9,―,H14.9.17,H20.2.15,H20.5.27,"6,570.45","2,154.75",-,"4,415.70","24,455.97","17,145.93","3,788.99","3,521.05","21,877.40",52,23.4,28.6,○,
町田,組合,木曽境川,町田市木曽町字十三号の一部（町田市木曽西一丁目の一部,1.9,6.9,―,H17.9.2,H21.1.16,H21.3.12,,,,,,,,,,49.7,22.8,26.9,○,
町田,組合,山崎町横峰,町田市山崎町字十号、字十四号、字十五号の各一部（町田市山崎町３５００から３５１２）,3.4,14.6,―,H17.9.2,H21.9.11,H22.2.1,"2,761.20",782.92,-,"1,978.28","12,757.81","7,918.51","1,406.58","3,432.72","14,238.90",77.4,31.9,45.5,,
町田,組合,小山片所,町田市小山町字二十一号の一部及び小山ヶ丘三丁目の一部,3.3,20.8,―,H27.5.19,R2.10.30,R3.2.26,"2,311.32","1,544.64",-,766.68,"9,472.83","6,977.59","1,563.76",931.48,"13,566.12",68.5,23.7,44.8,,
町田,組合,野津田東,町田市野津田町字松葉、綾部前、袋、川島、袋ノ上の各一部,17.7,111.1,―,H10.5.21,R2.1.17,R4.3.10,"12,638.35","6,963.11",-,"5,675.24","66,524.28","36,407.93","9,477.03","20,639.32","69,056.86",74.8,32.8,42,,
町田,都市機構,鶴川,東京都町田市,121.3,20.4,S38.3.29,S39.9.1,S43.7.31,,,,,,,,,,,42.8,16,26.8,,
町田,都市機構,鶴川第二,東京都町田市,64.3,619.2,S61.1.21,S62.4.25,H15.5.30,,,,,,,,,,,48,37.1,10.9,,
小金井,個人,小金井市東町二丁目,小金井市東町二丁目の一部,1,2,―,H26.9.30,H30.5.18,H31.1.29,232,232,-,-,"2,048.76","1,420.66",628.1,-,508.34,22.9,17.9,5,,
小平,組合,小平市栄町,小平市栄町、小川西町の各一部,22.9,36.7,S59.7.16,S59.11.1,H5.4.23,H6.3.10,"6,178.86","6,178.86",-,-,"78,448.33","64,468.85","9,232.72","4,746.76","3,102.04",33.8,32.4,1.4,,
小平,組合,小平市小川西町,小平市小川西町五丁目の一部,7.4,14.9,―,H6.8.30,H12.6.23,H12.12.5,,,,,,,,,,28.3,25,3.3,,
小平,組合,小平市小川町一丁目,小平市小川町一丁目の一部,18,42,―,H17.1.27,H25.9.13,H26.4.22,"5,366.88","4,120.49",-,"1,246.39","55,748.64","44,928.29","9,099.56","1,720.79","15,396.59",37.6,28.8,8.8,○,
小平,組合,小平市小川四番,小平市小川町一丁目の一部,2.3,9,―,H29.10.6,R3.12.10,R4.3.30,"1,664.58","1,450.34",-,214.24,"6,579.60","4,428.41","1,341.07",810.12,"4,665.14",43.9,22.5,21.4,,
日野,個人,平山七生台（第一工区）,日野市平山、南平の各一部,29.6,9.6,―,S44.8.29,S48.1.27,S49.10.8,,,,,,,,,,29.6,29.6,―,,
日野,個人,平山七生台（第二工区）,日野市平山、南平の各一部,21.9,5.7,―,S44.8.29,S49.6.29,S49.10.8,,,,,,,,,,28.4,28.4,―,,
日野,個人,日野市下河内農住組合,日野市百草、落川の各一部,3,6.8,―,S63.2.22,H3.9.11,H4.3.19,,,,,,,,,,25.7,21.5,4.2,,
日野,組合,吹上団地,日野市豊田字築、字宮根、字吹上、字下黒川、字上黒川の各一部（日野市豊田の一部）,27.6,5,―,S39.6.20,S47.6.30,S48.3.17,,,,,,,,,,30.2,23.1,7.1,,
日野,組合,日野市平山下耕地,日野市平山四丁目の一部,12.6,17.4,―,S55.7.29,S60.7.31,S61.1.27,,,,,,,,,,26.8,18.7,8,,
日野,組合,日野市金田,日野市落川、三沢の各一部,4.4,6.1,―,S56.2.18,S59.3.31,S59.10.31,,,,,,,,,,27.6,19.8,7.9,,
日野,組合,日野市南平,日野市南平四丁目、五丁目、七丁目の各一部,4,16.7,―,H1.8.18,H14.5.17,H14.7.23,"3,973.71","1,944.31",-,"2,029.40","14,109.49","12,142.40","1,370.09",597,308.79,29.3,28.4,0.9,,
日野,組合,日野市四ツ谷前,日野市栄町一丁目、二丁目の各一部,6.2,26.6,―,H3.11.13,H15.7.4,H15.10.16,"5,182.58","2,934.51",-,"2,248.07","21,974.91","18,785.33","2,753.77",435.81,636.55,30.6,29.5,1.1,○,
日野,組合,日野市落川,日野市落川、百草の各一部,5,22.5,―,H5.3.12,H14.9.13,H14.12.16,,,,,,,,,,31.8,18,13.8,,
日野,組合,日野市東光寺上第１,日野市新町四丁目、五丁目、栄町五丁目の各一部,18.8,38.2,S40.6.7,H5.12.3,H21.8.21,H22.1.18,"17,735.00","14,981.50","1,394.00","1,359.50","62,219.43","45,342.35","11,804.01","5,073.07","9,417.30",31.7,26.2,5.5,○,
日野,組合,日野市東光寺上第２,日野市新町五丁目、栄町五丁目の各一部,6,15.3,―,H5.12.3,H15.6.27,H15.12.18,"3,370.83","2,354.92",-,"1,015.91","14,036.22","11,187.49","2,005.37",843.36,"6,127.86",29.8,18.9,10.9,○,
日野,組合,日野市日野駅北,日野市新町一丁目、栄町一丁目の各一部,3.9,32.1,S40.6.7,H6.10.4,H21.10.30,H22.3.2,"5,902.76","4,584.22",-,"1,336.54","13,548.58","11,309.59","1,950.90",288.09,"2,743.23",31.5,23.2,8.3,○,
日野,組合,日野市百草園駅北,日野市落川、三沢の各一部,2.2,8.4,―,H6.10.19,H13.10.26,H14.2.28,,,,,,,,,,32.4,20.5,11.9,,
日野,組合,日野市新町,日野市新町一丁目、三丁目の各一部,5.4,16.2,S40.6.7,H6.11.7,H16.10.1,H17.1.17,"5,658.31","3,341.20",-,"2,317.11","15,255.36","10,124.83","2,518.69","2,611.84","5,002.56",30.5,20.1,10.5,,
日野,組合,日野市東豊田,日野市東豊田一丁目、二丁目の各一部,7.2,22.1,―,H8.1.16,H20.11.28,H21.2.13,"7,921.08","4,103.49",-,"3,817.59","21,675.51","17,039.92","2,880.66","1,754.93","6,116.89",31.1,21.5,9.6,○,
日野,組合,日野市平山,日野市平山五丁目の一部,4.7,15.7,―,H14.11.1,H21.12.11,H22.3.17,"6,568.84","2,197.69",-,"4,371.15","12,727.48","9,292.92","2,101.21","1,333.35","5,873.67",30.1,15.4,14.7,○,
日野,組合,日野市日野台二丁目,日野市日野台二丁目、新町四丁目の各一部,0.8,2.5,S40.6.7,H21.1.13,H22.10.29,H23.2.25,636.76,636.76,-,-,"2,707.20","2,190.52",516.68,-,"1,512.78",45.6,26.3,19.3,○,
日野,組合,日野市落川河原,日野市落川の一部,1.4,4.1,―,H22.1.12,H25.1.25,H25.7.10,"1,230.63",368.53,-,862.1,"3,646.49","2,641.42",588.83,416.24,"2,026.58",35.7,19.4,16.3,,
日野,都市機構,豊田,東京都日野市,132.9,6.2,S31.4.13,S32.3.18,S40.4.27,,,,,,,,,,,34.3,16,18.3,,
東村山,個人,久米川駅北口地区,東村山市栄町一丁目の一部,0.3,6,―,H18.4.12,H19.8.31,H19.9.28,720.13,720.13,-,-,"1,285.65","1,285.65",-,-,-,24.1,24.1,―,,
東村山/東久留米,組合,恩多柳窪,東村山市恩多町一丁目、東久留米市柳窪四丁目、五丁目の各一部,8.9,10.3,―,S55.9.8,S60.2.7,S60.3.30,,,,,,,,,,25.3,21.8,3.6,,
東村山,組合,東村山諏訪,東村山市諏訪町二丁目、三丁目、野口町四丁目の各一部,11.2,20.9,―,S56.8.4,S60.10.31,S61.1.21,,,,,,,,,,32.7,20.1,12.5,,
東村山,組合,東村山駅東口,東村山市本町二丁目の一部,1.2,3.7,―,H3.12.18,H7.6.30,H8.3.12,,,,,,,,,,21.4,19,2.4,,
東村山,組合,久米川南,東村山市久米川町四丁目の一部,1.7,3.6,―,H8.3.18,H10.12.2,H11.3.31,820.08,820.08,-,-,"3,491.09","2,812.41",678.68,-,945.62,22.8,16.8,6,,
東村山,組合,東村山市廻田町一丁目,東村山市廻田町一丁目の一部,1.1,3.9,―,H28.1.18,H29.8.17,H29.12.22,474.26,474.26,-,-,"3,012.15","2,362.71",649.44,-,"2,160.90",45.4,24.5,20.9,,
国立,組合,谷保第一,国立市大字青柳字向新田、大字谷保字組ノ下、字寺ノ下、字上ノ下、字上新田、字中新田、字下新田の各一部,12.1,31.1,―,S62.1.13,H4.8.21,H5.4.14,,,,,,,,,,9.2,7.2,2,,
国立,組合,谷保第二,国立市大字谷保字下モノ下タの一部,2.6,2.9,―,H1.2.16,H3.9.3,H4.1.16,,,,,,,,,,17.2,15,2.3,,
国立,組合,国立市寺之下,国立市大字谷保字岨ノ下、字寺ノ下、字上ノ下、字上新田の各一部,12.7,41.7,―,H7.2.10,H12.7.7,H13.3.16,,,,,,,,,,26.5,26.2,0.3,,
国立,組合,国立市青柳・石田,国立市大字青柳字甲州道中北、大字石田字石田街道、字青柳入の各一部,7.4,12.7,―,H7.5.16,H11.10.8,H12.3.14,"2,534.81","2,534.81",-,-,"20,462.47","16,036.42","3,116.06","1,309.99","2,091.92",28,25,2.9,○,
国立,組合,国立市四軒在家,国立市大字谷保字栗原、字上ノ下の各一部,6.1,14.5,―,H12.4.28,H16.11.12,H17.3.9,,,,,,,,,,33.9,21.8,12.1,○,
国立,組合,国立市城山南,国立市大字谷保字出井崎、字岨ノ下、字寺ノ下の各一部,6.4,21.6,―,H21.4.22,H26.6.20,H26.12.17,"12,398.88","5,282.43",-,"7,116.45","19,125.79","12,765.17","1,909.39","4,451.23","8,852.39",30.4,13.1,17.3,,
国立,組合,国立市下新田,国立市大字谷保字下新田の一部,1.6,4.9,―,H22.4.28,H26.10.24,H27.5.12,"2,738.33",925.35,355,"1,427.98","4,428.73","3,227.52",470.12,731.09,"2,238.79",30.7,13.2,17.5,,
国立,都市機構,国立,東京都国立市,92.8,3.9,S34.8.27,S38.2.15,S40.10.28,,,,,,,,,,,20.5,13.9,6.6,,
狛江,個人,狛江市東野川四丁目,調布市入間町二丁目、三丁目、狛江市東野川三丁目、四丁目の各一部,2.4,4.1,―,H12.12.8,H14.12.20,H15.2.24,,,,,,,,,　,38,38,―,○,
狛江,組合,猪方,狛江町猪方字大河原の一部（狛江市猪方四丁目、駒井町三丁目の各一部）,5.4,0.3,―,S31.2.11,S37.12.1,S39.4.14,,,,,,,,,,34,21.6,12.4,,
狛江,組合,供養塚,狛江町駒井字供養塚の一部（狛江市駒井町三丁目の一部）,2.9,0.4,―,S33.12.18,S42.1.17,S45.3.4,,,,,,,,,,21.4,6.8,14.7,,
狛江,組合,狛江市駒井町上村中,狛江市駒井町一丁目の一部,2,5.9,―,H9.12.26,H13.2.26,H13.4.27,,,,,,,,,,28,19.4,8.6,,
東久留米,個人,東久留米駅東口,東久留米市新川町一丁目、東本町の各一部,0.6,6.3,―,H4.7.29,H9.8.6,H9.12.8,,,,,,,,,,27.9,23.4,4.6,,
東久留米,個人,東久留米市上の原,東久留米市上の原二丁目の一部,7.7,12.7,－,H28.9.9,H30.12.10,H31.3.14,-,-,-,-,"14,624.00","11,895.00","2,729.00",-,"6,999.00",28.2,19.1,9.1,,
東久留米,都市機構,久留米,東京都東久留米市、小平市,155.8,18.2,S38.10.31,S41.11.30,S44.9.2,,,,,,,,,,,28.9,15.5,13.4,,
多摩,個人,多摩市聖蹟桜ヶ丘駅北,多摩市関戸一丁目、二丁目、一ノ宮二丁目の各一部,2.6,9.6,―,H29.3.8,R2.9.3,R3.2.19,"4,251.77","2,596.22","1,495.55",160,"7,867.24","5,345.65","2,521.59",-,-,16.7,16.7,―,,
多摩,組合,桜ヶ丘駅南第一,多摩市大字関戸字古茂川、字入江、大字東寺方字３号の各一部,2.8,4.8,―,S59.9.20,S62.3.31,S62.9.22,,,,,,,,,,23.5,19.2,4.3,,
多摩,組合,多摩市連光寺本村,多摩市連光寺二丁目の一部,7.5,27.2,―,H4.11.24,H13.11.16,H14.3.19,,,,,,,,,,27.3,18.9,8.4,〇,
多摩,組合,多摩市東寺方坂下耕地,多摩市大字東寺方字一号、字二号、大字一の宮字下向田の各一部,4.8,17.4,―,H5.9.13,H12.2.25,H12.10.24,"7,309.41","3,605.78",-,"3,703.63","15,400.62","10,847.92","2,860.00","1,692.70","3,057.05",27.2,19.7,7.5,〇,
多摩,組合,多摩市和田久保下,多摩市大字和田字３号、字９号、字１０号、字１２号の各一部,9.2,30,―,H6.4.8,H15.1.17,H15.5.16,"10,741.43","3,147.39",-,"7,594.04","25,817.16","17,277.97","1,426.80","7,112.39","8,924.52",29.6,18.6,11,〇,
多摩,組合,多摩市上和田,多摩市大字和田字七号、字八号、字九合の各一部,5.1,13,―,H7.12.25,H14.12.13,H15.3.18,"3,235.72","3,016.62",-,219.1,"13,749.31","10,671.29","3,078.02",-,"3,919.54",30.1,21.9,8.2,〇,
多摩,組合,多摩市関戸古茂川,多摩市関戸二丁目、四丁目の各一部,2.4,9.2,―,H8.12.26,H17.4.15,H17.9.13,,,,,,,,,,29,21.1,7.9,〇,
稲城,個人,稲城長沼駅東,稲城市大字東長沼字四号の一部,0.5,1.8,―,R2.7.28,R3.6.17,R3.9.24,596.2,596.2,-,-,"1,216.38",981.62,85.72,149.04,774.1,31.9,14.2,-,,
稲城,組合,京王よみうりランド駅前,稲城市字根方及び字小沢峰の各一部（稲城市矢野口の一部）,3,4.2,―,S50.10.1,S55.3.31,S56.10.8,,,,,,,,,,34,28.7,5.3,,
稲城,組合,稲城市平尾,稲城市大字平尾字3号、字7号、字8号、字9号の各一部,22.5,28.1,―,S50.12.1,S56.11.28,S57.5.31,,,,,,,,,,31.5,17.3,14.3,,
稲城,組合,稲城市稲城第一,稲城市百村字1号、字1号、字2号、字11号、字16号、東長沼字7号、字8号の各一部,21,58.1,S52.6.4,S50.12.1,H2.12.1,H3.3.26,,,,,,,,,,34.2,28.6,5.6,,
稲城,組合,稲城大丸北,稲城市大丸字4号、字25号、字26号及び東長沼字17号の各一部,5.2,10.3,―,H3.12.12,H7.10.23,H8.3.29,,,,,,,,,,34.2,28.6,5.6,,
稲城,組合,稲城竪台,稲城市大字百村字三号及び字八号の各一部,7.1,41.2,H1.7.3,H4.8.3,H10.9.30,H11.4.22,,,,,,,,,,32,20.1,11.9,○,
稲城,組合,稲城大丸南,稲城市大字大丸字一号、字二号、字五号、字六号の各一部,10.1,27.7,―,H7.5.29,H18.3.3,H18.10.17,,,,,,,,,,26.6,17.3,9.2,○,
稲城,組合,稲城平尾南,稲城市平尾二丁目の一部,3.4,18.2,―,H10.3.27,H15.3.20,H15.9.24,,,,,,,,,,55,29.6,25.4,○,
稲城,組合,稲城押立第一,稲城市大字押立字上関の一部,1.3,3.1,―,H25.12.3,H27.7.10,H27.12.14,915.57,204.23,-,711.34,"3,614.57","2,560.35",790.05,264.17,"1,570.97",35.1,22.2,12.9,,
稲城,組合,稲城上平尾,稲城市大字平尾字六号、字十号、字十一号、字十二号、字十三号の各一部並びに大字坂浜字十七号、字十八号の各一部,25.1,89.1,H9.8.1,H22.7.29,H31.3.1,R4.3.3,"18,338.10","17,559.40",-,778.7,"95,639.00","59,903.60","13,511.70","22,223.70","36,387.60",48.8,33.2,15.6,,
稲城,都市機構,稲城堂ヶ谷戸,稲城市大字坂浜の一部,1.2,11,H1.7.3,H5.1.4,H9.7.15,,,,,,,,,,,32,16.2,15.8,,
稲城,個人,稲城市立稲城第一小学校南,稲城市大字東長沼字三号及び字五号の一部,0.2,0.3,―,R4.10.7,R5.10.18,R6.1.29,196.9,-,-,196.9,480.57,304.44,-,176.13,-,14.9,14.9,-,,
あきる野,組合,森山下,あきる野市草花字森山下タ、字下ﾓ川原の各一部,4.6,16.3,―,S59.9.20,H4.1.20,H4.3.19,,,,,,,,,,39.7,34.8,4.9,,
あきる野,組合,あきる野市雨間,秋川市大字雨間字一丁目、字秋留野、字上野原、字塚の下、字萩野、字北郷、大字野辺字日室塚、字七辻、字横吹、大字二宮字余田の各一部,26.8,73.3,H2.3.9,H2.7.11,H14.10.31,H17.3.31,"13,532.16","13,532.16",-,-,"76,860.04","64,860.00","12,000.04",-,"6,351.31",27.4,24.9,2.5,〇,H7.9.27秋川市雨間から名称変更
あきる野,組合,あきる野市原小宮,秋川市原小宮字代田前、字海老内、字石神、字原小宮前、字下モ小宮、字代田、平沢字塚場、字石神戸、字原小宮前、字芝際、字滝ノ上、字森ノ根、瀬戸岡字唐杉の各一部,16.8,54.3,―,H6.6.21,H20.3.19,H21.3.12,"12,743.47","12,743.47",-,-,"52,145.44","46,157.47","5,103.99",883.98,"4,183.44",27.8,25.1,2.7,〇,H7秋川市原小宮から名称変更
あきる野,組合,あきる野市初雁,あきる野市牛沼字初雁の一部,2.9,2.4,―,H28.6.1,H29.7.3,H29.9.29,74,74,-,-,"1,157.33",292.14,865.19,-,"5,300.01",22.2,3.8,18.5,,
西東京,個人,西東京市新町六丁目,西東京市新町六丁目の一部,1.6,2.6,―,H14.7.1,H15.9.24,H16.2.13,,,,,,,,,,31,23.4,7.6,○,
西東京,個人,西東京市向台町二丁目,西東京市向台町二丁目の一部,0.6,1.5,―,H17.9.2,H18.11.2,H19.3.22,,,,,,,,,,35.6,25.6,10,○,
西東京,個人,西東京市向台町五丁目,西東京市向台町五丁目の一部,0.7,1.1,―,H25.2.7,H25.12.3,H26.2.25,-,-,-,-,"1,568.10","1,348.03",220.07,-,519.91,28.6,21.5,7.1,,
西東京,個人,西東京市向台町六丁目,西東京市向台町六丁目の一部,0.4,0.8,―,H26.11.17,H27.9.1,H27.12.2,-,-,-,-,663.02,552.91,-,110.11,460.15,31.1,18.4,12.8,,
日の出,組合,三吉野桜木,西多摩郡日の出町大字平井字三吉野桜木の一部,28.9,31.5,H16.6.24,H18.4.7,H21.6.5,H21.11.30,"13,759.00","13,037.00",-,722,"51,870.34","38,866.08","8,704.81","4,299.45","43,697.75",29.7,13.9,15.9,○,
,,,※（　）は現在の地名,,,,,,,,,,,,,,,,,,,,
