,東京都　認定特定非営利活動法人一覧（令和2年2月29日現在）,,,,,,,
通番,法人名,代表者,有効期間始期,有効期間終期,"更新
申請中",主たる事務所,法人名,URL
1,ゴールドリボン・ネットワーク,松井　秀文,平成24年10月16日,令和4年10月15日,,東京都豊島区西池袋二丁目２１―８,ゴールドリボン・ネットワーク,http://www.seikatubunka.metro.tokyo.jp/houjin/npo_houjin/list/ledger/0007230.html
2,子どもに笑顔,松島　惠之,平成24年10月16日,令和4年10月15日,,東京都中央区銀座二丁目１３番１８号　アヴァンティーク銀座２丁目３０４号室,子どもに笑顔,http://www.seikatubunka.metro.tokyo.jp/houjin/npo_houjin/list/ledger/0008429.html
3,ジーエルエム・インスティチュート,西野　桂子,平成24年12月5日,令和4年12月4日,,東京都港区虎ノ門一丁目１番２１号　新虎ノ門実業会館５階,ジーエルエム・インスティチュート,http://www.seikatubunka.metro.tokyo.jp/houjin/npo_houjin/list/ledger/0001943.html
4,ＮＰＯ会計税務専門家ネットワーク,脇坂　誠也,平成24年12月5日,令和4年12月4日,,東京都江東区東陽三丁目８番５号　日向野ビル３階,ＮＰＯ会計税務専門家ネットワーク,http://www.seikatubunka.metro.tokyo.jp/houjin/npo_houjin/list/ledger/0003717.html
5,シャイン・オン・キッズ,ＦＯＲＳＹＴＨＥ　ＫＩＭＢＥＲＬＹ　ＡＮＮ,平成24年12月7日,令和4年12月6日,,東京都中央区日本橋本町三丁目３番６号,シャイン・オン・キッズ,http://www.seikatubunka.metro.tokyo.jp/houjin/npo_houjin/list/ledger/0005696.html
6,フローレンス,駒崎　弘樹,平成24年12月7日,令和4年12月6日,,東京都千代田区神田神保町一丁目１４番地１,フローレンス,http://www.seikatubunka.metro.tokyo.jp/houjin/npo_houjin/list/ledger/0091478.html
7,朴の会,野本　千佳子,平成24年12月14日,令和4年12月13日,,東京都文京区千駄木二丁目３６番１０号　１Ｆ,朴の会,http://www.seikatubunka.metro.tokyo.jp/houjin/npo_houjin/list/ledger/0012120.html
8,わだつみのこえ記念館,渡邊　總子,平成25年2月6日,令和5年2月5日,,東京都文京区本郷五丁目２９番１３号　赤門アビタシオン１階,わだつみのこえ記念館,http://www.seikatubunka.metro.tokyo.jp/houjin/npo_houjin/list/ledger/0004939.html
9,いきいきフォーラム草の根支援,宇野　眞人,平成25年2月18日,令和5年2月17日,,東京都文京区向丘一丁目７番８号　コミュニティスペースほのぼの内,いきいきフォーラム草の根支援,http://www.seikatubunka.metro.tokyo.jp/houjin/npo_houjin/list/ledger/0007119.html
10,文化学習協同ネットワーク,佐藤　洋作,平成25年3月4日,令和5年3月3日,,東京都三鷹市下連雀一丁目１４番３号　,文化学習協同ネットワーク,http://www.seikatubunka.metro.tokyo.jp/houjin/npo_houjin/list/ledger/0000255.html
11,健康生活推進会,仙石　紘二,平成25年3月5日,令和5年3月4日,,東京都目黒区下目黒三丁目７番３号　目黒Ｋビル２階,健康生活推進会,http://www.seikatubunka.metro.tokyo.jp/houjin/npo_houjin/list/ledger/0093334.html
12,環境文明二十一,藤村　コノヱ,平成25年3月6日,令和5年3月5日,,東京都大田区田園調布二丁目２４番２３－３０１号,環境文明二十一,http://www.seikatubunka.metro.tokyo.jp/houjin/npo_houjin/list/ledger/0006039.html
13,ＳＤＧｓ・プロミス・ジャパン,北岡　理恵子（鈴木りえこ）,平成25年3月11日,令和5年3月10日,,東京都文京区小石川四丁目１６番１３号　小石川パークタワー１０１,ＳＤＧｓ・プロミス・ジャパン,http://www.seikatubunka.metro.tokyo.jp/houjin/npo_houjin/list/ledger/0093025.html
14,ホープワールドワイド・ジャパン,加藤　敦,平成25年3月14日,令和5年3月13日,,東京都渋谷区笹塚二丁目１６番１号,ホープワールドワイド・ジャパン,http://www.seikatubunka.metro.tokyo.jp/houjin/npo_houjin/list/ledger/0000011.html
15,災害人道医療支援会,前川　和彦,平成25年4月1日,令和5年3月31日,,東京都世田谷区下馬一丁目３２番４号　アーデルホーフ今井２０１,災害人道医療支援会,http://www.seikatubunka.metro.tokyo.jp/houjin/npo_houjin/list/ledger/0001842.html
16,アースウォッチ・ジャパン,浦辺　徹郎,平成25年4月1日,令和5年3月31日,,東京都文京区弥生一丁目１番１号　東京大学大学院農学生命科学研究科　フードサイエンス棟４階,アースウォッチ・ジャパン,http://www.seikatubunka.metro.tokyo.jp/houjin/npo_houjin/list/ledger/0002447.html
17,市民福祉団体全国協議会,田中　尚輝,平成25年5月23日,令和5年5月22日,,東京都港区西新橋一丁目１９番６号,市民福祉団体全国協議会,http://www.seikatubunka.metro.tokyo.jp/houjin/npo_houjin/list/ledger/0090246.html
18,日本胃がん予知・診断・治療研究機構,三木　一正,平成25年5月29日,令和5年5月28日,,東京都港区白金一丁目１７番２号　白金タワーテラス棟６０９号室,日本胃がん予知・診断・治療研究機構,http://www.seikatubunka.metro.tokyo.jp/houjin/npo_houjin/list/ledger/0007358.html
19,認定特定非営利活動法人カタリバ,今村　久美,平成25年6月25日,令和5年6月24日,,東京都杉並区高円寺南三丁目６６番３号　高円寺コモンズ２０３,認定特定非営利活動法人カタリバ,http://www.seikatubunka.metro.tokyo.jp/houjin/npo_houjin/list/ledger/0005673.html
20,児童虐待防止全国ネットワーク,吉田　恒雄,平成25年7月8日,令和5年7月7日,,東京都世田谷区松原一丁目４５番１０号　ＫＴスクエアー４Ｂ号室,児童虐待防止全国ネットワーク,http://www.seikatubunka.metro.tokyo.jp/houjin/npo_houjin/list/ledger/0006704.html
21,ぱれっと,相馬　宏昭,平成25年7月10日,令和5年7月9日,,東京都渋谷区東二丁目１１番４号,ぱれっと,http://www.seikatubunka.metro.tokyo.jp/houjin/npo_houjin/list/ledger/0001680.html
22,国境なき医師団日本,加藤　寛幸,平成25年7月16日,令和5年7月15日,,東京都新宿区馬場下町１番地１　ＦＯＲＥＣＡＳＴ早稲田ＦＩＲＳＴ３階,国境なき医師団日本,http://www.seikatubunka.metro.tokyo.jp/houjin/npo_houjin/list/ledger/0000230.html
23,Ｃ．Ｐ．Ｉ．教育文化交流推進委員会,小西　菊文,平成25年7月17日,令和5年7月16日,,東京都三鷹市中原二丁目１６番９号,Ｃ．Ｐ．Ｉ．教育文化交流推進委員会,http://www.seikatubunka.metro.tokyo.jp/houjin/npo_houjin/list/ledger/0001674.html
24,病気の子ども支援ネット遊びのボランティア,坂上　和子,平成25年7月19日,令和5年7月18日,,東京都新宿区若松町１０番１号　ＹＳビル３０２号室,病気の子ども支援ネット遊びのボランティア,http://www.seikatubunka.metro.tokyo.jp/houjin/npo_houjin/list/ledger/0005585.html
25,おんがくの共同作業場,渡部　智也,平成25年7月31日,令和5年7月30日,,東京都立川市曙町二丁目２５番１号,おんがくの共同作業場,http://www.seikatubunka.metro.tokyo.jp/houjin/npo_houjin/list/ledger/0001901.html
26,ＩＣＡ文化事業協会,佐藤　静代,平成25年8月2日,令和5年8月1日,,東京都世田谷区祖師谷四丁目１番２２号　２階,ＩＣＡ文化事業協会,http://www.seikatubunka.metro.tokyo.jp/houjin/npo_houjin/list/ledger/0090298.html
27,東京都中途失聴・難聴者協会,新谷　友良,平成25年8月7日,令和5年8月6日,,東京都新宿区新宿二丁目１５番２５－２０２号,東京都中途失聴・難聴者協会,http://www.seikatubunka.metro.tokyo.jp/houjin/npo_houjin/list/ledger/0001647.html
28,ことばの道案内,市川　浩明,平成25年8月8日,令和5年8月7日,,東京都新宿区高田馬場一丁目４番２１―１０２,ことばの道案内,http://www.seikatubunka.metro.tokyo.jp/houjin/npo_houjin/list/ledger/0003705.html
29,あすなろの会,吉田　貞之,平成25年8月15日,令和5年8月14日,,東京都江東区白河一丁目２番１０号　藤和シティホームズ清澄庭園１階,あすなろの会,http://www.seikatubunka.metro.tokyo.jp/houjin/npo_houjin/list/ledger/0008294.html
30,健康と病いの語りディペックス・ジャパン,別府　宏圀,平成25年9月20日,令和5年9月19日,,東京都中央区東日本橋三丁目５番９号,健康と病いの語りディペックス・ジャパン,http://www.seikatubunka.metro.tokyo.jp/houjin/npo_houjin/list/ledger/0007867.html
31,健康医療評価研究機構,大木　孝太郎,平成25年10月9日,令和5年10月8日,,東京都中央区日本橋本町二丁目３番１１号　日本橋ライフサイエンスビルディング５階,健康医療評価研究機構,http://www.seikatubunka.metro.tokyo.jp/houjin/npo_houjin/list/ledger/0091820.html
32,グッドネーバーズ・ジャパン,福井　玲,平成25年11月8日,令和5年11月7日,,東京都大田区大森北二丁目１４番２号　大森クリエイトビル３階,グッドネーバーズ・ジャパン,http://www.seikatubunka.metro.tokyo.jp/houjin/npo_houjin/list/ledger/0006690.html
33,だれもがともに小平ネットワーク,藤内　昌信,平成25年11月27日,令和5年11月26日,,東京都小平市仲町２６９番地の１　サンハイム小山１０２,だれもがともに小平ネットワーク,http://www.seikatubunka.metro.tokyo.jp/houjin/npo_houjin/list/ledger/0001559.html
34,救急ヘリ病院ネットワーク,篠田　伸夫,平成25年12月5日,令和5年12月4日,,東京都千代田区一番町２５番地　全国町村議員会館内,救急ヘリ病院ネットワーク,http://www.seikatubunka.metro.tokyo.jp/houjin/npo_houjin/list/ledger/0090086.html
35,日本民家再生協会,保川　謙一,平成25年12月10日,令和5年12月9日,,東京都千代田区六番町1番地1,日本民家再生協会,http://www.seikatubunka.metro.tokyo.jp/houjin/npo_houjin/list/ledger/0001062.html
36,ＲＤＡ　Ｊａｐａｎ,中田　順寿,平成25年12月17日,令和5年12月16日,,東京都町田市真光寺町３０２番地２５,ＲＤＡ　Ｊａｐａｎ,http://www.seikatubunka.metro.tokyo.jp/houjin/npo_houjin/list/ledger/0000731.html
37,ブリッジ　エーシア　ジャパン,新石（根本）　悦子,平成26年1月8日,令和6年1月7日,,東京都渋谷区本町三丁目４８番２１―３０３号,ブリッジ　エーシア　ジャパン,http://www.seikatubunka.metro.tokyo.jp/houjin/npo_houjin/list/ledger/0000291.html
38,日本ポーテージ協会,清水　直治,平成26年1月8日,令和6年1月7日,,東京都杉並区和田三丁目５４番５号　第１０田中ビル３階３号室,日本ポーテージ協会,http://www.seikatubunka.metro.tokyo.jp/houjin/npo_houjin/list/ledger/0000469.html
39,ぶどうのいえ,大隈　廣,平成26年1月24日,令和6年1月23日,,東京都文京区弥生一丁目３番１２号,ぶどうのいえ,http://www.seikatubunka.metro.tokyo.jp/houjin/npo_houjin/list/ledger/0000458.html
40,綜合画像研究支援,大隅　正子,平成26年2月12日,令和6年2月11日,,東京都千代田区平河町一丁目７番５号,綜合画像研究支援,http://www.seikatubunka.metro.tokyo.jp/houjin/npo_houjin/list/ledger/0003939.html
41,ＪＨＰ・学校をつくる会,笹平　美江子,平成26年2月24日,令和6年2月23日,,東京都港区芝五丁目１４番２号,ＪＨＰ・学校をつくる会,http://www.seikatubunka.metro.tokyo.jp/houjin/npo_houjin/list/ledger/0000760.html
42,エンディングセンター,井上　治代,平成26年2月28日,令和6年2月27日,,東京都町田市真光寺二丁目１２番１１号,エンディングセンター,http://www.seikatubunka.metro.tokyo.jp/houjin/npo_houjin/list/ledger/0006601.html
43,日本国際ボランティアセンター,今井　高樹,平成26年3月3日,令和6年3月2日,,東京都台東区上野五丁目３番４号 ,日本国際ボランティアセンター,http://www.seikatubunka.metro.tokyo.jp/houjin/npo_houjin/list/ledger/0000053.html
44,バードリサーチ,植田　睦之,平成26年3月13日,令和6年3月12日,,東京都府中市住吉町一丁目２９番地の９,バードリサーチ,http://www.seikatubunka.metro.tokyo.jp/houjin/npo_houjin/list/ledger/0004102.html
45,やまぼうし,伊藤　勲,平成26年3月18日,令和6年3月17日,,東京都日野市多摩平二丁目１２番地２,やまぼうし,http://www.seikatubunka.metro.tokyo.jp/houjin/npo_houjin/list/ledger/0001494.html
46,ＤＰＩ日本会議,平野　みどり,平成26年3月20日,令和6年3月19日,,東京都千代田区神田錦町三丁目１１番地８　武蔵野ビル５階,ＤＰＩ日本会議,http://www.seikatubunka.metro.tokyo.jp/houjin/npo_houjin/list/ledger/0001331.html
47,ヒューマンライツ・ナウ,金　みつ子（申　惠?）,平成26年3月26日,令和6年3月25日,,東京都新宿区山吹町３３５　鈴木ビル４階,ヒューマンライツ・ナウ,http://www.seikatubunka.metro.tokyo.jp/houjin/npo_houjin/list/ledger/0007077.html
48,かものはしプロジェクト,本木　恵介,平成26年4月1日,令和6年3月31日,,東京都渋谷区広尾五丁目２３番５号　長谷部第一ビル４０２号,かものはしプロジェクト,http://www.seikatubunka.metro.tokyo.jp/houjin/npo_houjin/list/ledger/0004097.html
49,工芸技能研究所,和田　伊都子,平成26年4月17日,令和6年4月16日,,東京都日野市落川９９３番地　三榮ビル２階,工芸技能研究所,http://www.seikatubunka.metro.tokyo.jp/houjin/npo_houjin/list/ledger/0001618.html
50,コアネット,宮崎　顯作,平成26年4月22日,令和6年4月21日,,東京都品川区東五反田一丁目２５番１９号,コアネット,http://www.seikatubunka.metro.tokyo.jp/houjin/npo_houjin/list/ledger/0090474.html
51,言論ＮＰＯ,工藤　泰志,平成26年5月23日,令和6年5月22日,,東京都中央区湊一丁目１番１２号,言論ＮＰＯ,http://www.seikatubunka.metro.tokyo.jp/houjin/npo_houjin/list/ledger/0001399.html
52,水俣フォーラム,實川　裕太,平成26年5月26日,令和6年5月25日,,東京都新宿区高田馬場一丁目３４番１２号　竹内ローリエビル４０４号室,水俣フォーラム,http://www.seikatubunka.metro.tokyo.jp/houjin/npo_houjin/list/ledger/0001049.html
53,認定ＮＰＯ法人いきいきねっと,榎本　信哉,平成26年5月26日,令和6年5月25日,,東京都中央区日本橋茅場町一丁目８番５号　ＫＫビル６Ｆ,認定ＮＰＯ法人いきいきねっと,http://www.seikatubunka.metro.tokyo.jp/houjin/npo_houjin/list/ledger/0009581.html
54,ＪＥＮ,"川北　秀人
根本　信博（根本　昌廣）",平成26年6月2日,令和6年6月1日,,東京都港区赤坂七丁目５―２７　赤坂パインクレスト３０５号室,ＪＥＮ,http://www.seikatubunka.metro.tokyo.jp/houjin/npo_houjin/list/ledger/0000499.html
55,国連ＵＮＨＣＲ協会,田中　明彦,平成26年6月2日,令和6年6月1日,,東京都港区南青山六丁目１０番１１号,国連ＵＮＨＣＲ協会,http://www.seikatubunka.metro.tokyo.jp/houjin/npo_houjin/list/ledger/0000698.html
56,世界の子どもにワクチンを　日本委員会,剱持　睦子,平成26年6月20日,令和6年6月19日,,東京都港区三田四丁目１番９号,世界の子どもにワクチンを　日本委員会,http://www.seikatubunka.metro.tokyo.jp/houjin/npo_houjin/list/ledger/0002134.html
57,冒険遊び場の会,武藤　陽子,平成26年7月1日,令和6年6月30日,,東京都国分寺市泉町三丁目３７番３１号　サンエフビル４階,冒険遊び場の会,http://www.seikatubunka.metro.tokyo.jp/houjin/npo_houjin/list/ledger/0000395.html
58,スペシャルオリンピックス日本・東京,岡松　武司,平成26年7月1日,令和6年6月30日,,東京都新宿区西早稲田二丁目３番１８号　７５号室,スペシャルオリンピックス日本・東京,http://www.seikatubunka.metro.tokyo.jp/houjin/npo_houjin/list/ledger/0003686.html
59,日本ボランティアコーディネーター協会,唐木　理恵子,平成26年7月3日,令和6年7月2日,,東京都新宿区神楽坂二丁目１３番地　末よしビル別館３０Ｄ,日本ボランティアコーディネーター協会,http://www.seikatubunka.metro.tokyo.jp/houjin/npo_houjin/list/ledger/0001225.html
60,育て上げネット,工藤　啓,平成26年7月11日,令和6年7月10日,,東京都立川市高松町二丁目９番２２号　生活館ビル３階,育て上げネット,http://www.seikatubunka.metro.tokyo.jp/houjin/npo_houjin/list/ledger/0091527.html
61,パレスチナ子どものキャンペーン,北林　岳彦,平成26年7月25日,令和6年7月24日,,東京都新宿区下落合三丁目１２番２３号,パレスチナ子どものキャンペーン,http://www.seikatubunka.metro.tokyo.jp/houjin/npo_houjin/list/ledger/0000028.html
62,富士山世界遺産国民会議,青柳　正規,平成26年7月25日,令和6年7月24日,,東京都港区虎ノ門三丁目１１番１５号４階,富士山世界遺産国民会議,http://www.seikatubunka.metro.tokyo.jp/houjin/npo_houjin/list/ledger/0092103.html
63,ラリグラス・ジャパン,長谷川　純代　（長谷川　まり子）,平成26年7月28日,令和6年7月27日,,東京都港区白金三丁目１０番２１号,ラリグラス・ジャパン,http://www.seikatubunka.metro.tokyo.jp/houjin/npo_houjin/list/ledger/0009017.html
64,ワールド・ビジョン・ジャパン,小西　孝蔵,平成26年8月1日,令和6年7月31日,,東京都中野区本町一丁目３２番２号,ワールド・ビジョン・ジャパン,http://www.seikatubunka.metro.tokyo.jp/houjin/npo_houjin/list/ledger/0000168.html
65,まほろば教育事業団,山崎　文靖,平成26年8月7日,令和6年8月6日,,東京都目黒区青葉台四丁目５番地６号　ローヌ青葉台１０２,まほろば教育事業団,http://www.seikatubunka.metro.tokyo.jp/houjin/npo_houjin/list/ledger/0091961.html
66,ＮＰＯ法人アクト練馬たすけあいワーカーズエプロン,伊藤　裕重,平成26年8月12日,令和6年8月11日,,東京都練馬区石神井町八丁目５３番２４号,ＮＰＯ法人アクト練馬たすけあいワーカーズエプロン,http://www.seikatubunka.metro.tokyo.jp/houjin/npo_houjin/list/ledger/0000299.html
67,たんぽぽの会,"関谷　晶子
岩?　貞二",平成26年8月18日,令和6年8月17日,,東京都目黒区碑文谷四丁目３番１２号 メイサウンド碑文谷１０２,たんぽぽの会,http://www.seikatubunka.metro.tokyo.jp/houjin/npo_houjin/list/ledger/0001038.html
68,難民を助ける会,志邨　有紀枝,平成26年9月1日,令和6年8月31日,,東京都品川区上大崎二丁目１２番２号　ミズホビル７階,難民を助ける会,http://www.seikatubunka.metro.tokyo.jp/houjin/npo_houjin/list/ledger/0000746.html
69,自立生活サポートセンター・もやい,大西　連,平成26年9月1日,令和6年8月31日,,東京都新宿区山吹町３６２番地　みどりビル２階,自立生活サポートセンター・もやい,http://www.seikatubunka.metro.tokyo.jp/houjin/npo_houjin/list/ledger/0002507.html
70,災害福祉広域支援ネットワーク・サンダーバード,友保　洋三,平成26年9月8日,令和6年9月7日,,東京都北区田端一丁目１１番１号,災害福祉広域支援ネットワーク・サンダーバード,http://www.seikatubunka.metro.tokyo.jp/houjin/npo_houjin/list/ledger/0092544.html
71,環境経営学会,後藤　敏彦,平成26年9月24日,令和6年9月23日,,東京都千代田区飯田橋二丁目４番１０号　５階,環境経営学会,http://www.seikatubunka.metro.tokyo.jp/houjin/npo_houjin/list/ledger/0001523.html
72,野生生物保全論研究会,安藤　元一,平成26年9月25日,令和6年9月24日,,東京都武蔵野市境一丁目１１番１９号　モウトＡＰＴ１０２号,野生生物保全論研究会,http://www.seikatubunka.metro.tokyo.jp/houjin/npo_houjin/list/ledger/0000967.html
73,ピープルズ・ホープ・ジャパン,小田　晉吾,平成26年9月30日,令和6年9月29日,,東京都武蔵野市中町二丁目９番３２号 ,ピープルズ・ホープ・ジャパン,http://www.seikatubunka.metro.tokyo.jp/houjin/npo_houjin/list/ledger/0090031.html
74,グッド・エイジング・エールズ,松中　権,平成26年10月1日,令和1年9月30日,1,東京都渋谷区神宮前二丁目３３番１８号,グッド・エイジング・エールズ,http://www.seikatubunka.metro.tokyo.jp/houjin/npo_houjin/list/ledger/0008744.html
75,ＪＢＣ・ＣＳＲ基金,分林　保弘,平成26年10月3日,令和1年10月2日,1,東京都中央区銀座七丁目４番１２号　メディカルビル８階  ,ＪＢＣ・ＣＳＲ基金,http://www.seikatubunka.metro.tokyo.jp/houjin/npo_houjin/list/ledger/0006835.html
76,認定特定非営利活動法人Ｔｅａｃｈ　Ｆｏｒ　Ｊａｐａｎ,中原　健聡,平成26年10月3日,令和1年10月2日,1,東京都港区新橋六丁目１８番３号　中村ビル４階,認定特定非営利活動法人Ｔｅａｃｈ　Ｆｏｒ　Ｊａｐａｎ,http://www.seikatubunka.metro.tokyo.jp/houjin/npo_houjin/list/ledger/0008299.html
77,日本都市計画家協会,小林　英嗣,平成26年10月3日,令和6年10月2日,,東京都千代田区神田小川町二丁目１０番地　香取ビルアネックス２階,日本都市計画家協会,http://www.seikatubunka.metro.tokyo.jp/houjin/npo_houjin/list/ledger/0090418.html
78,風の子会,田中　あけみ,平成26年10月6日,令和1年10月5日,1,東京都港区海岸三丁目３番１８号　芝浦日新ビル５階,風の子会,http://www.seikatubunka.metro.tokyo.jp/houjin/npo_houjin/list/ledger/0000442.html
79,子宮頸がんを考える市民の会,渡部　享宏,平成26年10月6日,令和1年10月5日,1,東京都豊島区南大塚三丁目３６番７号　南大塚Ｔ＆Ｔビル６階,子宮頸がんを考える市民の会,http://www.seikatubunka.metro.tokyo.jp/houjin/npo_houjin/list/ledger/0004598.html
80,ファーストアクセス,大野　嘉久　,平成26年10月6日,令和1年10月5日,1,東京都中央区銀座一丁目１５番７号―３０３号室,ファーストアクセス,http://www.seikatubunka.metro.tokyo.jp/houjin/npo_houjin/list/ledger/0005432.html
81,メドゥサン・デュ・モンド　ジャポン,ＡＵＳＴＩＮ　ＧＡＥＬ　ＭＡＲＩＥ　ＣＨＲＩＳＴＯＰＨＥ,平成26年10月7日,令和6年10月6日,,東京都港区東麻布二丁目６番１０号,メドゥサン・デュ・モンド　ジャポン,http://www.seikatubunka.metro.tokyo.jp/houjin/npo_houjin/list/ledger/0000771.html
82,生態工房,安部　邦昭,平成26年10月9日,令和6年10月8日,,東京都武蔵野市吉祥寺本町四丁目９番地２２号　フラットＫ１０１,生態工房,http://www.seikatubunka.metro.tokyo.jp/houjin/npo_houjin/list/ledger/0090668.html
83,トリトン・アーツ・ネットワーク,長濱　力雄,平成26年11月21日,令和1年11月20日,1,東京都中央区晴海一丁目８番１０号,トリトン・アーツ・ネットワーク,http://www.seikatubunka.metro.tokyo.jp/houjin/npo_houjin/list/ledger/0001068.html
84,ジャパン・プラットフォーム,"小美野　剛
永井　秀哉",平成26年11月21日,令和1年11月20日,1,東京都千代田区麹町三丁目６番５号　麹町ＧＮ安田ビル４階,ジャパン・プラットフォーム,http://www.seikatubunka.metro.tokyo.jp/houjin/npo_houjin/list/ledger/0001123.html
85,自然環境復元協会,石川　晶生,平成26年11月21日,令和1年11月20日,1,東京都新宿区内藤町１番７号　ホヲトクビル２０１,自然環境復元協会,http://www.seikatubunka.metro.tokyo.jp/houjin/npo_houjin/list/ledger/0090183.html
86,ラオスのこども,Ｉｎｔｈａｖｏｎｇ　Ｃｈａｎｔｈａｓｏｎｅ（野口　チャンタソン）,平成26年11月26日,令和6年11月25日,,東京都大田区南馬込六丁目２９番１２号－３０３,ラオスのこども,http://www.seikatubunka.metro.tokyo.jp/houjin/npo_houjin/list/ledger/0002671.html
87,日本テニスウエルネス協会,松枝　禮,平成26年12月12日,令和1年12月11日,1,東京都世田谷区松原五丁目２３番２号,日本テニスウエルネス協会,http://www.seikatubunka.metro.tokyo.jp/houjin/npo_houjin/list/ledger/0090003.html
88,幼い難民を考える会,牛場　輝夫,平成26年12月16日,令和1年12月15日,1,東京都台東区台東一丁目１２番１１号　青木ビル２階Ａ室,幼い難民を考える会,http://www.seikatubunka.metro.tokyo.jp/houjin/npo_houjin/list/ledger/0001405.html
89,難民支援協会,伊藤　えり（石川　えり）,平成26年12月18日,令和6年12月17日,,東京都千代田区西神田二丁目５番２号　ＴＡＳビル４階,難民支援協会,http://www.seikatubunka.metro.tokyo.jp/houjin/npo_houjin/list/ledger/0000282.html
90,国境なき子どもたち,寺田　朗子,平成26年12月19日,令和1年12月18日,1,東京都新宿区下落合四丁目３番２２号,国境なき子どもたち,http://www.seikatubunka.metro.tokyo.jp/houjin/npo_houjin/list/ledger/0000757.html
91,ウォーターエイドジャパン,小寺　清,平成26年12月19日,令和1年12月18日,1,東京都墨田区亀沢二丁目１２番１１号　ＰＡＸ２１　３０１号,ウォーターエイドジャパン,http://www.seikatubunka.metro.tokyo.jp/houjin/npo_houjin/list/ledger/0010331.html
92,シェア＝国際保健協力市民の会,"本田　徹
仲佐　保",平成26年12月22日,令和6年12月21日,,東京都台東区東上野一丁目２０番地６号　丸幸ビル５階,シェア＝国際保健協力市民の会,http://www.seikatubunka.metro.tokyo.jp/houjin/npo_houjin/list/ledger/0001274.html
93,アジア教育友好協会,谷川　洋,平成26年12月25日,令和1年12月24日,1,東京都千代田区九段南二丁目３番２２号,アジア教育友好協会,http://www.seikatubunka.metro.tokyo.jp/houjin/npo_houjin/list/ledger/0006528.html
94,ＴＡＢＬＥ　ＦＯＲ　ＴＷＯ　Ｉｎｔｅｒｎａｔｉｏｎａｌ,"小暮　真久
安東　迪子",平成27年1月14日,令和2年1月13日,1,東京都港区赤坂９丁目６番３０－３０８号,ＴＡＢＬＥ　ＦＯＲ　ＴＷＯ　Ｉｎｔｅｒｎａｔｉｏｎａｌ,http://www.seikatubunka.metro.tokyo.jp/houjin/npo_houjin/list/ledger/0092835.html
95,ＨＡＮＤＳ（Ｈｅａｌｔｈ　ａｎｄ　Ｄｅｖｅｌｏｐｍｅｎｔ　Ｓｅｒｖｉｃｅ）,横田　雅史,平成27年1月19日,令和2年1月18日,1,東京都台東区東上野一丁目２０番６号　丸幸ビル３階,ＨＡＮＤＳ（Ｈｅａｌｔｈ　ａｎｄ　Ｄｅｖｅｌｏｐｍｅｎｔ　Ｓｅｒｖｉｃｅ）,http://www.seikatubunka.metro.tokyo.jp/houjin/npo_houjin/list/ledger/0000981.html
96,ＡＣＥ,尾上　由香,平成27年1月19日,令和2年1月18日,1,東京都台東区東上野一丁目６番４号　あつきビル３階,ＡＣＥ,http://www.seikatubunka.metro.tokyo.jp/houjin/npo_houjin/list/ledger/0004956.html
97,環境リレーションズ研究所,伊東　敦子,平成27年1月23日,令和2年1月22日,1,東京都千代田区神田小川町二丁目３番地１２,環境リレーションズ研究所,http://www.seikatubunka.metro.tokyo.jp/houjin/npo_houjin/list/ledger/0091187.html
98,フレンズ・オヴ・アニマルズ,鎌田　舞,平成27年1月28日,令和2年1月27日,1,東京都町田市上小山田町１６４番地２　舘田方,フレンズ・オヴ・アニマルズ,http://www.seikatubunka.metro.tokyo.jp/houjin/npo_houjin/list/ledger/0007407.html
99,ＢＨＮテレコム支援協議会,赤羽根　靖隆,平成27年2月27日,令和2年2月26日,1,東京都台東区上野五丁目２４番１１号　ＮＴＴ上野ビル,ＢＨＮテレコム支援協議会,http://www.seikatubunka.metro.tokyo.jp/houjin/npo_houjin/list/ledger/0090056.html
100,ふるさと東京を考える実行委員会,関口　雄三,平成27年3月4日,令和2年3月3日,,東京都江戸川区中葛西六丁目７番１２号　ビッグバン株式会社内,ふるさと東京を考える実行委員会,http://www.seikatubunka.metro.tokyo.jp/houjin/npo_houjin/list/ledger/0005797.html
101,国際ビフレンダーズ東京自殺防止センター,吉岡　尚文,平成27年3月10日,令和2年3月9日,1,東京都新宿区大久保三丁目１０番１号,国際ビフレンダーズ東京自殺防止センター,http://www.seikatubunka.metro.tokyo.jp/houjin/npo_houjin/list/ledger/0001210.html
102,リブ・フォー・ライフ美奈子基金,服部　克久,平成27年3月10日,令和2年3月9日,,東京都渋谷区広尾五丁目２４番３号　ハイシティ広尾Ⅰ―３０１,リブ・フォー・ライフ美奈子基金,http://www.seikatubunka.metro.tokyo.jp/houjin/npo_houjin/list/ledger/0006637.html
103,日本障害者協議会,藤井　克?,平成27年3月10日,令和2年3月9日,1,東京都新宿区戸山一丁目２２番１号　公益財団法人日本障害者リハビリテーション協会内,日本障害者協議会,http://www.seikatubunka.metro.tokyo.jp/houjin/npo_houjin/list/ledger/0009577.html
104,全国骨髄バンク推進連絡協議会,田中　重勝,平成27年3月13日,令和2年3月12日,1,東京都千代田区東神田一丁目３番４号　ＫＴビル３階,全国骨髄バンク推進連絡協議会,http://www.seikatubunka.metro.tokyo.jp/houjin/npo_houjin/list/ledger/0000569.html
105,東京盲ろう者友の会,藤鹿　一之,平成27年3月17日,令和2年3月16日,1,東京都台東区浅草橋一丁目３２番６号　コスモス浅草橋酒井ビル,東京盲ろう者友の会,http://www.seikatubunka.metro.tokyo.jp/houjin/npo_houjin/list/ledger/0001252.html
106,さわやか青少年センター,有馬　正史,平成27年3月19日,令和2年3月18日,1,東京都杉並区上荻一丁目１８番６―５０１号,さわやか青少年センター,http://www.seikatubunka.metro.tokyo.jp/houjin/npo_houjin/list/ledger/0009593.html
107,グリーフケア・サポートプラザ,飯森　眞喜雄,平成27年3月26日,令和2年3月25日,1,東京都港区赤坂九丁目２番６号　カルム第２赤坂１０３,グリーフケア・サポートプラザ,http://www.seikatubunka.metro.tokyo.jp/houjin/npo_houjin/list/ledger/0001455.html
108,東京ノーヴイ・レパートリーシアター,岡?　弘司,平成27年3月27日,令和2年3月26日,1,東京都世田谷区北沢二丁目１３番６号　第１マツヤビル３Ｆ,東京ノーヴイ・レパートリーシアター,http://www.seikatubunka.metro.tokyo.jp/houjin/npo_houjin/list/ledger/0002657.html
109,パレスチナの子どもの里親運動,秋本　悦男,平成27年3月30日,令和2年3月29日,1,東京都新宿区高田馬場三丁目２１番１９号　白雲荘１０３号室,パレスチナの子どもの里親運動,http://www.seikatubunka.metro.tokyo.jp/houjin/npo_houjin/list/ledger/0010170.html
110,日本を美しくする会,利　哲雄,平成27年3月31日,令和2年3月30日,1,東京都新宿区西新宿六丁目１２番６―６０１号,日本を美しくする会,http://www.seikatubunka.metro.tokyo.jp/houjin/npo_houjin/list/ledger/0006684.html
111,日本地雷処理を支援する会,鈴木　純治,平成27年4月1日,令和2年3月31日,1,東京都千代田区九段南三丁目８番１０号　川内ビル１０階,日本地雷処理を支援する会,http://www.seikatubunka.metro.tokyo.jp/houjin/npo_houjin/list/ledger/0001826.html
112,チャイルド・ファンド・ジャパン,長山　信夫,平成27年4月1日,令和2年3月31日,1,東京都杉並区善福寺二丁目１７番５号,チャイルド・ファンド・ジャパン,http://www.seikatubunka.metro.tokyo.jp/houjin/npo_houjin/list/ledger/0004608.html
113,イーパーツ,佐々木　良一,平成27年4月9日,令和2年4月8日,1,東京都世田谷区三軒茶屋二丁目５５番８号,イーパーツ,http://www.seikatubunka.metro.tokyo.jp/houjin/npo_houjin/list/ledger/0001737.html
114,原子力資料情報室,"山口　幸夫
柴　邦生
伴　英幸",平成27年4月10日,令和2年4月9日,1,東京都中野区中央二丁目４８番４号　小倉ビル１階,原子力資料情報室,http://www.seikatubunka.metro.tokyo.jp/houjin/npo_houjin/list/ledger/0000094.html
115,東京コミュニティスクール,久保　一之,平成27年4月10日,令和2年4月9日,1,東京都中野区中野一丁目６２番１０号,東京コミュニティスクール,http://www.seikatubunka.metro.tokyo.jp/houjin/npo_houjin/list/ledger/0005739.html
116,東京都日本中国友好協会,宇都宮　徳一郎,平成27年4月27日,令和2年4月26日,1,東京都文京区本郷三丁目４番５号　ハイムお茶の水７階７０２号,東京都日本中国友好協会,http://www.seikatubunka.metro.tokyo.jp/houjin/npo_houjin/list/ledger/0000468.html
117,聖地のこどもを支える会,井上　弘子,平成27年4月27日,令和2年4月26日,1,東京都中野区東中野五丁目８番７号　ＮＥコート５０２号室,聖地のこどもを支える会,http://www.seikatubunka.metro.tokyo.jp/houjin/npo_houjin/list/ledger/0003273.html
118,ハートセービングプロジェクト,羽根田　紀幸,平成27年4月27日,令和2年4月26日,1,東京都世田谷区下馬五丁目１７番１２号,ハートセービングプロジェクト,http://www.seikatubunka.metro.tokyo.jp/houjin/npo_houjin/list/ledger/0007334.html
119,悠声会,鈴木　晄夫,平成27年4月30日,令和2年4月29日,1,東京都港区芝四丁目３―２　三田富洋ハイツ４１０,悠声会,http://www.seikatubunka.metro.tokyo.jp/houjin/npo_houjin/list/ledger/0008485.html
120,全国木材資源リサイクル協会連合会,藤枝　慎治,平成27年5月11日,令和2年5月10日,1,東京都中央区日本橋小伝馬町１６番８号,全国木材資源リサイクル協会連合会,http://www.seikatubunka.metro.tokyo.jp/houjin/npo_houjin/list/ledger/0003629.html
121,国際子ども権利センター,甲斐田　万智子,平成27年5月11日,令和2年5月10日,1,東京都台東区東上野一丁目２０番６号　丸幸ビル３階,国際子ども権利センター,http://www.seikatubunka.metro.tokyo.jp/houjin/npo_houjin/list/ledger/0008841.html
122,タートル,松坂　治男,平成27年5月19日,令和2年5月18日,1,東京都新宿区四谷本塩町２番５号　社会福祉法人日本盲人職能開発センター東京ワークショップ内,タートル,http://www.seikatubunka.metro.tokyo.jp/houjin/npo_houjin/list/ledger/0006861.html
123,山友会,大脇　甲哉,平成27年5月21日,令和2年5月20日,1,東京都台東区清川二丁目３２番８号,山友会,http://www.seikatubunka.metro.tokyo.jp/houjin/npo_houjin/list/ledger/0001633.html
124,ＥＳＡアジア教育支援の会,太田　直人,平成27年6月1日,令和2年5月31日,1,東京都狛江市東和泉一丁目２３番３号,ＥＳＡアジア教育支援の会,http://www.seikatubunka.metro.tokyo.jp/houjin/npo_houjin/list/ledger/0000394.html
125,Ｍａｌａｒｉａ　Ｎｏ　Ｍｏｒｅ　Ｊａｐａｎ,神余　隆博,平成27年6月1日,令和2年5月31日,1,東京都千代田区麹町三丁目７番地４　秩父屋ビル８階,Ｍａｌａｒｉａ　Ｎｏ　Ｍｏｒｅ　Ｊａｐａｎ,http://www.seikatubunka.metro.tokyo.jp/houjin/npo_houjin/list/ledger/0010312.html
126,Ｐｅａｃｅ　Ｆｉｅｌｄ　Ｊａｐａｎ,村橋　靖之,平成27年6月2日,令和2年6月1日,1,東京都千代田区神田神保町一丁目４０番地　豊明ビル３０１号,Ｐｅａｃｅ　Ｆｉｅｌｄ　Ｊａｐａｎ,http://www.seikatubunka.metro.tokyo.jp/houjin/npo_houjin/list/ledger/0003669.html
127,日本システム監査人協会,小野　修一,平成27年6月3日,令和2年6月2日,1,東京都中央区日本橋茅場町二丁目８番８号　共同ビル（市場通り）,日本システム監査人協会,http://www.seikatubunka.metro.tokyo.jp/houjin/npo_houjin/list/ledger/0001576.html
128,金融知力普及協会,金子　昌資,平成27年6月8日,令和2年6月7日,1,東京都中央区日本橋一丁目４番１号,金融知力普及協会,http://www.seikatubunka.metro.tokyo.jp/houjin/npo_houjin/list/ledger/0090679.html
129,日本ハビタット協会,中村　徹,平成27年7月1日,令和2年6月30日,,東京都千代田区隼町２―１２　藤和半蔵門コープ１０３号,日本ハビタット協会,http://www.seikatubunka.metro.tokyo.jp/houjin/npo_houjin/list/ledger/0090822.html
130,日本紛争予防センター,瀬谷　ルミ子,平成27年7月7日,令和2年7月6日,1,東京都新宿区改代町２６―１　三田村ビル２０３,日本紛争予防センター,http://www.seikatubunka.metro.tokyo.jp/houjin/npo_houjin/list/ledger/0001597.html
131,沖縄・球美の里,向井　雪子,平成27年7月7日,令和2年7月6日,,東京都新宿区高田馬場二丁目１９番７号　タックイレブン高田馬場７０２号室 ,沖縄・球美の里,http://www.seikatubunka.metro.tokyo.jp/houjin/npo_houjin/list/ledger/0009961.html
132,ＦｏＥ　Ｊａｐａｎ,ランダル・ヘルテン,平成27年7月9日,令和2年7月8日,,東京都板橋区小茂根一丁目２１―９,ＦｏＥ　Ｊａｐａｎ,http://www.seikatubunka.metro.tokyo.jp/houjin/npo_houjin/list/ledger/0001424.html
133,アーユス仏教国際協力ネットワーク,松本　智量,平成27年7月13日,令和2年7月12日,1,東京都江東区清澄三丁目６番８号,アーユス仏教国際協力ネットワーク,http://www.seikatubunka.metro.tokyo.jp/houjin/npo_houjin/list/ledger/0006362.html
134,ＮＰＯ法人ディック遺児奨学会,原田　隆之,平成27年7月15日,令和2年7月14日,,東京都港区浜松町一丁目２９番６号,ＮＰＯ法人ディック遺児奨学会,http://www.seikatubunka.metro.tokyo.jp/houjin/npo_houjin/list/ledger/0009660.html
135,サイド・バイ・サイド・インターナショナル,佐々木　浩二,平成27年8月7日,令和2年8月6日,,東京都中央区日本橋本町三丁目８番５号　日本橋本町松本ビル９階,サイド・バイ・サイド・インターナショナル,http://www.seikatubunka.metro.tokyo.jp/houjin/npo_houjin/list/ledger/0002283.html
136,Ａｓｈｉｔａ,植田　雅子,平成27年8月25日,令和2年8月24日,,東京都渋谷区恵比寿南二丁目２６番１―７０２号,Ａｓｈｉｔａ,http://www.seikatubunka.metro.tokyo.jp/houjin/npo_houjin/list/ledger/0010534.html
137,難病のこども支援全国ネットワーク,岡　明,平成27年8月27日,令和2年8月26日,1,東京都文京区本郷一丁目１５番４　文京尚学ビル６階,難病のこども支援全国ネットワーク,http://www.seikatubunka.metro.tokyo.jp/houjin/npo_houjin/list/ledger/0000236.html
138,１００万人のふるさと回帰・循環運動推進・支援センター,高橋　公,平成27年8月28日,令和2年8月27日,,東京都千代田区有楽町２―１０―１　東京交通会館８階,１００万人のふるさと回帰・循環運動推進・支援センター,http://www.seikatubunka.metro.tokyo.jp/houjin/npo_houjin/list/ledger/0090994.html
139,日本アレルギー友の会,武川　篤之,平成27年9月4日,令和2年9月3日,,東京都江東区住吉二丁目６番５号　インテグレート村上ビル３階,日本アレルギー友の会,http://www.seikatubunka.metro.tokyo.jp/houjin/npo_houjin/list/ledger/0001837.html
140,ＮＧＯブラジル人労働者支援センター,加藤　仁紀,平成27年10月1日,令和2年9月30日,,東京都多摩市永山四丁目２番地７―１０２,ＮＧＯブラジル人労働者支援センター,http://www.seikatubunka.metro.tokyo.jp/houjin/npo_houjin/list/ledger/0007549.html
141,ＮＰＯ法人ＪＫＳＫ女性の活力を社会の活力に,棚澤　青路,平成27年10月19日,令和2年10月18日,,東京都目黒区中目黒三丁目１２番５号,ＮＰＯ法人ＪＫＳＫ女性の活力を社会の活力に,http://www.seikatubunka.metro.tokyo.jp/houjin/npo_houjin/list/ledger/0001990.html
142,高木仁三郎市民科学基金,河合　弘之,平成27年10月20日,令和2年10月19日,,東京都新宿区四谷本塩町４番１５号　新井ビル３階,高木仁三郎市民科学基金,http://www.seikatubunka.metro.tokyo.jp/houjin/npo_houjin/list/ledger/0001308.html
143,日本雲南聯誼協会,初鹿野　惠蘭,平成27年10月26日,令和2年10月25日,,東京都新宿区市谷左内町２１番１３号,日本雲南聯誼協会,http://www.seikatubunka.metro.tokyo.jp/houjin/npo_houjin/list/ledger/0001010.html
144,チャリティー・アソシエーション,小栗　夏生,平成27年10月30日,令和2年10月29日,,東京都中央区銀座一丁目１４番５号,チャリティー・アソシエーション,http://www.seikatubunka.metro.tokyo.jp/houjin/npo_houjin/list/ledger/0092913.html
145,ワーク・ライフ・バランス　ラボ,中嶋　篤子,平成27年11月5日,令和2年11月4日,,東京都足立区舎人一丁目２５番９号,ワーク・ライフ・バランス　ラボ,http://www.seikatubunka.metro.tokyo.jp/houjin/npo_houjin/list/ledger/0008144.html
146,勉強レストランそうなんだ！！,福喜多　明子,平成27年11月13日,令和2年11月12日,,東京都北区上中里一丁目３０番１号,勉強レストランそうなんだ！！,http://www.seikatubunka.metro.tokyo.jp/houjin/npo_houjin/list/ledger/0005268.html
147,アジア・チャイルドケア・リーグ,渡邉　和代,平成27年11月16日,令和2年11月15日,,東京都中央区築地一丁目４番３―８０８,アジア・チャイルドケア・リーグ,http://www.seikatubunka.metro.tokyo.jp/houjin/npo_houjin/list/ledger/0005258.html
148,日本ＮＰＯセンター,萩原　なつ子,平成27年12月10日,令和2年12月9日,,東京都千代田区大手町二丁目２番１号　新大手町ビル２４５,日本ＮＰＯセンター,http://www.seikatubunka.metro.tokyo.jp/houjin/npo_houjin/list/ledger/0000021.html
149,外国人看護師・介護福祉士教育支援組織,青野　淳子,平成27年12月21日,令和2年12月20日,,東京都大田区東雪谷三丁目２０番７号　ワヨレット雪谷２０２,外国人看護師・介護福祉士教育支援組織,http://www.seikatubunka.metro.tokyo.jp/houjin/npo_houjin/list/ledger/0009510.html
150,高麗博物館,村野　繁,平成27年12月24日,令和2年12月23日,,東京都新宿区大久保一丁目１２番１号 第二韓国広場ビル,高麗博物館,http://www.seikatubunka.metro.tokyo.jp/houjin/npo_houjin/list/ledger/0001758.html
151,ホームケアエクスパーツ協会,酒井　忠昭,平成27年12月24日,令和2年12月23日,,東京都世田谷区代田六丁目６番９号　アルコーブ下北沢Ｂ１,ホームケアエクスパーツ協会,http://www.seikatubunka.metro.tokyo.jp/houjin/npo_houjin/list/ledger/0006371.html
152,カンボジアの健康及び教育と地域を支援する会,永井　厚,平成27年12月28日,令和2年12月27日,,東京都新宿区四谷四丁目三番二十九号　伸治ビル４階 ,カンボジアの健康及び教育と地域を支援する会,http://www.seikatubunka.metro.tokyo.jp/houjin/npo_houjin/list/ledger/0090658.html
153,富士山測候所を活用する会,畠山　史郎,平成28年1月8日,令和3年1月7日,,東京都千代田区麹町一丁目６番地９　ＤＩＫ麹町ビル９０１ ,富士山測候所を活用する会,http://www.seikatubunka.metro.tokyo.jp/houjin/npo_houjin/list/ledger/0092261.html
154,シーズ・市民活動を支える制度をつくる会,関口　宏聡,平成28年1月13日,令和3年1月12日,,東京都中野区上鷺宮三丁目１３番１号　鷺宮ガーデンハウスＡ２,シーズ・市民活動を支える制度をつくる会,http://www.seikatubunka.metro.tokyo.jp/houjin/npo_houjin/list/ledger/0007136.html
155,東京乾癬の会Ｐ－ＰＡＴ,大藏　由美,平成28年1月13日,令和3年1月12日,,東京都杉並区永福四丁目１番４号,東京乾癬の会Ｐ－ＰＡＴ,http://www.seikatubunka.metro.tokyo.jp/houjin/npo_houjin/list/ledger/0008680.html
156,みらいの森,ＣＯＸ　ＤＡＮＩＥＬ　ＯＣＯＮＮＥＬＬ,平成28年1月13日,令和3年1月12日,,東京都港区芝公園二丁目６番８号　日本女子会館６階ＯＷＬ,みらいの森,http://www.seikatubunka.metro.tokyo.jp/houjin/npo_houjin/list/ledger/0010375.html
157,日本若手精神科医の会,大矢　希,平成28年1月15日,令和3年1月14日,,東京都中央区日本橋茅場町一丁目９番２号　株式会社メセナフィールドアークス内,日本若手精神科医の会,http://www.seikatubunka.metro.tokyo.jp/houjin/npo_houjin/list/ledger/0007172.html
158,東京英語いのちの電話,ＫＮＵＤＳＥＮ　ＡＮＮＥ　ＢＩＬＬＥ,平成28年1月18日,令和3年1月17日,,東京都港区南青山六丁目１０番１１号　ウェスレーセンター２階 ,東京英語いのちの電話,http://www.seikatubunka.metro.tokyo.jp/houjin/npo_houjin/list/ledger/0092192.html
159,きらめき未来塾,住川　雅洋,平成28年1月21日,令和3年1月20日,,東京都新宿区西新宿六丁目６番２号,きらめき未来塾,http://www.seikatubunka.metro.tokyo.jp/houjin/npo_houjin/list/ledger/0012738.html
160,平尾昌晃ラブ＆ハーモニー基金,中村　良朗,平成28年2月15日,令和3年2月14日,,東京都港区西麻布一丁目３番１８号,平尾昌晃ラブ＆ハーモニー基金,http://www.seikatubunka.metro.tokyo.jp/houjin/npo_houjin/list/ledger/0001876.html
161,プラチナ・ギルドの会,奥山　俊一,平成28年2月22日,令和3年2月21日,,東京都新宿区西早稲田一丁目２２番３―１７０６号,プラチナ・ギルドの会,http://www.seikatubunka.metro.tokyo.jp/houjin/npo_houjin/list/ledger/0010748.html
162,チャイルドライン支援センター,"松江　比佐子
梅澤　元彦",平成28年2月25日,令和3年2月24日,,東京都新宿区天神町１４番　神楽坂藤井ビル５階,チャイルドライン支援センター,http://www.seikatubunka.metro.tokyo.jp/houjin/npo_houjin/list/ledger/0090353.html
163,アジア・コミュニティ・センター２１,伊藤　道雄,平成28年3月2日,令和3年3月1日,,東京都文京区本駒込二丁目１２番１３号　アジア文化会館内,アジア・コミュニティ・センター２１,http://www.seikatubunka.metro.tokyo.jp/houjin/npo_houjin/list/ledger/0008062.html
164,ＯｕｒＰｌａｎｅｔ－ＴＶ,白石　草,平成28年3月2日,令和3年3月1日,,東京都千代田区神田猿楽町二丁目２番３号　ＮＳビル２０２号室,ＯｕｒＰｌａｎｅｔ－ＴＶ,http://www.seikatubunka.metro.tokyo.jp/houjin/npo_houjin/list/ledger/0091892.html
165,ＴＡＭＡ音楽フォーラム,岡山　芳子,平成28年3月7日,令和3年3月6日,,東京都町田市東玉川学園一丁目６番２０号,ＴＡＭＡ音楽フォーラム,http://www.seikatubunka.metro.tokyo.jp/houjin/npo_houjin/list/ledger/0009276.html
166,日本がん臨床試験推進機構,?久　史麿,平成28年4月6日,令和3年4月5日,,東京都中央区銀座一丁目１４番５号　銀座ウイングビル北ウイング７階,日本がん臨床試験推進機構,http://www.seikatubunka.metro.tokyo.jp/houjin/npo_houjin/list/ledger/0002172.html
167,芸術と遊び創造協会,多田　千尋,平成28年4月6日,令和3年4月5日,,東京都新宿区四谷四丁目２０番１号,芸術と遊び創造協会,http://www.seikatubunka.metro.tokyo.jp/houjin/npo_houjin/list/ledger/0002409.html
168,ＡＰＥＸ,井上　斉,平成28年4月13日,令和3年4月12日,,東京都台東区根岸一丁目５番１２号,ＡＰＥＸ,http://www.seikatubunka.metro.tokyo.jp/houjin/npo_houjin/list/ledger/0003084.html
169,Ｏｈａｎａ,亀倉　順子,平成28年4月18日,令和3年4月17日,,東京都国分寺市新町一丁目１８番地９,Ｏｈａｎａ,http://www.seikatubunka.metro.tokyo.jp/houjin/npo_houjin/list/ledger/0004390.html
170,ＡＤＲＡ　Ｊａｐａｎ,柴田　俊生,平成28年4月18日,令和3年4月17日,,東京都渋谷区神宮前一丁目１１番１号,ＡＤＲＡ　Ｊａｐａｎ,http://www.seikatubunka.metro.tokyo.jp/houjin/npo_houjin/list/ledger/0091512.html
171,全国盲導犬施設連合会,井上　幸彦,平成28年4月28日,令和3年4月27日,,東京都新宿区住吉町５番１号　吉村ビル２階,全国盲導犬施設連合会,http://www.seikatubunka.metro.tokyo.jp/houjin/npo_houjin/list/ledger/0007238.html
172,ＪＵＯＮ　ＮＥＴＷＯＲＫ,生源寺　眞一,平成28年5月30日,令和3年5月29日,,東京都杉並区和田三丁目３０番２２号　大学生協会館５階,ＪＵＯＮ　ＮＥＴＷＯＲＫ,http://www.seikatubunka.metro.tokyo.jp/houjin/npo_houjin/list/ledger/0000275.html
173,エファジャパン,伊藤　道雄,平成28年6月14日,令和3年6月13日,,東京都千代田区九段南三丁目２番２号　九段宝生ビル３階,エファジャパン,http://www.seikatubunka.metro.tokyo.jp/houjin/npo_houjin/list/ledger/0004521.html
174,ハッスル,中田　建一郎,平成28年6月14日,令和3年6月13日,,東京都港区南青山一丁目１５番１９号　グランドメゾン乃木坂２０４号室,ハッスル,http://www.seikatubunka.metro.tokyo.jp/houjin/npo_houjin/list/ledger/0012967.html
175,福祉カフェテリア,林　幹高,平成28年7月12日,令和3年7月11日,,東京都日野市日野本町二丁目２０番地の８,福祉カフェテリア,http://www.seikatubunka.metro.tokyo.jp/houjin/npo_houjin/list/ledger/0000349.html
176,まちのすみかの会,青木　敏?,平成28年7月13日,令和3年7月12日,,東京都千代田区神田淡路町一丁目１５番１２,まちのすみかの会,http://www.seikatubunka.metro.tokyo.jp/houjin/npo_houjin/list/ledger/0092792.html
177,腎臓病早期発見推進機構,高橋　進,平成28年7月14日,令和3年7月13日,,東京都千代田区九段南四丁目６番９号,腎臓病早期発見推進機構,http://www.seikatubunka.metro.tokyo.jp/houjin/npo_houjin/list/ledger/0091924.html
178,Ｐ．Ｒ．Ｏ,吉田　篤史,平成28年7月22日,令和3年7月21日,,東京都杉並区上高井戸一丁目８番２０号　第１島田ビル３０１,Ｐ．Ｒ．Ｏ,http://www.seikatubunka.metro.tokyo.jp/houjin/npo_houjin/list/ledger/0009409.html
179,環境エネルギー政策研究所,飯田　哲也,平成28年7月28日,令和3年7月27日,,東京都新宿区四谷三栄町１６番１６号,環境エネルギー政策研究所,http://www.seikatubunka.metro.tokyo.jp/houjin/npo_houjin/list/ledger/0000956.html
180,認定特定非営利活動法人まちぽっと,佐々木　貴子,平成28年7月28日,令和3年7月27日,,東京都新宿区歌舞伎町二丁目１９番１３号　ＡＳＫビル５０１号,認定特定非営利活動法人まちぽっと,http://www.seikatubunka.metro.tokyo.jp/houjin/npo_houjin/list/ledger/0006821.html
181,中国帰国者・日中友好の会,池田　澄江,平成28年8月17日,令和3年8月16日,,東京都台東区台東三丁目３５番７号　ペガサスミシンビル１階,中国帰国者・日中友好の会,http://www.seikatubunka.metro.tokyo.jp/houjin/npo_houjin/list/ledger/0007387.html
182,キャンサーネットジャパン,吉武　哲,平成28年8月22日,令和3年8月21日,,東京都文京区湯島一丁目１０番２号　御茶ノ水Ｋ＆Ｋビル２階,キャンサーネットジャパン,http://www.seikatubunka.metro.tokyo.jp/houjin/npo_houjin/list/ledger/0001107.html
183,日本文化塾,鈴木　壽子,平成28年8月26日,令和3年8月25日,,東京都世田谷区奥沢八丁目２９番１４号,日本文化塾,http://www.seikatubunka.metro.tokyo.jp/houjin/npo_houjin/list/ledger/0008666.html
184,バイオ未来キッズ,西山　徹,平成28年8月30日,令和3年8月29日,,東京都中央区八丁堀二丁目３０番１６号　丸高八丁堀ビル２階,バイオ未来キッズ,http://www.seikatubunka.metro.tokyo.jp/houjin/npo_houjin/list/ledger/0008822.html
185,日本医療政策機構,黒川　清,平成28年9月1日,令和3年8月31日,,東京都千代田区大手町一丁目９番２号,日本医療政策機構,http://www.seikatubunka.metro.tokyo.jp/houjin/npo_houjin/list/ledger/0091510.html
186,ジャパンハート,吉岡　春菜,平成28年9月5日,令和3年9月4日,,東京都台東区台東一丁目３３番６号　セントオフィス秋葉原１０階,ジャパンハート,http://www.seikatubunka.metro.tokyo.jp/houjin/npo_houjin/list/ledger/0007461.html
187,棚田ネットワーク,中島　峯廣,平成28年10月17日,令和3年10月16日,,東京都新宿区西新宿七丁目１８番１６－７０４号,棚田ネットワーク,http://www.seikatubunka.metro.tokyo.jp/houjin/npo_houjin/list/ledger/0001989.html
188,市民シンクタンクひとまち社,工藤　春代,平成28年10月21日,令和3年10月20日,,東京都新宿区歌舞伎町二丁目１９番１３号　ＡＳＫビル,市民シンクタンクひとまち社,http://www.seikatubunka.metro.tokyo.jp/houjin/npo_houjin/list/ledger/0001783.html
189,サービスグラント,嵯峨　生馬,平成28年11月1日,令和3年10月31日,,東京都渋谷区渋谷一丁目２番１０号,サービスグラント,http://www.seikatubunka.metro.tokyo.jp/houjin/npo_houjin/list/ledger/0007814.html
190,消費者機構日本,"佐々木　幸孝
藤井　喜継",平成28年11月2日,令和3年11月1日,,東京都千代田区六番町１５　プラザエフ６階,消費者機構日本,http://www.seikatubunka.metro.tokyo.jp/houjin/npo_houjin/list/ledger/0091789.html
191,日本免疫学会,清野　宏,平成28年11月7日,令和3年11月6日,,東京都千代田区神田和泉町一番地４の２　ＫＵＭＡＫＩビル２Ｆ,日本免疫学会,http://www.seikatubunka.metro.tokyo.jp/houjin/npo_houjin/list/ledger/0004615.html
192,トラ・ゾウ保護基金,李（戸川）　久美,平成28年11月10日,令和3年11月9日,,東京都港区虎ノ門二丁目５番４号　末広ビル３階,トラ・ゾウ保護基金,http://www.seikatubunka.metro.tokyo.jp/houjin/npo_houjin/list/ledger/0008068.html
193,アトピッ子地球の子ネットワーク,吉澤　淳,平成28年11月30日,令和3年11月29日,,東京都新宿区高田馬場一丁目３４番１２号　竹内ローリエビル４０５,アトピッ子地球の子ネットワーク,http://www.seikatubunka.metro.tokyo.jp/houjin/npo_houjin/list/ledger/0003051.html
194,全国就労支援事業者機構,榊原　定征,平成28年12月19日,令和3年12月18日,,東京都渋谷区千駄ヶ谷五丁目１０番９号,全国就労支援事業者機構,http://www.seikatubunka.metro.tokyo.jp/houjin/npo_houjin/list/ledger/0007603.html
195,日本ファンドレイジング協会,鵜尾　雅隆,平成28年12月20日,令和3年12月19日,,東京都港区新橋五丁目７―１２　ひのき屋ビル７階,日本ファンドレイジング協会,http://www.seikatubunka.metro.tokyo.jp/houjin/npo_houjin/list/ledger/0008258.html
196,シャプラニール＝市民による海外協力の会,坂口　和隆,平成28年12月21日,令和3年12月20日,,東京都新宿区西早稲田二丁目３番１号,シャプラニール＝市民による海外協力の会,http://www.seikatubunka.metro.tokyo.jp/houjin/npo_houjin/list/ledger/0001234.html
197,礎の石孤児院,北野　直人,平成28年12月26日,令和3年12月25日,,東京都品川区西五反田一丁目１４番１号,礎の石孤児院,http://www.seikatubunka.metro.tokyo.jp/houjin/npo_houjin/list/ledger/0001487.html
198,ＬＳスコラ育英基金,中村　勝洋,平成28年12月26日,令和3年12月25日,,東京都世田谷区船橋一丁目２５番１５号,ＬＳスコラ育英基金,http://www.seikatubunka.metro.tokyo.jp/houjin/npo_houjin/list/ledger/0007757.html
199,経営支援ＮＰＯクラブ,山口　浩利,平成28年12月27日,令和3年12月26日,,東京都千代田区内神田一丁目５番１３号　内神田ＴＫビル１階,経営支援ＮＰＯクラブ,http://www.seikatubunka.metro.tokyo.jp/houjin/npo_houjin/list/ledger/0002126.html
200,国際協力ＮＧＯセンター,本木　恵介,平成28年12月28日,令和3年12月27日,,東京都新宿区西早稲田二丁目３番１８号　アバコビル,国際協力ＮＧＯセンター,http://www.seikatubunka.metro.tokyo.jp/houjin/npo_houjin/list/ledger/0000940.html
201,首都東京みなと創り研究会,高野　一男,平成29年1月19日,令和4年1月18日,,東京都練馬区西大泉三丁目１３番４４号,首都東京みなと創り研究会,http://www.seikatubunka.metro.tokyo.jp/houjin/npo_houjin/list/ledger/0005293.html
202,アジアキリスト教教育基金,荒谷　出,平成29年1月25日,令和4年1月24日,,東京都新宿区西早稲田二丁目３番１８号,アジアキリスト教教育基金,http://www.seikatubunka.metro.tokyo.jp/houjin/npo_houjin/list/ledger/0004344.html
203,よりどりみどり,藤堂　博徳,平成29年1月25日,令和4年1月24日,,東京都渋谷区千駄ヶ谷五丁目３番１２号,よりどりみどり,http://www.seikatubunka.metro.tokyo.jp/houjin/npo_houjin/list/ledger/0008288.html
204,ココロのバリアフリー計画,池田　君江,平成29年1月26日,令和4年1月25日,,東京都世田谷区上馬二丁目３３番３号,ココロのバリアフリー計画,http://www.seikatubunka.metro.tokyo.jp/houjin/npo_houjin/list/ledger/0010605.html
205,ミュージック・シェアリング,五嶋　みどり,平成29年2月3日,令和4年2月2日,,東京都千代田区隼町２番１２号７０８,ミュージック・シェアリング,http://www.seikatubunka.metro.tokyo.jp/houjin/npo_houjin/list/ledger/0002022.html
206,東京多摩いのちの電話,清水　康雄,平成29年2月3日,令和4年2月2日,,東京都国分寺市本町一丁目６番２号,東京多摩いのちの電話,http://www.seikatubunka.metro.tokyo.jp/houjin/npo_houjin/list/ledger/0006171.html
207,その人を中心とした認知症ケアを考える会,村田　康子,平成29年2月6日,令和4年2月5日,,東京都国立市富士見台一丁目７番地１―１５―４０６,その人を中心とした認知症ケアを考える会,http://www.seikatubunka.metro.tokyo.jp/houjin/npo_houjin/list/ledger/0007551.html
208,キャリア権推進ネットワーク,諏訪　康雄,平成29年3月2日,令和4年3月1日,,東京都千代田区神田平河町１番地　第３東ビル,キャリア権推進ネットワーク,http://www.seikatubunka.metro.tokyo.jp/houjin/npo_houjin/list/ledger/0010333.html
209,フリー・ザ・チルドレン・ジャパン,中島　早苗,平成29年3月13日,令和4年3月12日,,東京都世田谷区南烏山六丁目６番５号　安藤ビル３階,フリー・ザ・チルドレン・ジャパン,http://www.seikatubunka.metro.tokyo.jp/houjin/npo_houjin/list/ledger/0004095.html
210,ＣＦＦジャパン,安部　光彦,平成29年3月14日,令和4年3月13日,,東京都豊島区南大塚三丁目４５―７　ラインビル３０１,ＣＦＦジャパン,http://www.seikatubunka.metro.tokyo.jp/houjin/npo_houjin/list/ledger/0011468.html
211,Ｌｉｖｉｎｇ　ｉｎ　Ｐｅａｃｅ,"中里　晋三
?　軼群",平成29年3月15日,令和4年3月14日,,東京都中央区日本橋兜町５番１号　兜町第１平和ビル,Ｌｉｖｉｎｇ　ｉｎ　Ｐｅａｃｅ,http://www.seikatubunka.metro.tokyo.jp/houjin/npo_houjin/list/ledger/0007738.html
212,日本セルプセンター,高江　智和理,平成29年3月17日,令和4年3月16日,,東京都新宿区新宿一丁目１３番１号　大橋御苑駅ビル別館２階,日本セルプセンター,http://www.seikatubunka.metro.tokyo.jp/houjin/npo_houjin/list/ledger/0000802.html
213,多文化共生センター東京,枦木　典子,平成29年3月17日,令和4年3月16日,,東京都荒川区荒川四丁目１９番１号２階,多文化共生センター東京,http://www.seikatubunka.metro.tokyo.jp/houjin/npo_houjin/list/ledger/0005631.html
214,３ｋｅｙｓ,森山　誉恵,平成29年3月21日,令和4年3月20日,,東京都新宿区矢来町９８―１　スキップビル２Ｆ,３ｋｅｙｓ,http://www.seikatubunka.metro.tokyo.jp/houjin/npo_houjin/list/ledger/0093836.html
215,地球環境共生ネットワーク,比嘉　照夫,平成29年3月29日,令和4年3月28日,,東京都港区芝２丁目６番３号三宅ビル４階,地球環境共生ネットワーク,http://www.seikatubunka.metro.tokyo.jp/houjin/npo_houjin/list/ledger/0090723.html
216,おやじ日本,竹花　豊,平成29年4月5日,令和4年4月4日,,東京都渋谷区渋谷一丁目１８番２１号　渋谷区役所第二美竹分庁舎３階,おやじ日本,http://www.seikatubunka.metro.tokyo.jp/houjin/npo_houjin/list/ledger/0007694.html
217,希望の会,轟　浩美,平成29年4月6日,令和4年4月5日,,東京都渋谷区広尾五丁目１６番２号,希望の会,http://www.seikatubunka.metro.tokyo.jp/houjin/npo_houjin/list/ledger/0011657.html
218,ＮＰＯ現代の理論・社会フォーラム,古川　純,平成29年5月18日,令和4年5月17日,,東京都千代田区神田神保町三丁目１１番地　望月ビル３階 ,ＮＰＯ現代の理論・社会フォーラム,http://www.seikatubunka.metro.tokyo.jp/houjin/npo_houjin/list/ledger/0004907.html
219,ジャパン・カインドネス協会,松谷　高顕,平成29年6月7日,令和4年6月6日,,東京都国立市中一丁目１８－４１　栄ビル３０１号室,ジャパン・カインドネス協会,http://www.seikatubunka.metro.tokyo.jp/houjin/npo_houjin/list/ledger/0091069.html
220,スマイリングホスピタルジャパン,松本　惠里,平成29年7月27日,令和4年7月26日,,東京都杉並区高井戸東三丁目３番１５―３０８号　ライフパティオ浜田山,スマイリングホスピタルジャパン,http://www.seikatubunka.metro.tokyo.jp/houjin/npo_houjin/list/ledger/0010120.html
221,日本多発性硬化症協会,水谷　裕之,平成29年7月28日,令和4年7月27日,,東京都台東区寿四丁目１番２号,日本多発性硬化症協会,http://www.seikatubunka.metro.tokyo.jp/houjin/npo_houjin/list/ledger/0010053.html
222,ＡＲＵＮ　Ｓｅｅｄ,山岡　聡子,平成29年7月28日,令和4年7月27日,,東京都文京区本郷三丁目４０番１０号　三翔ビル本郷４階,ＡＲＵＮ　Ｓｅｅｄ,http://www.seikatubunka.metro.tokyo.jp/houjin/npo_houjin/list/ledger/0010969.html
223,トラッソス,江木　ひかり,平成29年8月3日,令和4年8月2日,,東京都江戸川区中央四丁目２０番１８号　米冨ハイツ１階,トラッソス,http://www.seikatubunka.metro.tokyo.jp/houjin/npo_houjin/list/ledger/0005361.html
224,アニマルライツセンター,吉田　千尋,平成29年8月18日,令和4年8月17日,,東京都渋谷区宇田川町１２番３号　ニュー渋谷コーポラス１００９,アニマルライツセンター,http://www.seikatubunka.metro.tokyo.jp/houjin/npo_houjin/list/ledger/0004144.html
225,がんサポートコミュニティー,渥美　隆之,平成29年9月1日,令和4年8月31日,,東京都港区虎ノ門３丁目１０番４号虎ノ門ガーデン２１４号室,がんサポートコミュニティー,http://www.seikatubunka.metro.tokyo.jp/houjin/npo_houjin/list/ledger/0090356.html
226,ストップ結核パートナーシップ日本,"森　亨
田中　慶司
白須　紀子",平成29年9月11日,令和4年9月10日,,東京都千代田区神田三崎町一丁目３番１２号　結核予防会内,ストップ結核パートナーシップ日本,http://www.seikatubunka.metro.tokyo.jp/houjin/npo_houjin/list/ledger/0093063.html
227,ＥＤＧＥ,藤堂　栄子,平成29年9月14日,令和4年9月13日,,東京都港区芝三丁目６番５号　ＫＳ芝公園ビル,ＥＤＧＥ,http://www.seikatubunka.metro.tokyo.jp/houjin/npo_houjin/list/ledger/0001356.html
228,キリスト教メンタル・ケア・センター,藤崎　義宣,平成29年9月15日,令和4年9月14日,,東京都渋谷区代々木二丁目３６番４号　代々木プリンスマンション１０２,キリスト教メンタル・ケア・センター,http://www.seikatubunka.metro.tokyo.jp/houjin/npo_houjin/list/ledger/0000544.html
229,ブリッジフォースマイル,林　恵子,平成29年9月22日,令和4年9月21日,,東京都千代田区大手町二丁目６番２号　株式会社パソナグループ内,ブリッジフォースマイル,http://www.seikatubunka.metro.tokyo.jp/houjin/npo_houjin/list/ledger/0004795.html
230,ｍａｇｇｉｅ’ｓ　ｔｏｋｙｏ,"秋山　正子
濱松　美穂",平成29年10月10日,令和4年10月9日,,東京都江東区豊洲六丁目４番１８号,ｍａｇｇｉｅ’ｓ　ｔｏｋｙｏ,http://www.seikatubunka.metro.tokyo.jp/houjin/npo_houjin/list/ledger/0011612.html
231,ＥＴＩＣ．,宮城　治男,平成29年10月16日,令和4年10月15日,,東京都渋谷区神南一丁目５番７号　ＡＰＰＬＥ　ＯＨＭＩビル,ＥＴＩＣ．,http://www.seikatubunka.metro.tokyo.jp/houjin/npo_houjin/list/ledger/0002378.html
232,フレンズ・ウィズアウト・ア・ボーダーＪＡＰＡＮ,赤尾　和美,平成29年10月16日,令和4年10月15日,,東京都中央区日本橋小伝馬町１６―８　共同ビル７Ｆ,フレンズ・ウィズアウト・ア・ボーダーＪＡＰＡＮ,http://www.seikatubunka.metro.tokyo.jp/houjin/npo_houjin/list/ledger/0002473.html
233,パルシック,"井上　禮子
中村　尚司",平成29年11月1日,令和4年10月31日,,東京都千代田区神田淡路町一丁目７番地１１　東洋ビル,パルシック,http://www.seikatubunka.metro.tokyo.jp/houjin/npo_houjin/list/ledger/0001775.html
234,日本ＢＰＷ連合会,平松　昌子,平成29年11月7日,令和4年11月6日,,東京都渋谷区代々木二丁目２１番１１号　婦選会館３０３号,日本ＢＰＷ連合会,http://www.seikatubunka.metro.tokyo.jp/houjin/npo_houjin/list/ledger/0007989.html
235,マドレボニータ,吉岡　正枝（吉岡　マコ）,平成29年11月16日,令和4年11月15日,,東京都渋谷区恵比寿一丁目１５番９号　シルク恵比寿４０３,マドレボニータ,http://www.seikatubunka.metro.tokyo.jp/houjin/npo_houjin/list/ledger/0007083.html
236,環の会,星野　寛美,平成29年12月4日,令和4年12月3日,,東京都新宿区下落合四丁目２３番１３号,環の会,http://www.seikatubunka.metro.tokyo.jp/houjin/npo_houjin/list/ledger/0000486.html
237,Ｈａｎｄｓ　Ｏｎ　Ｔｏｋｙｏ,Ｔｈｅｏｄｏｒｅ　Ｃ．Ｇｕｉｌｄ,平成29年12月6日,令和4年12月5日,,東京都港区六本木五丁目１６番４６号　ガーデニア六本木１０１号室,Ｈａｎｄｓ　Ｏｎ　Ｔｏｋｙｏ,http://www.seikatubunka.metro.tokyo.jp/houjin/npo_houjin/list/ledger/0007675.html
238,プレーパークせたがや,登坂　真人,平成29年12月25日,令和4年12月24日,,東京都世田谷区桜一丁目３１番２３号　Ｋ邸Ｂ棟,プレーパークせたがや,http://www.seikatubunka.metro.tokyo.jp/houjin/npo_houjin/list/ledger/0004579.html
239,Ｄｏｏｏｏｏｏｏｏ,銅冶　勇人,平成29年12月27日,令和4年12月26日,,東京都渋谷区恵比寿一丁目１６番地２６号　協和ビル２階,Ｄｏｏｏｏｏｏｏｏ,http://www.seikatubunka.metro.tokyo.jp/houjin/npo_houjin/list/ledger/0008737.html
240,日本防災士機構,?田　恒,平成30年1月5日,令和5年1月4日,,東京都千代田区一番町２５番地　全国町村議員会館５階,日本防災士機構,http://www.seikatubunka.metro.tokyo.jp/houjin/npo_houjin/list/ledger/0090702.html
241,ゆぎの里,上田　紘治,平成30年1月24日,令和5年1月23日,,東京都八王子市越野７７３番地,ゆぎの里,http://www.seikatubunka.metro.tokyo.jp/houjin/npo_houjin/list/ledger/0002661.html
242,なかよし会,岡?　昌史,平成30年2月19日,令和5年2月18日,,東京都三鷹市井の頭二丁目２１番１８号,なかよし会,http://www.seikatubunka.metro.tokyo.jp/houjin/npo_houjin/list/ledger/0002159.html
243,ももの会,大井　妙子,平成30年2月20日,令和5年2月19日,,東京都杉並区宮前三丁目１４番８号,ももの会,http://www.seikatubunka.metro.tokyo.jp/houjin/npo_houjin/list/ledger/0000364.html
244,アビリティクラブたすけあい練馬たすけあいワーカーズふろしき,馬渕　さおり,平成30年3月16日,令和5年3月15日,,東京都練馬区練馬四丁目１７番２号　グリンデル豊島園１０２,アビリティクラブたすけあい練馬たすけあいワーカーズふろしき,http://www.seikatubunka.metro.tokyo.jp/houjin/npo_houjin/list/ledger/0000326.html
245,開発教育協会,上條　直美,平成30年3月16日,令和5年3月15日,,東京都文京区小石川二丁目１７番４１号　富坂キリスト教センター２号館３階,開発教育協会,http://www.seikatubunka.metro.tokyo.jp/houjin/npo_houjin/list/ledger/0090963.html
246,多摩草むらの会,風間　美代子,平成30年3月26日,令和5年3月25日,,東京都多摩市鶴牧一丁目４番地の１０　アネックス鶴牧１０１,多摩草むらの会,http://www.seikatubunka.metro.tokyo.jp/houjin/npo_houjin/list/ledger/0003780.html
247,セカンドハーベスト・ジャパン,ＢＡＹＬＥＳ　ＪＯＨＮ　ＣＲＡＶＥＮ,平成30年4月11日,令和5年4月10日,,東京都台東区浅草橋四丁目５番１号　水田ビル１Ｆ,セカンドハーベスト・ジャパン,http://www.seikatubunka.metro.tokyo.jp/houjin/npo_houjin/list/ledger/0001926.html
248,ボルネオ保全トラスト・ジャパン,石田　?,平成30年4月11日,令和5年4月10日,,東京都品川区東品川一丁目２５番８号　東京サラヤビル２階,ボルネオ保全トラスト・ジャパン,http://www.seikatubunka.metro.tokyo.jp/houjin/npo_houjin/list/ledger/0007543.html
249,ノーモア・ヒバクシャ記憶遺産を継承する会,岩佐　幹三,平成30年4月11日,令和5年4月10日,,東京都千代田区六番町１５番地　プラザエフ６階,ノーモア・ヒバクシャ記憶遺産を継承する会,http://www.seikatubunka.metro.tokyo.jp/houjin/npo_houjin/list/ledger/0009680.html
250,バイオメディカルサイエンス研究会,瀬島　俊介,平成30年5月15日,令和5年5月14日,,東京都品川区上大崎二丁目２０番８号の３,バイオメディカルサイエンス研究会,http://www.seikatubunka.metro.tokyo.jp/houjin/npo_houjin/list/ledger/0000417.html
251,こころのビタミン研究所,栗原　弘美,平成30年6月6日,令和5年6月5日,,東京都港区三田三丁目１番５号　第一奈半利川ビル３階,こころのビタミン研究所,http://www.seikatubunka.metro.tokyo.jp/houjin/npo_houjin/list/ledger/0090486.html
252,まな市民後見セーフティーネット,毛利　陽子,平成30年6月7日,令和5年6月6日,,東京都港区六本木七丁目８番５－１００１号,まな市民後見セーフティーネット,http://www.seikatubunka.metro.tokyo.jp/houjin/npo_houjin/list/ledger/0001412.html
253,フェアトレード・ラベル・ジャパン,堀木　一男,平成30年6月7日,令和5年6月6日,,東京都中央区日本橋富沢町１１番地―６号　英守東京ビルディング３階,フェアトレード・ラベル・ジャパン,http://www.seikatubunka.metro.tokyo.jp/houjin/npo_houjin/list/ledger/0003337.html
254,日本子宮内膜症啓発会議,百枝　幹雄,平成30年7月4日,令和5年7月3日,,東京都中央区築地一丁目４番８号　築地ホワイトビル８０３　ストラメッド株式会社内,日本子宮内膜症啓発会議,http://www.seikatubunka.metro.tokyo.jp/houjin/npo_houjin/list/ledger/0011280.html
255,太陽光発電所ネットワーク,都筑　建,平成30年7月4日,令和5年7月3日,,東京都文京区湯島一丁目９番１０号　湯島ビル６０２号室,太陽光発電所ネットワーク,http://www.seikatubunka.metro.tokyo.jp/houjin/npo_houjin/list/ledger/0092181.html
256,ＲｅＢｉｔ,藥師　実芳,平成30年7月26日,令和5年7月25日,,東京都新宿区戸山一丁目１番５号　エールプラザ戸山台３０１号室,ＲｅＢｉｔ,http://www.seikatubunka.metro.tokyo.jp/houjin/npo_houjin/list/ledger/0010944.html
257,プラチナ美容塾,伊藤　文子,平成30年7月26日,令和5年7月25日,,東京都港区港南四丁目６番５―１４０２号,プラチナ美容塾,http://www.seikatubunka.metro.tokyo.jp/houjin/npo_houjin/list/ledger/0011225.html
258,コミュニティケアリンク東京,山?　章郎,平成30年7月27日,令和5年7月26日,,東京都小平市御幸町１３１番５号,コミュニティケアリンク東京,http://www.seikatubunka.metro.tokyo.jp/houjin/npo_houjin/list/ledger/0004911.html
259,夢職人,岩切　準,平成30年9月6日,令和5年9月5日,,東京都江東区亀戸六丁目５４番５号　小川ビル２階,夢職人,http://www.seikatubunka.metro.tokyo.jp/houjin/npo_houjin/list/ledger/0007161.html
260,岡崎研究所,茂田　宏,平成30年9月7日,令和5年9月6日,,東京都千代田区永田町二丁目９番８―５０５号 ,岡崎研究所,http://www.seikatubunka.metro.tokyo.jp/houjin/npo_houjin/list/ledger/0090776.html
261,きぼうのいえ,下条　裕章,平成30年10月1日,令和5年9月30日,,東京都台東区清川二丁目２９番１２号,きぼうのいえ,http://www.seikatubunka.metro.tokyo.jp/houjin/npo_houjin/list/ledger/0005618.html
262,ＰＩＥＣＥＳ,浅谷　いぶき,平成30年10月4日,令和5年10月3日,,東京都文京区本郷三丁目４０番１０号　三翔ビル本郷４Ｆ,ＰＩＥＣＥＳ,http://www.seikatubunka.metro.tokyo.jp/houjin/npo_houjin/list/ledger/0012187.html
263,しんぐるまざあず・ふぉーらむ,赤石千衣子,平成30年10月15日,令和5年10月14日,,東京都千代田区飯田橋一丁目８番９号　ニューシティハイツ飯田橋４０２,しんぐるまざあず・ふぉーらむ,http://www.seikatubunka.metro.tokyo.jp/houjin/npo_houjin/list/ledger/0090824.html
264,大学宇宙工学コンソーシアム,宮崎　康行,平成30年10月17日,令和5年10月16日,,東京都文京区弥生二丁目３番２号,大学宇宙工学コンソーシアム,http://www.seikatubunka.metro.tokyo.jp/houjin/npo_houjin/list/ledger/0002336.html
265,認定ＮＰＯ法人東京フィルメックス,市山　尚三,平成30年11月8日,令和5年11月7日,,東京都新宿区西新宿二丁目６番１号　新宿住友ビル４５Ｆ,認定ＮＰＯ法人東京フィルメックス,http://www.seikatubunka.metro.tokyo.jp/houjin/npo_houjin/list/ledger/0002215.html
266,女性のスペース「結」,西山　美幸,平成30年11月15日,令和5年11月14日,,東京都中野区上高田二丁目５８番１３号,女性のスペース「結」,http://www.seikatubunka.metro.tokyo.jp/houjin/npo_houjin/list/ledger/0002669.html
267,健康体操指導ワーカーズ,小川　葉子,平成30年11月19日,令和5年11月18日,,東京都国分寺市戸倉四丁目１０番地５２,健康体操指導ワーカーズ,http://www.seikatubunka.metro.tokyo.jp/houjin/npo_houjin/list/ledger/0005449.html
268,ＮＰＯ法人Ｔｒｙ　Ｆｉｅｌｄ,橋本　珠樹,平成30年11月21日,令和5年11月20日,,東京都新宿区高田馬場三丁目３５番１４号,ＮＰＯ法人Ｔｒｙ　Ｆｉｅｌｄ,http://www.seikatubunka.metro.tokyo.jp/houjin/npo_houjin/list/ledger/0011403.html
269,日本がん登録協議会,猿木　信裕,平成30年11月27日,令和5年11月26日,,東京都中央区銀座八丁目１９番１８号　第三東栄ビル５０３,日本がん登録協議会,http://www.seikatubunka.metro.tokyo.jp/houjin/npo_houjin/list/ledger/0008223.html
270,日本沙漠緑化実践協会,藤田　佳久,平成30年12月20日,令和5年12月19日,,東京都千代田区外神田五丁目５番５号　沼田ビル２階,日本沙漠緑化実践協会,http://www.seikatubunka.metro.tokyo.jp/houjin/npo_houjin/list/ledger/0009805.html
271,ｇｒｅｅｎ ｂｉｒｄ,福田　圭祐,平成30年12月26日,令和5年12月25日,,東京都渋谷区神宮前６丁目３５番３号－７３２ ,ｇｒｅｅｎ ｂｉｒｄ,http://www.seikatubunka.metro.tokyo.jp/houjin/npo_houjin/list/ledger/0092676.html
272,全国ストップ・ザ・ロコモ協議会,藤野　圭司,平成31年1月7日,令和6年1月6日,,東京都台東区台東四丁目２６番８号　御徒町台東ビル６階,全国ストップ・ザ・ロコモ協議会,http://www.seikatubunka.metro.tokyo.jp/houjin/npo_houjin/list/ledger/0010172.html
273,インターナショナル・セイル・アンド・パワー・アソシエーション・ジャパン,Ｒｏｂｅｒｔ　Ｓｅｎｄｏｈ,平成31年2月20日,令和6年2月19日,,東京都世田谷区奥沢六丁目３３番７号　内海ビルⅢ２０１号室,インターナショナル・セイル・アンド・パワー・アソシエーション・ジャパン,http://www.seikatubunka.metro.tokyo.jp/houjin/npo_houjin/list/ledger/0090398.html
274,認定特定非営利活動法人えどがわエコセンター,岩瀬　耕二,平成31年3月1日,令和6年2月29日,,東京都江戸川区船堀四丁目１番１号　江戸川区総合区民ホール内,認定特定非営利活動法人えどがわエコセンター,http://www.seikatubunka.metro.tokyo.jp/houjin/npo_houjin/list/ledger/0003617.html
275,一人一票実現国民会議,伊藤　真,平成31年3月18日,令和6年3月17日,,東京都渋谷区桜丘町１７番６号,一人一票実現国民会議,http://www.seikatubunka.metro.tokyo.jp/houjin/npo_houjin/list/ledger/0008952.html
276,フィリピン日系人リーガルサポートセンター,河合　弘之,平成31年3月20日,令和6年3月19日,,東京都新宿区四谷本塩町４番１５号　新井ビル３階 ,フィリピン日系人リーガルサポートセンター,http://www.seikatubunka.metro.tokyo.jp/houjin/npo_houjin/list/ledger/0003776.html
277,全国脊髄小脳変性症・多系統萎縮症友の会,中村　元子,平成31年3月22日,令和6年3月21日,,東京都豊島区北大塚二丁目７番２号　第６不二ハイツ１階６１Ｂ号室,全国脊髄小脳変性症・多系統萎縮症友の会,http://www.seikatubunka.metro.tokyo.jp/houjin/npo_houjin/list/ledger/0007475.html
278,ケニア・コイノニア友の会ジャパン,大井　満,平成31年3月28日,令和6年3月27日,,東京都板橋区板橋三丁目３２番１号　日本キリスト合同教会板橋教会内,ケニア・コイノニア友の会ジャパン,http://www.seikatubunka.metro.tokyo.jp/houjin/npo_houjin/list/ledger/0011653.html
279,多摩子ども劇場,春田　祐子,平成31年4月11日,令和6年4月10日,,東京都多摩市落合一丁目４６番地１　４階４０７号室,多摩子ども劇場,http://www.seikatubunka.metro.tokyo.jp/houjin/npo_houjin/list/ledger/0000740.html
280,アフリカゾウの涙,岡本　愛理　（山脇　愛理）,平成31年4月16日,令和6年4月15日,,東京都渋谷区渋谷三丁目２７番１１号,アフリカゾウの涙,http://www.seikatubunka.metro.tokyo.jp/houjin/npo_houjin/list/ledger/0011714.html
281,おもちゃの図書館全国連絡会,小泉　康代,平成31年4月26日,令和6年4月25日,,東京都荒川区東日暮里二丁目２５番１１号,おもちゃの図書館全国連絡会,http://www.seikatubunka.metro.tokyo.jp/houjin/npo_houjin/list/ledger/0011396.html
282,ハビタット・フォー・ヒューマニティ・ジャパン,メリン・ビルギッタ・セシリア,令和1年5月14日,令和6年5月13日,,東京都新宿区新宿五丁目１１番２５号　アソルティ新宿５丁目３０１,ハビタット・フォー・ヒューマニティ・ジャパン,http://www.seikatubunka.metro.tokyo.jp/houjin/npo_houjin/list/ledger/0092267.html
283,ベトナム簿記普及推進協議会,大武　健一郎,令和1年5月23日,令和6年5月22日,,東京都千代田区丸の内一丁目８番１号　丸の内トラストタワーＮ館８階　税理士法人山田＆パートナーズ内,ベトナム簿記普及推進協議会,http://www.seikatubunka.metro.tokyo.jp/houjin/npo_houjin/list/ledger/0007269.html
284,日本マンガ・アニメトキワ荘フォーラム,尾中　哲夫,令和1年6月10日,令和6年6月9日,,東京都豊島区南長?三丁目１６番６号　日本加除出版株式会社内,日本マンガ・アニメトキワ荘フォーラム,http://www.seikatubunka.metro.tokyo.jp/houjin/npo_houjin/list/ledger/0010337.html
285,グローバル・スポーツ・アライアンス,三浦　雄一郎,令和1年6月14日,令和6年6月13日,,東京都渋谷区南平台町４番８号　２０７,グローバル・スポーツ・アライアンス,http://www.seikatubunka.metro.tokyo.jp/houjin/npo_houjin/list/ledger/0090073.html
286,日本チョウ類保全協会,松村　行栄,令和1年6月18日,令和6年6月17日,,東京都品川区大井四丁目１番５―２０１,日本チョウ類保全協会,http://www.seikatubunka.metro.tokyo.jp/houjin/npo_houjin/list/ledger/0009247.html
287,ベトナム子ども基金,近藤　?,令和1年8月5日,令和6年8月4日,,東京都文京区本駒込二丁目１２番１３号　アジア文化会館内,ベトナム子ども基金,http://www.seikatubunka.metro.tokyo.jp/houjin/npo_houjin/list/ledger/0008054.html
288,ＣＥＳ,加藤　彰,令和1年8月7日,令和6年8月6日,,東京都八王子市南町５番１３号　八王子ローヤルマンション１階,ＣＥＳ,http://www.seikatubunka.metro.tokyo.jp/houjin/npo_houjin/list/ledger/0003752.html
289,日本伝統文化協議会,波多野　誠,令和1年8月8日,令和6年8月7日,,東京都三鷹市牟礼一丁目５番１５号,日本伝統文化協議会,http://www.seikatubunka.metro.tokyo.jp/houjin/npo_houjin/list/ledger/0091413.html
290,わんぱくクラブ育成会,宮本　実,令和1年9月6日,令和6年9月5日,,東京都世田谷区若林二丁目３９番２号,わんぱくクラブ育成会,http://www.seikatubunka.metro.tokyo.jp/houjin/npo_houjin/list/ledger/0000375.html
291,消費者スマイル基金,阿南　久,令和1年10月7日,令和6年10月6日,,東京都千代田区六番町１５,消費者スマイル基金,http://www.seikatubunka.metro.tokyo.jp/houjin/npo_houjin/list/ledger/0012604.html
292,ＡｆｒｉＭｅｄｉｃｏ,安齊　恵理,令和1年11月8日,令和6年11月7日,,東京都港区新橋六丁目１８―３　中村ビル,ＡｆｒｉＭｅｄｉｃｏ,http://www.seikatubunka.metro.tokyo.jp/houjin/npo_houjin/list/ledger/0011648.html
293,八王子つばめ塾,小宮　位之,令和1年11月13日,令和6年11月12日,,東京都八王子市元横山町一丁目１０番３号,八王子つばめ塾,http://www.seikatubunka.metro.tokyo.jp/houjin/npo_houjin/list/ledger/0010747.html
294,演劇倶楽部・座,松本　敬通（壤　晴彦）,令和1年11月14日,令和6年11月13日,,東京都新宿区新宿五丁目９番１１号　アルメリア新宿１Ｆ,演劇倶楽部・座,http://www.seikatubunka.metro.tokyo.jp/houjin/npo_houjin/list/ledger/0011459.html
295,ぷれいす東京,生島　嗣,令和1年12月3日,令和6年12月2日,,東京都新宿区高田馬場四丁目１１番５号三幸ハイツ４０３号,ぷれいす東京,http://www.seikatubunka.metro.tokyo.jp/houjin/npo_houjin/list/ledger/0000716.html
296,ジービーパートナーズ,松井　昭,令和1年12月6日,令和6年12月5日,,東京都港区新橋一丁目１８番２号　明宏ビル本館４階,ジービーパートナーズ,http://www.seikatubunka.metro.tokyo.jp/houjin/npo_houjin/list/ledger/0010606.html
297,マザーリンク・ジャパン,寝占　理絵,令和1年12月9日,令和6年12月8日,,東京都世田谷区三軒茶屋一丁目５番９号,マザーリンク・ジャパン,http://www.seikatubunka.metro.tokyo.jp/houjin/npo_houjin/list/ledger/0009981.html
298,全国災害ボランティア支援団体ネットワーク,栗田　暢之,令和1年12月9日,令和6年12月8日,,東京都千代田区大手町二丁目２番１号　新大手町ビル２６７―Ｂ,全国災害ボランティア支援団体ネットワーク,http://www.seikatubunka.metro.tokyo.jp/houjin/npo_houjin/list/ledger/0012294.html
299,キッズドア基金,松見　幸太郎,令和2年1月8日,令和7年1月7日,,東京都中央区新川二丁目１番地１１号　八重洲第１パークビル７Ｆ,キッズドア基金,http://www.seikatubunka.metro.tokyo.jp/houjin/npo_houjin/list/ledger/0012766.html
300,全世代,"石川　善樹
石濱　人樹
枝廣　映子　（大宅　映子）
尾身　茂
桐野　?明
?津　晶
堀田　力",令和2年1月9日,令和7年1月8日,,東京都千代田区九段南四丁目８番３２号,全世代,http://www.seikatubunka.metro.tokyo.jp/houjin/npo_houjin/list/ledger/0012048.html
301,日本水フォーラム,竹村　公太郎,令和2年2月3日,令和7年2月2日,,東京都中央区日本橋箱崎町５番４号　アライズ第２ビル６階 ,日本水フォーラム,http://www.seikatubunka.metro.tokyo.jp/houjin/npo_houjin/list/ledger/0003637.html
